image,blur_score,saturation_ratio,entropy_bits,noise_est,max_conf,boxes_conf_ge_0.25,uncertainty,condition,family,level,rank
b1d7b3ac-36f2d3b7.jpg,173.23403116310848,0.004651692708333334,7.353078782728009,0.48353753160388174,0.7898415923118591,3,0.21015840768814087,clean,none,0.0,0
b20d494a-cdebe83e.jpg,68.57488872002497,0.0019856770833333332,7.396974872212226,0.1914562397892938,0.6438112258911133,3,0.3561887741088867,clean,none,0.0,0
b231a630-c4522992.jpg,194.89179006872172,0.0002224392361111111,7.439780324615447,0.6308165528355706,0.8655744194984436,9,0.1344255805015564,clean,none,0.0,0
b25fdb41-4644e3f7.jpg,1058.3670203879979,0.0071723090277777775,7.502605415380281,1.9312196842186637,0.8842684030532837,4,0.11573159694671631,clean,none,0.0,0
b27d5dcb-856c0b43.jpg,266.50319747481046,0.018682725694444444,7.6783882450381595,0.7463961251155473,0.8046180009841919,8,0.1953819990158081,clean,none,0.0,0
b2afce7f-0cb9967a.jpg,320.40489249024466,0.008631727430555555,7.640930891446433,0.8110049430280081,0.8275561332702637,5,0.17244386672973633,clean,none,0.0,0
b2e431b6-332c438d.jpg,202.6681380831826,0.0003200954861111111,6.919405051422702,0.5457292412085437,0.9002813100814819,3,0.09971868991851807,clean,none,0.0,0
b2f4a409-5ddff11a.jpg,261.7512497496605,0.017938368055555556,7.299942601272917,0.7146855216802148,0.5075970888137817,4,0.49240291118621826,clean,none,0.0,0
b2fbf86d-d5de82a4.jpg,475.57805084708775,0.0003070746527777778,7.451637794957074,0.8619096810638929,0.861504852771759,13,0.13849514722824097,clean,none,0.0,0
b3110036-a32dc26e.jpg,530.5387641770352,0.015711805555555555,7.644102234072914,0.8145730119314208,0.9201721549034119,4,0.07982784509658813,clean,none,0.0,0
b3826fd8-774c2e0a.jpg,187.3348563355999,0.060987413194444444,7.180547523674658,0.5153116473030941,0.8415767550468445,16,0.15842324495315552,clean,none,0.0,0
b3875c8d-cc4081eb.jpg,384.2891079431416,0.010418836805555555,7.499691018687609,0.893986333675995,0.8837984204292297,10,0.11620157957077026,clean,none,0.0,0
b3a3d166-3a6a258d.jpg,142.5804431222692,0.00034505208333333333,7.433692689149453,0.4154412302411031,0.8688234686851501,3,0.13117653131484985,clean,none,0.0,0
b3c26aff-417063a0.jpg,349.29932665502764,0.010633680555555556,7.442289943535565,0.6749013485288916,0.8418789505958557,10,0.1581210494041443,clean,none,0.0,0
b3f3c908-baffb699.jpg,881.906558374418,0.00037109375,7.383227344182226,2.063974429563888,0.7062264680862427,4,0.2937735319137573,clean,none,0.0,0
b4110365-9ae12ee1.jpg,171.95227313273745,0.008830295138888888,7.362461994525376,0.43202999616744586,0.8280145525932312,5,0.1719854474067688,clean,none,0.0,0
b4543c78-db967acc.jpg,435.8207172215768,0.0009342447916666667,7.65985266278736,0.856861025191755,0.7926637530326843,3,0.20733624696731567,clean,none,0.0,0
b46478b0-167fe009.jpg,77.70336243132488,0.00016493055555555556,7.624219153636835,0.27430537013149525,0.42946651577949524,1,0.5705334842205048,clean,none,0.0,0
b46478b0-1eb55806.jpg,178.58673561977355,0.022222222222222223,7.622164308660175,0.4394306545858426,0.8058393597602844,14,0.19416064023971558,clean,none,0.0,0
b472aeb8-f6353af9.jpg,418.65714030238854,0.00862087673611111,7.368733098835696,1.1287820675387443,0.7339783906936646,6,0.26602160930633545,clean,none,0.0,0
b47f85d4-c6562257.jpg,277.5758376000251,0.005611979166666667,7.609171099044923,0.58038462831968,0.863006591796875,7,0.136993408203125,clean,none,0.0,0
b48c7b5f-cec3fed8.jpg,234.61129211685284,1.8446180555555556e-05,7.486420792028925,0.6606340810507435,0.8556108474731445,10,0.14438915252685547,clean,none,0.0,0
b49698d7-1999d598.jpg,125.342586395711,0.0023372395833333335,7.553080956436899,0.3842091313888364,0.8494071960449219,11,0.15059280395507812,clean,none,0.0,0
b4b1aa64-e3cbad0f.jpg,542.8296478546036,0.007163628472222222,7.545686069422764,1.0435276662999333,0.8858128786087036,18,0.11418712139129639,clean,none,0.0,0
b4ef573f-5122732a.jpg,305.03415526590226,0.00037434895833333336,7.501785831114481,0.7905487582806827,0.8527238965034485,6,0.1472761034965515,clean,none,0.0,0
b4f2a76c-3ce3d91e.jpg,298.576101516666,0.000771484375,7.529632118335586,0.5759246560116754,0.9612817764282227,6,0.038718223571777344,clean,none,0.0,0
b4f49565-abd6b20b.jpg,452.01679199350156,0.00052734375,7.61619191235655,0.9240674719326476,0.7374228239059448,13,0.2625771760940552,clean,none,0.0,0
b5032e1d-d2f24352.jpg,400.4576296191168,0.01873263888888889,7.554820429519431,0.8973101421523718,0.8684325814247131,12,0.13156741857528687,clean,none,0.0,0
b54735e3-4c968f67.jpg,254.8675182530616,0.006134982638888889,6.912860428793886,0.5985602902729266,0.934614896774292,9,0.06538510322570801,clean,none,0.0,0
b54a8089-d1989d8f.jpg,369.6184049626562,0.009659288194444445,7.4812021185845765,1.036810846020228,0.8975498080253601,15,0.10245019197463989,clean,none,0.0,0
b565c328-1e663060.jpg,317.7353736671154,0.01649197048611111,7.59375083456211,0.7114033717855226,0.8692393898963928,8,0.13076061010360718,clean,none,0.0,0
b5961057-5e258e5e.jpg,617.1733716649184,0.0018359375,7.62093527282763,1.2218079568657019,0.9015780687332153,10,0.09842193126678467,clean,none,0.0,0
b59d9baf-5fe6c3c0.jpg,276.3008615642958,0.012932942708333334,7.694229679396688,0.7420240228213694,0.722873330116272,13,0.277126669883728,clean,none,0.0,0
b5a52ea9-2e1f4066.jpg,170.02556733100676,1.5190972222222222e-05,7.465238125919328,0.6135307455042099,0.8335160613059998,3,0.16648393869400024,clean,none,0.0,0
b5b2f593-25b7b157.jpg,369.5609498109979,0.03582465277777778,7.712619781299591,0.7951942592448237,0.8644312024116516,6,0.1355687975883484,clean,none,0.0,0
b5b44d2d-60f87448.jpg,302.06616265959093,0.004165581597222222,7.577073262156161,0.6909692683629154,0.8303204774856567,15,0.16967952251434326,clean,none,0.0,0
b5c30297-f0b3279b.jpg,328.52812292016574,0.0047243923611111115,7.602500559941937,0.8117236104726983,0.8750379085540771,8,0.12496209144592285,clean,none,0.0,0
b690e7dd-1a1d38d1.jpg,689.90634143574,0.02181640625,7.487487967557381,1.3095723445616414,0.911596953868866,9,0.08840304613113403,clean,none,0.0,0
b72812e8-c636249b.jpg,401.14973503930344,0.03257486979166667,7.601295746183254,0.839638957766797,0.9372189044952393,9,0.06278109550476074,clean,none,0.0,0
b72b3974-9667b29a.jpg,507.91700947125724,0.017764756944444446,7.476925562302618,0.8609799890005052,0.7486385107040405,17,0.2513614892959595,clean,none,0.0,0
b736c477-fb345fa9.jpg,225.2844583865401,0.031864149305555554,7.596123960943848,0.5233237535379107,0.8131086230278015,2,0.1868913769721985,clean,none,0.0,0
b73a793e-ebf5917d.jpg,1251.3820678844877,0.009265407986111111,7.756007246029675,2.2391860989214134,0.7073823809623718,10,0.2926176190376282,clean,none,0.0,0
b7404583-b504d500.jpg,239.43198836358957,0.007928602430555556,7.545706115158637,0.6511580057513711,0.875758171081543,10,0.12424182891845703,clean,none,0.0,0
b74111eb-d21a119b.jpg,633.8956376082515,0.0023014322916666665,7.642611042557126,0.8192089519096013,0.898058295249939,17,0.10194170475006104,clean,none,0.0,0
b747b30e-991436c7.jpg,238.91338962872823,0.00038194444444444446,7.435188997382848,0.48241183932830584,0.6663676500320435,6,0.33363234996795654,clean,none,0.0,0
b784ff27-baf00daa.jpg,448.83834732043886,9.548611111111112e-05,7.402760764483579,0.7303573435244506,0.8906227946281433,9,0.10937720537185669,clean,none,0.0,0
b79307e6-6cfc1c5b.jpg,294.5336498277405,0.004957682291666667,7.612406776222685,0.7181431839600373,0.9071897864341736,3,0.09281021356582642,clean,none,0.0,0
b7d9a95e-f9901594.jpg,644.477930105888,0.012095269097222222,7.433751458598112,1.2307010396640128,0.89753258228302,11,0.10246741771697998,clean,none,0.0,0
b7eb6c3d-e1598570.jpg,311.4884731914085,0.04097222222222222,7.689936782181736,0.7313965316413371,0.8847161531448364,6,0.11528384685516357,clean,none,0.0,0
b7ec8e2f-b673fc33.jpg,188.8571417213675,1.4105902777777777e-05,7.340217764915222,0.3559709869973126,0.4161471128463745,1,0.5838528871536255,clean,none,0.0,0
b7f452e4-1e8b6f3a.jpg,150.03064656469564,0.0017805989583333333,7.667152115417416,0.4247575004894231,0.37102222442626953,3,0.6289777755737305,clean,none,0.0,0
b7fd2970-e46faf78.jpg,291.0839473210546,0.00920681423611111,7.711123257002852,0.763979233581772,0.9097874760627747,9,0.09021252393722534,clean,none,0.0,0
b89bf84d-d2c2e5a7.jpg,610.7452487973059,0.0009190538194444445,7.659165682635628,1.3203796733347384,0.8971378803253174,14,0.10286211967468262,clean,none,0.0,0
b8b15e54-2ccd7fd0.jpg,299.71737152082653,0.0005859375,7.640887862384948,0.6784093198062676,0.8848799467086792,18,0.1151200532913208,clean,none,0.0,0
b8c7c957-84df8251.jpg,88.24576157616505,0.0004416232638888889,7.551348771600258,0.3592524539644362,0.783771812915802,7,0.216228187084198,clean,none,0.0,0
b8ca6c5d-22de751a.jpg,404.15035722588465,0.0023741319444444443,7.39808701539374,0.9066054692885881,0.8748440742492676,8,0.12515592575073242,clean,none,0.0,0
b8e63e55-369d821c.jpg,187.207275095903,0.048838975694444446,7.135462848753186,0.4756356043501325,0.8979472517967224,14,0.10205274820327759,clean,none,0.0,0
b919f6f7-9c71d913.jpg,523.5075879999691,0.014529079861111112,7.693721406792674,0.9158527638524796,0.41712379455566406,3,0.5828762054443359,clean,none,0.0,0
b94daedc-7045933e.jpg,150.5320634886,0.10599392361111111,7.1436014753496995,0.5000746226775338,0.7673271894454956,7,0.2326728105545044,clean,none,0.0,0
b94f6bc8-32f10d36.jpg,353.4811488616367,0.0012847222222222223,7.577333799853261,0.6730806636310037,0.8501669764518738,11,0.14983302354812622,clean,none,0.0,0
b9597719-09a2458c.jpg,205.4057996532286,2.712673611111111e-05,7.435582141943909,0.652732836724563,0.7849928140640259,3,0.21500718593597412,clean,none,0.0,0
b9c2521e-2db68bde.jpg,333.75793289701545,7.921006944444444e-05,7.291629882738858,0.7129718287680743,0.8177089691162109,13,0.18229103088378906,clean,none,0.0,0
b9e4cb3d-975f9d1d.jpg,606.3008344182603,0.001144748263888889,7.473223190697989,1.52704971821226,0.8778189420700073,5,0.12218105792999268,clean,none,0.0,0
b9e4cb3d-98ed4484.jpg,140.35374305792794,0.00046223958333333333,7.481033302073632,0.483771092832343,0.8101781606674194,10,0.18982183933258057,clean,none,0.0,0
ba122c97-403fd75d.jpg,354.9109482701325,0.0002072482638888889,7.243338657692731,0.9713410840862855,0.890268862247467,10,0.10973113775253296,clean,none,0.0,0
ba41a907-1793986f.jpg,330.0146485064459,0.0002300347222222222,7.440070599964271,0.7092760524093332,0.8003620505332947,6,0.19963794946670532,clean,none,0.0,0
ba4bcdc5-3d4f7a56.jpg,198.51931067662647,0.04294053819444445,7.606565138202489,0.6225444788396401,0.8868576884269714,8,0.11314231157302856,clean,none,0.0,0
ba4d05f6-24c9c3cf.jpg,145.77112079154003,0.0013009982638888889,7.4674502191849825,0.3514327056614419,0.8224532008171082,6,0.17754679918289185,clean,none,0.0,0
bab692c9-3cd892ff.jpg,633.6622148164242,0.0003559027777777778,7.50951278058462,1.3641034279867927,0.8158701658248901,12,0.18412983417510986,clean,none,0.0,0
bab692c9-a16f15b4.jpg,867.121369660666,0.0009407552083333334,7.403809887072119,1.5541184629638174,0.8719097375869751,17,0.1280902624130249,clean,none,0.0,0
bae5905c-b009aff3.jpg,751.1140265984136,0.0004275173611111111,7.628067564678783,1.2977829659448974,0.7794381380081177,10,0.22056186199188232,clean,none,0.0,0
baf870f0-a1a64cd6.jpg,341.8566516524315,0.032942708333333334,7.665670723990531,0.7214471875369247,0.739337146282196,10,0.26066285371780396,clean,none,0.0,0
bb051d4e-49d5fed8.jpg,393.81674978802994,0.045430772569444444,7.482133941207389,1.0660660972039202,0.7772753834724426,5,0.22272461652755737,clean,none,0.0,0
bb4abf02-01cd2796.jpg,344.0315989769405,0.004401041666666667,7.510162315258883,0.6109438158743526,0.8039579391479492,6,0.19604206085205078,clean,none,0.0,0
bb725082-6cfb3269.jpg,213.92896699459874,0.007613932291666667,7.493084705287798,0.5655359618381303,0.9125834703445435,8,0.08741652965545654,clean,none,0.0,0
bb76c63a-f232154d.jpg,824.5412445708275,0.005036892361111111,7.522700195686848,1.6425065911724117,0.926963210105896,7,0.073036789894104,clean,none,0.0,0
bb9071ac-8e2bc8fe.jpg,193.83859781674516,0.0033604600694444446,7.628614272439637,0.4325296715051383,0.7609073519706726,7,0.2390926480293274,clean,none,0.0,0
bb9f498e-5ea84006.jpg,559.4658344178832,0.0024858940972222222,7.51915255524483,0.9864287752168452,0.8305593729019165,7,0.1694406270980835,clean,none,0.0,0
bb9f498e-62cc407e.jpg,752.581113479609,0.008325737847222223,7.716321752297954,1.6422982982639887,0.8689501285552979,9,0.13104987144470215,clean,none,0.0,0
bbb1289a-b49fe5de.jpg,140.37733804080997,0.0002756076388888889,7.32999577192661,0.35925996616769085,0.876258909702301,12,0.12374109029769897,clean,none,0.0,0
bc24f222-f198b643.jpg,244.87909152899732,0.0007508680555555555,7.607624848416377,0.5641209359159908,0.8640432357788086,1,0.1359567642211914,clean,none,0.0,0
bc5fadac-96776d48.jpg,131.8700528212547,0.006853298611111111,7.191929023217821,0.3082764638188942,0.5797197222709656,3,0.4202802777290344,clean,none,0.0,0
bc5fadac-fa6dd225.jpg,161.41471201705815,1.5190972222222222e-05,7.51121689050549,0.457780918354128,0.44665566086769104,2,0.553344339132309,clean,none,0.0,0
bcaa771b-806e4fcd.jpg,349.04853773789455,0.0004926215277777778,7.506853434046949,0.5633883822774057,0.5936596393585205,2,0.4063403606414795,clean,none,0.0,0
bcaf57de-8a71dbde.jpg,436.8588964299509,6.184895833333334e-05,7.371509614451522,0.8324340719180656,0.7791586518287659,10,0.22084134817123413,clean,none,0.0,0
bcfdd6af-c3d0b55a.jpg,201.69584171999705,0.01145724826388889,7.698960086379401,0.570156194482233,0.8652167916297913,3,0.13478320837020874,clean,none,0.0,0
bd338426-4b27de63.jpg,298.63752192978916,0.0009559461805555556,7.489398838651887,0.6676352268415091,0.809673547744751,8,0.19032645225524902,clean,none,0.0,0
bd5d35a0-1357b0da.jpg,185.12085637334067,0.008704427083333334,7.381355919121134,0.45289980737882,0.2829976975917816,1,0.7170023024082184,clean,none,0.0,0
bd8f4dfa-4e126a95.jpg,435.6373472085412,5.425347222222222e-05,7.508354430763394,1.0342942579299366,0.3414769768714905,1,0.6585230231285095,clean,none,0.0,0
bdfc0f1d-375eba4a.jpg,280.65400465432515,1.193576388888889e-05,7.410575098400274,0.8855865522247364,0.854102611541748,8,0.14589738845825195,clean,none,0.0,0
be047105-0662bd2d.jpg,410.8127591848857,0.009605034722222221,7.562079776056686,0.892502104426904,0.9016710519790649,7,0.09832894802093506,clean,none,0.0,0
be448414-11891b58.jpg,158.5877450199786,0.009817708333333333,7.517915404744524,0.4338661607568888,0.7784597277641296,10,0.22154027223587036,clean,none,0.0,0
be8590fa-9ab10ced.jpg,279.9078784745663,0.015143229166666666,7.285262530852204,0.7214310249178012,0.8012083172798157,9,0.19879168272018433,clean,none,0.0,0
beaa0c22-9f7d6767.jpg,656.3083463540912,0.0034136284722222224,7.381714477182665,1.6605140253012598,0.5027947425842285,4,0.4972052574157715,clean,none,0.0,0
beb87fd7-6120b637.jpg,564.5916113275023,0.034271918402777775,7.619814993775163,1.059986675988242,0.8918631672859192,7,0.10813683271408081,clean,none,0.0,0
bed001a8-2339fb95.jpg,218.86943750771283,0.00020073784722222221,7.242384096462158,0.5154623466532318,0.8758441209793091,7,0.12415587902069092,clean,none,0.0,0
bee1f0a4-22dbabcd.jpg,520.7696590101032,0.013299696180555556,7.62513124359414,1.324767482962994,0.6818023324012756,1,0.31819766759872437,clean,none,0.0,0
bfaca2bb-f1c305a8.jpg,914.0423607689648,0.0010796440972222223,7.631665443586839,1.718084136406682,0.9258582592010498,8,0.0741417407989502,clean,none,0.0,0
bfd64d5f-a12327b4.jpg,221.86644881184782,0.04482530381944445,7.508982222891742,0.7517737244332277,0.9172358512878418,16,0.0827641487121582,clean,none,0.0,0
bfd64d5f-d141be33.jpg,370.32839716508556,0.038940972222222224,7.335116021663026,0.8202954896712441,0.8715224862098694,17,0.12847751379013062,clean,none,0.0,0
c022e075-de13593a.jpg,39.84629952797597,3.2552083333333335e-06,7.226464813210774,0.23753313520022146,0.5676400661468506,1,0.4323599338531494,clean,none,0.0,0
c02d18db-023c1955.jpg,364.949351092002,0.015447048611111111,7.622760995958632,0.842145984871128,0.8520616292953491,12,0.14793837070465088,clean,none,0.0,0
c036f281-a0c90e9a.jpg,395.27809872413417,6.944444444444444e-05,7.349425180206639,0.9788510109156583,0.8603550791740417,8,0.13964492082595825,clean,none,0.0,0
c05767da-e6e016b5.jpg,222.57114726943857,0.0020594618055555557,7.660432263165847,0.6062427701346322,0.7027127742767334,8,0.2972872257232666,clean,none,0.0,0
c0677163-8371743a.jpg,63.63498480450195,0.009370659722222223,7.453412563386325,0.33330803563331746,0.8193464279174805,10,0.18065357208251953,clean,none,0.0,0
c0c954a7-0c7fa0bb.jpg,357.34998303391126,0.00019422743055555556,7.655316461463967,1.0315174744360085,0.8636288046836853,6,0.1363711953163147,clean,none,0.0,0
c0e24bac-d541b20d.jpg,196.99304842114873,0.010040147569444444,7.274696873403302,0.45142513911568943,0.734149694442749,4,0.265850305557251,clean,none,0.0,0
c0e74e90-9684bfc2.jpg,344.7974011152751,0.00010416666666666667,7.495444398243633,1.0302795543966594,0.6992468237876892,6,0.3007531762123108,clean,none,0.0,0
c11add12-bb59c2a1.jpg,790.0424316101061,0.0099609375,7.702315907729842,1.29991848045191,0.9291849136352539,2,0.0708150863647461,clean,none,0.0,0
c1211833-1ba939db.jpg,289.0671304672511,0.004476996527777778,7.737795142460946,0.6324380505259501,0.7822574377059937,9,0.21774256229400635,clean,none,0.0,0
c12e6924-5860d30a.jpg,250.8243109490241,0.02333767361111111,7.567802755966677,0.564264123062874,0.8369957804679871,9,0.16300421953201294,clean,none,0.0,0
c15c29a5-74788f46.jpg,866.8650106080185,0.0021451822916666668,7.574833694880645,1.5439494438248387,0.8898273706436157,18,0.11017262935638428,clean,none,0.0,0
c1757757-140fa8b6.jpg,348.4630719502345,0.013957248263888888,7.470738378592251,0.7225997416301988,0.9085686206817627,12,0.0914313793182373,clean,none,0.0,0
c197a2a7-20f63536.jpg,681.1170367095367,0.005543619791666667,7.52100373203789,1.630692854805721,0.5684078335762024,4,0.4315921664237976,clean,none,0.0,0
c197a2a7-5b960a7f.jpg,366.7568677017731,0.010132378472222222,7.081513407887554,0.9378682998814418,0.8416315317153931,12,0.15836846828460693,clean,none,0.0,0
c1a07cae-73529cf4.jpg,432.6089368803132,0.0036903211805555556,7.544444027047776,0.8213091818255696,0.699691653251648,4,0.30030834674835205,clean,none,0.0,0
c1b3582d-7a6b9124.jpg,431.9063091198944,0.00038736979166666667,7.6954151880512995,1.1502840420361193,0.8253154754638672,15,0.1746845245361328,clean,none,0.0,0
c1b3582d-b9c87c82.jpg,300.745721445285,0.006957465277777778,7.690814770180842,0.7278616985462628,0.783244788646698,7,0.216755211353302,clean,none,0.0,0
c1b5a91c-9e402e78.jpg,111.3483962598259,0.00815212673611111,7.443938804044547,0.38697999617716994,0.8380023241043091,11,0.16199767589569092,clean,none,0.0,0
c1bbc01a-42a391bd.jpg,344.90455725436266,0.015768229166666668,7.549351574187138,0.7461573281090602,0.8173478245735168,5,0.18265217542648315,clean,none,0.0,0
c1bd4140-1f2bd79e.jpg,325.65528532061046,0.001015625,7.349733728820806,0.780876682769122,0.8618377447128296,3,0.1381622552871704,clean,none,0.0,0
c1fdd182-0431866d.jpg,319.2743431492545,2.387152777777778e-05,7.494665755719039,0.9015342768066865,0.795335590839386,4,0.204664409160614,clean,none,0.0,0
c242b4b8-0dab228f.jpg,140.33687126193112,2.712673611111111e-05,7.566103051447856,0.3908558377714985,0.7330295443534851,4,0.2669704556465149,clean,none,0.0,0
c292800e-4290dbb9.jpg,481.42584696747485,0.013149956597222222,7.333213494368108,0.8662744987973391,0.7909809947013855,15,0.2090190052986145,clean,none,0.0,0
c2987e05-cb9bfcee.jpg,385.7707481410226,0.00020941840277777777,7.551616963707158,0.8887865231686737,0.6253004670143127,8,0.37469953298568726,clean,none,0.0,0
c29d13ba-67447c50.jpg,118.71845912542932,0.0007899305555555555,7.728091236509369,0.32077813588968807,0.8432765603065491,6,0.15672343969345093,clean,none,0.0,0
c2b457e5-36e3ecee.jpg,410.06666653856695,0.008448350694444445,7.673700351539193,0.7693354345023027,0.8559113144874573,7,0.14408868551254272,clean,none,0.0,0
c2d051a0-31c90f75.jpg,451.60647271711537,0.019686414930555556,7.729764250526252,0.8298655813325606,0.8024037480354309,8,0.1975962519645691,clean,none,0.0,0
c2f88368-4292c1a0.jpg,350.37485675710036,6.727430555555556e-05,7.607735224110984,0.7678753353606357,0.8933218121528625,6,0.10667818784713745,clean,none,0.0,0
c2f8b141-5ef7d661.jpg,726.3369552371129,0.013068576388888888,7.568596844350319,1.5187694490855064,0.8882280588150024,6,0.11177194118499756,clean,none,0.0,0
c30226a9-f882478c.jpg,503.7992581168178,0.010999348958333334,7.684411575499883,0.7511101464790712,0.8809460401535034,6,0.11905395984649658,clean,none,0.0,0
c3287e28-f6bcc9ef.jpg,301.536216818534,6.944444444444444e-05,7.696243743518213,0.9162208618119551,0.8580994606018066,5,0.14190053939819336,clean,none,0.0,0
c3436372-070af78a.jpg,495.46156033210286,0.020988498263888888,7.739278130569882,1.3490797044051586,0.46223288774490356,1,0.5377671122550964,clean,none,0.0,0
c3436372-eb18934d.jpg,204.81099386765746,8.463541666666667e-05,7.5230807334664505,0.5644214240461748,0.6245724558830261,2,0.3754275441169739,clean,none,0.0,0
c352d9c5-d0019b8b.jpg,283.0077237079467,0.022392578125,7.687445571777181,0.6920956435660599,0.8482612371444702,7,0.15173876285552979,clean,none,0.0,0
c3668a3d-22233f64.jpg,295.280040146438,0.0031119791666666665,7.432160957616848,0.5836075911584268,0.8300788998603821,7,0.16992110013961792,clean,none,0.0,0
c366973d-c03525b0.jpg,628.9665229948527,0.0009733072916666667,7.557658919193818,1.0592561711323627,0.814950168132782,7,0.18504983186721802,clean,none,0.0,0
c3804a06-26cf84ff.jpg,1039.9326444071028,0.0017437065972222222,7.454201296773062,2.133959025653846,0.899881899356842,4,0.10011810064315796,clean,none,0.0,0
c389631f-a4b2d909.jpg,493.5113735304643,0.0001486545138888889,7.563462647988047,1.3543398401810396,0.15102609992027283,0,0.8489739000797272,clean,none,0.0,0
c389631f-b7bb20cb.jpg,491.3956830398551,8.029513888888889e-05,7.546009553724428,1.0709344601979478,0.5069355964660645,2,0.49306440353393555,clean,none,0.0,0
c39ddb2c-db949106.jpg,303.9479410380788,0.0031846788194444444,7.287133394835244,0.6618446839873487,0.8720706701278687,16,0.12792932987213135,clean,none,0.0,0
c3c28990-04db5664.jpg,420.4750394807497,0.005158420138888889,7.5944107269678724,0.9399605623091097,0.8783811926841736,9,0.12161880731582642,clean,none,0.0,0
c3e87419-dd6f2321.jpg,21.59224474526747,0.013627387152777778,7.388889351916023,0.2137089793270832,0.8551144003868103,5,0.1448855996131897,clean,none,0.0,0
c41203a6-f2bee3f0.jpg,505.837034401353,0.015412326388888889,7.67891649241436,1.1707281617297327,0.8404742479324341,6,0.15952575206756592,clean,none,0.0,0
c414ea72-128822b2.jpg,413.9012432987533,0.00032877604166666667,7.42245856197701,0.9173080825011665,0.864587128162384,14,0.13541287183761597,clean,none,0.0,0
c43052f6-d90711e9.jpg,631.4436667100692,0.004033203125,7.596850176666296,1.3910298961615586,0.8592678308486938,15,0.14073216915130615,clean,none,0.0,0
c43c290b-61f94939.jpg,253.00323323113724,0.003994140625,7.504918996689493,0.5147382157879928,0.8245657682418823,7,0.17543423175811768,clean,none,0.0,0
c4a9c191-20e1a3c3.jpg,216.33303266160283,0.09239800347222223,7.22271075092369,0.5771334378080976,0.8974641561508179,4,0.10253584384918213,clean,none,0.0,0
c4d83625-8af1c66e.jpg,274.8986436626247,0.0001996527777777778,7.2422115856451565,0.8491951632342185,0.8146815299987793,10,0.1853184700012207,clean,none,0.0,0
c4f65761-92ca62d4.jpg,302.8614370387502,0.017641059027777777,7.5551376009120865,0.7462117346720253,0.9139877557754517,8,0.08601224422454834,clean,none,0.0,0
c5578df5-1318c8a5.jpg,537.0911373670792,0.029140625,7.717800687464815,0.9790540680460553,0.836670458316803,11,0.16332954168319702,clean,none,0.0,0
c5584f14-7fcc4797.jpg,14.562367435026761,0.10384982638888889,6.973723089202339,0.1643849909699848,0.4848109483718872,1,0.5151890516281128,clean,none,0.0,0
c55ab634-b93da9ef.jpg,350.37952906455996,0.00037543402777777776,7.608368687921896,0.9318826673851847,0.768915057182312,8,0.231084942817688,clean,none,0.0,0
c563b8a0-c21b10e8.jpg,432.86238125905953,0.008383246527777779,7.618277640615221,1.1230634597218097,0.886029064655304,10,0.11397093534469604,clean,none,0.0,0
c564c92b-2f727c05.jpg,388.28042895552545,0.028552517361111113,7.532511507270451,0.9920474479662413,0.8926312923431396,6,0.10736870765686035,clean,none,0.0,0
c5b2506d-1241a008.jpg,431.14231489661745,0.024447699652777776,7.357239456517796,0.8625816817913954,0.9150964617729187,7,0.0849035382270813,clean,none,0.0,0
c5b7db86-88bceca0.jpg,1149.7836887107378,0.006854383680555556,7.49586386198829,1.9740631452347925,0.9105784296989441,9,0.08942157030105591,clean,none,0.0,0
c5b80ec1-6efedb0e.jpg,363.38871429607144,0.0069281684027777775,7.271116573914217,0.7370263588743536,0.3539128005504608,1,0.6460871994495392,clean,none,0.0,0
c5c9ead6-dab2dae6.jpg,160.69644240010103,0.004153645833333333,7.715794198261937,0.5214620929859067,0.6466520428657532,4,0.3533479571342468,clean,none,0.0,0
c5dd7de4-53608747.jpg,181.36639884406077,0.00703125,7.4268639253222535,0.47791794828439416,0.7632656693458557,3,0.2367343306541443,clean,none,0.0,0
c5e8ab3b-6e92761c.jpg,80.09495634034707,2.170138888888889e-06,6.979926892366967,0.32379052939478326,0.8756211400032043,5,0.12437885999679565,clean,none,0.0,0
c5f2e071-fcf05969.jpg,293.9505690595544,0.0015972222222222223,7.35162298788822,0.49983127282058926,0.9219478368759155,11,0.07805216312408447,clean,none,0.0,0
c640ffda-035e5b98.jpg,166.07389625026443,0.01251193576388889,7.689048824929404,0.4843718414501882,0.6232360005378723,4,0.3767639994621277,clean,none,0.0,0
c675081b-df5291b4.jpg,299.99626627136865,2.387152777777778e-05,7.240902338744423,0.6542703343240047,0.7680410146713257,13,0.23195898532867432,clean,none,0.0,0
c6758a15-46130d04.jpg,273.58726562205663,4.340277777777778e-05,7.6601944920251475,0.635560167727067,0.8322596549987793,3,0.1677403450012207,clean,none,0.0,0
c685aea9-2f9e84d2.jpg,711.1288138556587,0.0007779947916666666,7.517487978826278,1.3689019047263002,0.7098860740661621,4,0.2901139259338379,clean,none,0.0,0
c71de7ef-ad5d9110.jpg,583.2319905702271,0.000791015625,7.566141069961066,1.0875587383578578,0.9418708682060242,8,0.05812913179397583,clean,none,0.0,0
c734eb0a-9d6807cb.jpg,68.42655437756645,1.4105902777777777e-05,7.033771613905868,0.26877616089358575,0.8873670101165771,4,0.11263298988342285,clean,none,0.0,0
c737e602-e8793fdc.jpg,398.7014296210206,0.0013585069444444445,7.4577998829326475,0.8928003161318595,0.9074230790138245,15,0.09257692098617554,clean,none,0.0,0
c7fee392-08329b19.jpg,466.4334702357244,0.0003938802083333333,7.563104176258333,1.0327690530267297,0.6998529434204102,8,0.30014705657958984,clean,none,0.0,0
c80cf60a-9a7aabc6.jpg,217.24418602430563,0.04533745659722222,7.62749942093497,0.4878809509401785,0.8886826634407043,13,0.11131733655929565,clean,none,0.0,0
c8152bfa-28181ba4.jpg,503.4995601953532,0.002025824652777778,7.188743252859019,1.1007303623734483,0.9269227385520935,10,0.0730772614479065,clean,none,0.0,0
c85ca3b9-72a968aa.jpg,113.65015950068246,1.193576388888889e-05,7.528986500485205,0.461749865740309,0.8761250376701355,4,0.1238749623298645,clean,none,0.0,0
c8792c3c-a42cb3f6.jpg,269.33964346101425,0.00010416666666666667,7.424825752280649,0.7089885399029526,0.7126293778419495,21,0.28737062215805054,clean,none,0.0,0
c88b26c5-0a03ff8e.jpg,422.1193195964377,0.0017534722222222222,7.519122494044347,1.0001522047078648,0.8108780384063721,2,0.18912196159362793,clean,none,0.0,0
c897cc2b-2a1bc9f0.jpg,180.52564034553694,0.003853081597222222,7.171403210708066,0.4941301934779154,0.7528555989265442,8,0.2471444010734558,clean,none,0.0,0
c8a5a379-cb506f54.jpg,497.5965149364602,0.00023980034722222222,7.2494468741475675,1.0879486899995283,0.8245147466659546,15,0.1754852533340454,clean,none,0.0,0
c8a830e0-95b22cac.jpg,325.64123345600626,0.0007866753472222222,7.664422590295931,0.8492288543276029,0.7583160996437073,5,0.24168390035629272,clean,none,0.0,0
c8bad943-c78f2df3.jpg,156.2371176968044,0.0019639756944444444,7.3510550576284,0.3163552693129108,0.5326815247535706,3,0.46731847524642944,clean,none,0.0,0
c8e8f29f-09ac075a.jpg,188.12652714345964,0.0009733072916666667,7.2931277318246215,0.4348218040678832,0.795904278755188,5,0.204095721244812,clean,none,0.0,0
c8ef1a34-e7c66c0c.jpg,142.464208067416,0.035618489583333336,6.980519722281157,0.3040086218001891,0.7559617161750793,5,0.24403828382492065,clean,none,0.0,0
c90b5398-63556b1c.jpg,301.08113229963504,0.007278645833333333,7.534886439325178,0.7724372915188845,0.8195543885231018,18,0.1804456114768982,clean,none,0.0,0
c911f50f-e7958776.jpg,800.7379705043792,0.0012684461805555556,7.452941589777653,1.567228623498234,0.8964652419090271,9,0.1035347580909729,clean,none,0.0,0
c91a3cef-e63379c7.jpg,233.90689235319445,0.0009385850694444445,7.539690800721818,0.46072069389442866,0.8928459286689758,8,0.10715407133102417,clean,none,0.0,0
c9240f77-08db8836.jpg,113.18252591807043,0.0012543402777777778,7.722438888024264,0.4167827276283566,0.8689737915992737,8,0.13102620840072632,clean,none,0.0,0
c927d51b-cb5b7850.jpg,384.0676558608054,0.004457465277777778,7.4195385192747025,0.8170725268324973,0.9055517911911011,10,0.09444820880889893,clean,none,0.0,0
c928749e-62bc39dd.jpg,121.53406304544404,0.01574761284722222,7.216941008482584,0.5170257955002804,0.9137719869613647,4,0.08622801303863525,clean,none,0.0,0
c9375798-85c143f7.jpg,218.87991448292198,0.004830729166666666,7.640154594881247,0.6455894143570057,0.8742378950119019,9,0.12576210498809814,clean,none,0.0,0
c9403737-55c6220f.jpg,378.53655778254273,0.0022667100694444445,7.03326801255815,0.5311660384506688,0.722751259803772,2,0.277248740196228,clean,none,0.0,0
c9403737-9675db60.jpg,750.3339911084158,0.006037326388888889,7.562700462459645,1.5197986209313867,0.8845799565315247,7,0.11542004346847534,clean,none,0.0,0
c9403737-bf414a95.jpg,95.57040906383256,8.680555555555556e-06,7.229935820066011,0.2665951178819998,0.14059646427631378,0,0.8594035357236862,clean,none,0.0,0
c96109b8-caf84a36.jpg,763.6915224753297,0.0010210503472222222,7.369742141023939,1.626812460360935,0.8945903778076172,7,0.10540962219238281,clean,none,0.0,0
c992d89e-45d612c4.jpg,192.87284804831486,0.0007964409722222223,7.657736349609361,0.5443192234219073,0.81710284948349,16,0.18289715051651,clean,none,0.0,0
c9a9a2a9-57519e11.jpg,691.2901128123905,0.005,7.653966233112996,1.1785010156730165,0.9136592745780945,10,0.08634072542190552,clean,none,0.0,0
c9b29647-95da8336.jpg,74.58082135188725,0.0018630642361111111,6.99656032267305,0.21589798982696945,0.6366233825683594,1,0.3633766174316406,clean,none,0.0,0
c9b82f4e-fd73af29.jpg,1142.4045136108355,0.0015364583333333333,7.5994955594141445,2.6585810244996657,0.9341237545013428,6,0.06587624549865723,clean,none,0.0,0
c9c31e57-45b42452.jpg,673.9546885683965,0.002262369791666667,7.80262414219516,1.269890610545608,0.8190579414367676,11,0.18094205856323242,clean,none,0.0,0
c9fb1a4c-0bd0ea9d.jpg,524.0218416368227,0.00017252604166666667,7.530574622906077,1.259389005680721,0.5181411504745483,2,0.48185884952545166,clean,none,0.0,0
ca009e13-fdb666f6.jpg,543.2254699389129,0.012828776041666667,7.775294997472531,1.132727795387593,0.8397988677024841,14,0.16020113229751587,clean,none,0.0,0
ca2c7c84-5902ee09.jpg,302.5297296195136,0.018092447916666667,7.165689857470937,0.6733376720393203,0.7581430673599243,10,0.24185693264007568,clean,none,0.0,0
b1d7b3ac-36f2d3b7.jpg,299.9350160442765,0.3120388454861111,6.375712485553905,0.6228360889114324,0.8114781379699707,4,0.1885218620300293,overexpose_gain1.5,overexpose,1.5,1
b20d494a-cdebe83e.jpg,142.57222280143336,0.32880967881944445,6.204156369430223,0.26112304691732985,0.6034098267555237,3,0.3965901732444763,overexpose_gain1.5,overexpose,1.5,1
b231a630-c4522992.jpg,380.5727358646911,0.10680230034722223,7.501330639390749,0.9007775930606775,0.8606418967247009,7,0.13935810327529907,overexpose_gain1.5,overexpose,1.5,1
b25fdb41-4644e3f7.jpg,2035.2114211299147,0.047294921875,7.784665768097445,2.8127869800596654,0.8887640237808228,4,0.11123597621917725,overexpose_gain1.5,overexpose,1.5,1
b27d5dcb-856c0b43.jpg,497.52755916128143,0.13015516493055557,7.594835581763768,1.0297277489212304,0.8221791982650757,7,0.17782080173492432,overexpose_gain1.5,overexpose,1.5,1
b2afce7f-0cb9967a.jpg,627.8973528797244,0.13420789930555554,7.558549501174808,1.1399253966755925,0.8243579268455505,4,0.17564207315444946,overexpose_gain1.5,overexpose,1.5,1
b2e431b6-332c438d.jpg,420.4983528401401,0.13374240451388889,6.717059993737438,0.7935119810008386,0.8988308906555176,3,0.10116910934448242,overexpose_gain1.5,overexpose,1.5,1
b2f4a409-5ddff11a.jpg,518.6490641982421,0.07341362847222223,7.5047095696485755,0.9891657212692717,0.5054898262023926,5,0.4945101737976074,overexpose_gain1.5,overexpose,1.5,1
b2fbf86d-d5de82a4.jpg,847.9404738983985,0.12628038194444444,7.390539027838282,1.2212693546565994,0.8627611994743347,13,0.13723880052566528,overexpose_gain1.5,overexpose,1.5,1
b3110036-a32dc26e.jpg,866.804573947896,0.2449750434027778,7.038196694501085,1.1088785988369394,0.910505473613739,3,0.08949452638626099,overexpose_gain1.5,overexpose,1.5,1
b3826fd8-774c2e0a.jpg,379.8171325705624,0.07908528645833333,7.5186467907642855,0.7436644148411469,0.8160797953605652,15,0.18392020463943481,overexpose_gain1.5,overexpose,1.5,1
b3875c8d-cc4081eb.jpg,704.6869288816047,0.13239366319444446,7.318101613472802,1.2148257054043343,0.8831166625022888,12,0.11688333749771118,overexpose_gain1.5,overexpose,1.5,1
b3a3d166-3a6a258d.jpg,237.3028545969633,0.3607931857638889,6.443637207146502,0.519630936531967,0.8687736988067627,4,0.1312263011932373,overexpose_gain1.5,overexpose,1.5,1
b3c26aff-417063a0.jpg,610.8915933813573,0.07151150173611111,7.437393254354555,0.915138193973201,0.8484758138656616,8,0.15152418613433838,overexpose_gain1.5,overexpose,1.5,1
b3f3c908-baffb699.jpg,1725.6713936437488,0.042813585069444444,7.529138376859898,2.928911983824431,0.7278739809989929,3,0.2721260190010071,overexpose_gain1.5,overexpose,1.5,1
b4110365-9ae12ee1.jpg,262.55580724550884,0.28113172743055553,6.479144174163011,0.5396457224274538,0.8528100252151489,5,0.14718997478485107,overexpose_gain1.5,overexpose,1.5,1
b4543c78-db967acc.jpg,797.5968717346084,0.11151909722222222,7.562847384426644,1.2032733026538944,0.7923428416252136,3,0.20765715837478638,overexpose_gain1.5,overexpose,1.5,1
b46478b0-167fe009.jpg,150.21234653939024,0.26687934027777777,6.7595674983139915,0.3624760997307517,0.38635027408599854,1,0.6136497259140015,overexpose_gain1.5,overexpose,1.5,1
b46478b0-1eb55806.jpg,329.92409396602346,0.181025390625,7.173796268795538,0.599258014605513,0.8526667356491089,14,0.1473332643508911,overexpose_gain1.5,overexpose,1.5,1
b472aeb8-f6353af9.jpg,870.5935593687161,0.03452907986111111,7.7234729131029685,1.6414862973849231,0.7127547264099121,5,0.2872452735900879,overexpose_gain1.5,overexpose,1.5,1
b47f85d4-c6562257.jpg,478.5119268756442,0.209501953125,7.108858106623829,0.7812320327473169,0.8702371120452881,5,0.12976288795471191,overexpose_gain1.5,overexpose,1.5,1
b48c7b5f-cec3fed8.jpg,442.68687812618674,0.1389453125,7.406381645536037,0.925320416378506,0.854942262172699,11,0.14505773782730103,overexpose_gain1.5,overexpose,1.5,1
b49698d7-1999d598.jpg,244.60277971997684,0.11763237847222222,7.558762362781704,0.5282396938192173,0.8576745986938477,10,0.14232540130615234,overexpose_gain1.5,overexpose,1.5,1
b4b1aa64-e3cbad0f.jpg,977.2923588980167,0.05164496527777778,7.599059546083914,1.4558060313283263,0.8804855942726135,18,0.11951440572738647,overexpose_gain1.5,overexpose,1.5,1
b4ef573f-5122732a.jpg,558.3485133513451,0.05589626736111111,7.528761822642996,1.07085683409765,0.8713932037353516,8,0.12860679626464844,overexpose_gain1.5,overexpose,1.5,1
b4f2a76c-3ce3d91e.jpg,500.765715192159,0.054775390625,7.577014516533619,0.7739932281626785,0.9596045613288879,7,0.04039543867111206,overexpose_gain1.5,overexpose,1.5,1
b4f49565-abd6b20b.jpg,831.1981323808166,0.19266384548611112,7.254259382541635,1.3170519949354729,0.7340846061706543,12,0.2659153938293457,overexpose_gain1.5,overexpose,1.5,1
b5032e1d-d2f24352.jpg,708.5632179419197,0.08806206597222223,7.694377563210648,1.2490462952967951,0.8757321238517761,15,0.12426787614822388,overexpose_gain1.5,overexpose,1.5,1
b54735e3-4c968f67.jpg,407.72572629164586,0.021487630208333334,7.311308081958694,0.8295769306135656,0.9405227303504944,10,0.059477269649505615,overexpose_gain1.5,overexpose,1.5,1
b54a8089-d1989d8f.jpg,730.1168476559483,0.07099500868055555,7.7040907015305695,1.4792167883799385,0.8625096082687378,14,0.1374903917312622,overexpose_gain1.5,overexpose,1.5,1
b565c328-1e663060.jpg,599.0547191934047,0.06751085069444444,7.712840660109068,1.010826134962562,0.849739670753479,10,0.150260329246521,overexpose_gain1.5,overexpose,1.5,1
b5961057-5e258e5e.jpg,1147.3069473519738,0.11579427083333334,7.5792686636495885,1.708869850008606,0.8992569446563721,10,0.10074305534362793,overexpose_gain1.5,overexpose,1.5,1
b59d9baf-5fe6c3c0.jpg,496.4295261715737,0.26987413194444443,6.987070898960006,0.9920476756087643,0.7265790104866028,16,0.2734209895133972,overexpose_gain1.5,overexpose,1.5,1
b5a52ea9-2e1f4066.jpg,333.05124292578057,0.03455620659722222,7.62113717284724,0.8688839650369602,0.8420612812042236,3,0.15793871879577637,overexpose_gain1.5,overexpose,1.5,1
b5b2f593-25b7b157.jpg,603.4314293524658,0.18442057291666666,7.375534078246404,1.0599757491471444,0.8919621706008911,10,0.10803782939910889,overexpose_gain1.5,overexpose,1.5,1
b5b44d2d-60f87448.jpg,536.9684620256481,0.13464952256944446,7.508328729194876,0.9535369347303574,0.8478605151176453,14,0.15213948488235474,overexpose_gain1.5,overexpose,1.5,1
b5c30297-f0b3279b.jpg,529.660611305289,0.2266775173611111,6.802791927087422,0.9924226028439257,0.8865745663642883,9,0.11342543363571167,overexpose_gain1.5,overexpose,1.5,1
b690e7dd-1a1d38d1.jpg,1253.9365668960565,0.06246419270833333,7.722739587921911,1.8314439664461852,0.9134166836738586,9,0.08658331632614136,overexpose_gain1.5,overexpose,1.5,1
b72812e8-c636249b.jpg,750.5245358465678,0.10495008680555555,7.63864049124988,1.1883577092706221,0.9343210458755493,9,0.06567895412445068,overexpose_gain1.5,overexpose,1.5,1
b72b3974-9667b29a.jpg,805.5004095536118,0.10327799479166666,7.302337200116346,1.137480515980004,0.7383866310119629,19,0.2616133689880371,overexpose_gain1.5,overexpose,1.5,1
b736c477-fb345fa9.jpg,328.2263771791621,0.11968967013888888,7.609810696640125,0.6865857839425941,0.7083443999290466,2,0.29165560007095337,overexpose_gain1.5,overexpose,1.5,1
b73a793e-ebf5917d.jpg,2343.26619736904,0.11716145833333333,7.702744638805592,3.167092989644731,0.6918349266052246,9,0.3081650733947754,overexpose_gain1.5,overexpose,1.5,1
b7404583-b504d500.jpg,436.2147674373944,0.07856662326388889,7.710656915376207,0.913623232983523,0.8671770691871643,10,0.1328229308128357,overexpose_gain1.5,overexpose,1.5,1
b74111eb-d21a119b.jpg,1011.873330379232,0.14111870659722223,7.415745463610719,1.1417891060103023,0.8907623887062073,19,0.10923761129379272,overexpose_gain1.5,overexpose,1.5,1
b747b30e-991436c7.jpg,462.55679578919467,0.028021918402777776,7.467192853319052,0.701813247582194,0.7319275140762329,8,0.2680724859237671,overexpose_gain1.5,overexpose,1.5,1
b784ff27-baf00daa.jpg,833.380792516297,0.06538845486111111,7.525008483893582,1.0366731222938939,0.8996100425720215,8,0.10038995742797852,overexpose_gain1.5,overexpose,1.5,1
b79307e6-6cfc1c5b.jpg,544.3471641675204,0.23507378472222223,7.080159117589803,1.0107487365047871,0.8880038261413574,3,0.11199617385864258,overexpose_gain1.5,overexpose,1.5,1
b7d9a95e-f9901594.jpg,1196.9686510551123,0.12794379340277778,7.464262370966718,1.7322699078616437,0.9023206233978271,11,0.09767937660217285,overexpose_gain1.5,overexpose,1.5,1
b7eb6c3d-e1598570.jpg,597.7982719459427,0.12217339409722222,7.486670074712769,1.0301475217333966,0.8890070915222168,6,0.1109929084777832,overexpose_gain1.5,overexpose,1.5,1
b7ec8e2f-b673fc33.jpg,248.92487592756487,0.06987413194444445,7.195925205756833,0.45853259396463386,0.21893009543418884,0,0.7810699045658112,overexpose_gain1.5,overexpose,1.5,1
b7f452e4-1e8b6f3a.jpg,228.74183405452308,0.44555881076388887,5.7793784252006635,0.5061101088862988,0.339233934879303,3,0.660766065120697,overexpose_gain1.5,overexpose,1.5,1
b7fd2970-e46faf78.jpg,543.0102980491628,0.15046223958333332,7.531138224384316,1.0412471435058546,0.909095048904419,10,0.09090495109558105,overexpose_gain1.5,overexpose,1.5,1
b89bf84d-d2c2e5a7.jpg,1169.7716773750856,0.1557052951388889,7.385232105801689,1.839269861097297,0.883826732635498,17,0.11617326736450195,overexpose_gain1.5,overexpose,1.5,1
b8b15e54-2ccd7fd0.jpg,602.7726560888173,0.10684895833333333,7.641949485179479,0.9682583490416246,0.8855425119400024,16,0.11445748805999756,overexpose_gain1.5,overexpose,1.5,1
b8c7c957-84df8251.jpg,158.37240662600198,0.4653559027777778,5.544564136182066,0.4696340368772746,0.7948176264762878,7,0.20518237352371216,overexpose_gain1.5,overexpose,1.5,1
b8ca6c5d-22de751a.jpg,812.1694281163914,0.049364149305555556,7.683987694123487,1.3009066766436743,0.8330367207527161,8,0.16696327924728394,overexpose_gain1.5,overexpose,1.5,1
b8e63e55-369d821c.jpg,336.08589853142536,0.3350075954861111,5.731936806852234,0.6229098450888412,0.8975287675857544,14,0.1024712324142456,overexpose_gain1.5,overexpose,1.5,1
b919f6f7-9c71d913.jpg,931.3522845146734,0.1301019965277778,7.562055683695435,1.2748541281141939,0.4248276650905609,1,0.5751723349094391,overexpose_gain1.5,overexpose,1.5,1
b94daedc-7045933e.jpg,299.242533572934,0.15001085069444445,7.196331198183057,0.7065716592376767,0.7145247459411621,7,0.2854752540588379,overexpose_gain1.5,overexpose,1.5,1
b94f6bc8-32f10d36.jpg,601.3992111629615,0.18522352430555555,7.195951531116741,0.8474022507241203,0.8532705903053284,12,0.14672940969467163,overexpose_gain1.5,overexpose,1.5,1
b9597719-09a2458c.jpg,378.5725846333397,0.06283203125,7.456413569197062,0.8973390527527759,0.782798707485199,2,0.21720129251480103,overexpose_gain1.5,overexpose,1.5,1
b9c2521e-2db68bde.jpg,581.7763152960307,0.1199533420138889,7.1979503654229875,0.9534160565507152,0.8330113887786865,14,0.16698861122131348,overexpose_gain1.5,overexpose,1.5,1
b9e4cb3d-975f9d1d.jpg,1229.862215598118,0.05831597222222222,7.658831665966809,2.1959868326420438,0.8545416593551636,5,0.14545834064483643,overexpose_gain1.5,overexpose,1.5,1
b9e4cb3d-98ed4484.jpg,218.80074216939673,0.15388563368055555,7.042975851223057,0.5110702118170415,0.8419556617736816,9,0.15804433822631836,overexpose_gain1.5,overexpose,1.5,1
ba122c97-403fd75d.jpg,700.726860372963,0.021072048611111113,7.565361932433261,1.3797310871815924,0.8936075568199158,10,0.10639244318008423,overexpose_gain1.5,overexpose,1.5,1
ba41a907-1793986f.jpg,625.9645418653597,0.16170572916666667,7.0613262093269,0.9876767115272006,0.815772294998169,8,0.18422770500183105,overexpose_gain1.5,overexpose,1.5,1
ba4bcdc5-3d4f7a56.jpg,398.3827290944122,0.052018229166666666,7.630671395084971,0.8769415997763502,0.8877384066581726,10,0.11226159334182739,overexpose_gain1.5,overexpose,1.5,1
ba4d05f6-24c9c3cf.jpg,265.90692487246207,0.09622504340277778,7.462814088786807,0.4724301699856464,0.7724554538726807,7,0.22754454612731934,overexpose_gain1.5,overexpose,1.5,1
bab692c9-3cd892ff.jpg,1122.9666342628573,0.08920789930555556,7.5326757394509505,1.845469705207572,0.8081151843070984,11,0.1918848156929016,overexpose_gain1.5,overexpose,1.5,1
bab692c9-a16f15b4.jpg,1739.7219678574725,0.08436089409722222,7.420658305164414,2.262502839611082,0.8759700655937195,17,0.12402993440628052,overexpose_gain1.5,overexpose,1.5,1
bae5905c-b009aff3.jpg,1307.7041382248442,0.12173285590277778,7.58594919276781,1.798085003502775,0.7866948246955872,9,0.21330517530441284,overexpose_gain1.5,overexpose,1.5,1
baf870f0-a1a64cd6.jpg,598.2756862750477,0.144775390625,7.5858818798086025,0.986926174129309,0.6846500039100647,11,0.3153499960899353,overexpose_gain1.5,overexpose,1.5,1
bb051d4e-49d5fed8.jpg,780.2857704529926,0.05366427951388889,7.480110860235573,1.5270747588897753,0.7539534568786621,5,0.2460465431213379,overexpose_gain1.5,overexpose,1.5,1
bb4abf02-01cd2796.jpg,563.0537131076389,0.13298068576388888,7.337515766542966,0.8197329849972405,0.8444437384605408,4,0.15555626153945923,overexpose_gain1.5,overexpose,1.5,1
bb725082-6cfb3269.jpg,430.69958010049396,0.2663932291666667,6.608826816937794,0.8034235364464551,0.9102063179016113,7,0.08979368209838867,overexpose_gain1.5,overexpose,1.5,1
bb76c63a-f232154d.jpg,1621.1344129461484,0.10427300347222222,7.590789142719214,2.3835326291735335,0.927054226398468,5,0.07294577360153198,overexpose_gain1.5,overexpose,1.5,1
bb9071ac-8e2bc8fe.jpg,336.8209069174014,0.09791449652777778,7.524896592323936,0.5533088266499135,0.8269633054733276,12,0.17303669452667236,overexpose_gain1.5,overexpose,1.5,1
bb9f498e-5ea84006.jpg,957.5405891907293,0.05981879340277778,7.618841457614508,1.3413020699688947,0.876382052898407,9,0.12361794710159302,overexpose_gain1.5,overexpose,1.5,1
bb9f498e-62cc407e.jpg,1467.4189824571213,0.21424696180555555,7.324213793433362,2.309215768230899,0.8623036742210388,10,0.13769632577896118,overexpose_gain1.5,overexpose,1.5,1
bbb1289a-b49fe5de.jpg,280.16692967095895,0.08092881944444444,7.442466008520744,0.508092647617945,0.8690441846847534,12,0.13095581531524658,overexpose_gain1.5,overexpose,1.5,1
bc24f222-f198b643.jpg,428.2505452063938,0.16024848090277777,7.22734673173975,0.7736758944858023,0.8483866453170776,1,0.15161335468292236,overexpose_gain1.5,overexpose,1.5,1
bc5fadac-96776d48.jpg,188.84409926414483,0.3646516927083333,5.782292868981283,0.38928351086605817,0.5351748466491699,2,0.4648251533508301,overexpose_gain1.5,overexpose,1.5,1
bc5fadac-fa6dd225.jpg,286.95747322353327,0.2803960503472222,6.539056582745694,0.6224984950500211,0.4530980885028839,2,0.5469019114971161,overexpose_gain1.5,overexpose,1.5,1
bcaa771b-806e4fcd.jpg,637.2640109072793,0.1202517361111111,7.30641888490528,0.770395565731293,0.6226426362991333,3,0.3773573637008667,overexpose_gain1.5,overexpose,1.5,1
bcaf57de-8a71dbde.jpg,900.7713160306561,0.20712565104166666,7.120328734488206,1.2054725570673097,0.7922458648681641,12,0.20775413513183594,overexpose_gain1.5,overexpose,1.5,1
bcfdd6af-c3d0b55a.jpg,346.0069946816338,0.13020182291666665,7.526578698495733,0.7545134021959284,0.8867234587669373,3,0.11327654123306274,overexpose_gain1.5,overexpose,1.5,1
bd338426-4b27de63.jpg,513.0357075150052,0.09004557291666666,7.449907579444347,0.9227824298910651,0.8122467994689941,10,0.18775320053100586,overexpose_gain1.5,overexpose,1.5,1
bd5d35a0-1357b0da.jpg,307.2497187739431,0.338125,6.253859862241013,0.5988605507605878,0.14062568545341492,0,0.8593743145465851,overexpose_gain1.5,overexpose,1.5,1
bd8f4dfa-4e126a95.jpg,902.0044010867596,0.20072048611111112,7.178101390810845,1.4922126723678761,0.20070672035217285,0,0.7992932796478271,overexpose_gain1.5,overexpose,1.5,1
bdfc0f1d-375eba4a.jpg,528.3398340335375,0.12427842881944444,7.256038903860938,1.1628385271722181,0.8583777546882629,6,0.14162224531173706,overexpose_gain1.5,overexpose,1.5,1
be047105-0662bd2d.jpg,698.0406563135771,0.08483723958333333,7.445109014040602,1.1962068234590661,0.9034568071365356,7,0.09654319286346436,overexpose_gain1.5,overexpose,1.5,1
be448414-11891b58.jpg,244.9723460830582,0.2090386284722222,6.985779684826239,0.5228060944409119,0.7326743602752686,9,0.26732563972473145,overexpose_gain1.5,overexpose,1.5,1
be8590fa-9ab10ced.jpg,517.2892300737159,0.23260091145833334,6.662780856447988,0.9865389541979127,0.8037170171737671,12,0.1962829828262329,overexpose_gain1.5,overexpose,1.5,1
beaa0c22-9f7d6767.jpg,1287.089899029992,0.05431315104166667,7.6095916445017036,2.3188334371794945,0.49466440081596375,4,0.5053355991840363,overexpose_gain1.5,overexpose,1.5,1
beb87fd7-6120b637.jpg,1025.747053965786,0.08488823784722223,7.800779005789251,1.4621467861602555,0.8775835633277893,5,0.1224164366722107,overexpose_gain1.5,overexpose,1.5,1
bed001a8-2339fb95.jpg,416.0783866441091,0.0900368923611111,7.165715000112657,0.7286919108271577,0.8638775944709778,8,0.13612240552902222,overexpose_gain1.5,overexpose,1.5,1
bee1f0a4-22dbabcd.jpg,1025.017005150307,0.07364583333333333,7.655646705251923,1.8699030324719015,0.7361553907394409,1,0.2638446092605591,overexpose_gain1.5,overexpose,1.5,1
bfaca2bb-f1c305a8.jpg,1572.9066937375658,0.15858723958333334,7.457961591862917,2.385307557924325,0.9236249923706055,8,0.07637500762939453,overexpose_gain1.5,overexpose,1.5,1
bfd64d5f-a12327b4.jpg,397.2315028848105,0.19239366319444445,7.244822080617963,0.9558520591879118,0.9219116568565369,15,0.07808834314346313,overexpose_gain1.5,overexpose,1.5,1
bfd64d5f-d141be33.jpg,709.7126970092346,0.074990234375,7.57872347386792,1.185434096349445,0.8716998100280762,17,0.12830018997192383,overexpose_gain1.5,overexpose,1.5,1
c022e075-de13593a.jpg,76.30959579361809,0.07767795138888889,7.373268398389128,0.30489210243143483,0.5265688896179199,2,0.4734311103820801,overexpose_gain1.5,overexpose,1.5,1
c02d18db-023c1955.jpg,665.4824153628828,0.12246636284722222,7.623751695040235,1.151742775322649,0.841789960861206,11,0.15821003913879395,overexpose_gain1.5,overexpose,1.5,1
c036f281-a0c90e9a.jpg,719.4136589706695,0.13642903645833335,7.387128215193993,1.3566160377671839,0.8231651186943054,8,0.17683488130569458,overexpose_gain1.5,overexpose,1.5,1
c05767da-e6e016b5.jpg,375.7677734645843,0.08836588541666666,7.640372525950982,0.8061957670899259,0.5985668301582336,6,0.40143316984176636,overexpose_gain1.5,overexpose,1.5,1
c0677163-8371743a.jpg,110.88471353958984,0.17773980034722223,7.1149538136255845,0.4183370707744905,0.8281564712524414,12,0.1718435287475586,overexpose_gain1.5,overexpose,1.5,1
c0c954a7-0c7fa0bb.jpg,648.3913362226592,0.23853624131944445,7.0374780123188625,1.3745852279521904,0.8803771138191223,5,0.11962288618087769,overexpose_gain1.5,overexpose,1.5,1
c0e24bac-d541b20d.jpg,347.2582917378168,0.10027018229166666,7.243779575254303,0.6317307652074032,0.67886883020401,7,0.32113116979599,overexpose_gain1.5,overexpose,1.5,1
c0e74e90-9684bfc2.jpg,652.6929357335787,0.10486219618055556,7.510567052425536,1.4360471156285417,0.6458811163902283,5,0.35411888360977173,overexpose_gain1.5,overexpose,1.5,1
c11add12-bb59c2a1.jpg,1368.3060868516668,0.11804144965277778,7.6882287463600605,1.8058080037335509,0.9171576499938965,2,0.08284235000610352,overexpose_gain1.5,overexpose,1.5,1
c1211833-1ba939db.jpg,505.67276027106766,0.13693467881944443,7.498747003847657,0.8316992418542519,0.8006082773208618,9,0.19939172267913818,overexpose_gain1.5,overexpose,1.5,1
c12e6924-5860d30a.jpg,412.68321780868337,0.15958550347222222,7.225152077276027,0.7492546322751846,0.8230655193328857,8,0.17693448066711426,overexpose_gain1.5,overexpose,1.5,1
c15c29a5-74788f46.jpg,1630.7398239101092,0.06687717013888889,7.762844525420473,2.248352580389687,0.8796592354774475,21,0.12034076452255249,overexpose_gain1.5,overexpose,1.5,1
c1757757-140fa8b6.jpg,615.2845318596438,0.11471245659722222,7.44451241342937,0.9979718446238475,0.9014447927474976,12,0.09855520725250244,overexpose_gain1.5,overexpose,1.5,1
c197a2a7-20f63536.jpg,1299.2618924853005,0.07085828993055555,7.72232925065358,2.3416621123001367,0.5713037252426147,4,0.42869627475738525,overexpose_gain1.5,overexpose,1.5,1
c197a2a7-5b960a7f.jpg,680.1042991529678,0.07526475694444444,7.2933729345235445,1.3052967626971588,0.8215229511260986,12,0.17847704887390137,overexpose_gain1.5,overexpose,1.5,1
c1a07cae-73529cf4.jpg,679.8361113515203,0.056624348958333334,7.58157137119018,1.1069500113832127,0.7068791389465332,4,0.2931208610534668,overexpose_gain1.5,overexpose,1.5,1
c1b3582d-7a6b9124.jpg,790.386048173391,0.18116644965277778,7.332130997112792,1.5301570386493906,0.8171425461769104,8,0.1828574538230896,overexpose_gain1.5,overexpose,1.5,1
c1b3582d-b9c87c82.jpg,536.8725240427642,0.117216796875,7.617317699849786,0.9723536380279967,0.7806641459465027,5,0.21933585405349731,overexpose_gain1.5,overexpose,1.5,1
c1b5a91c-9e402e78.jpg,216.53266926367016,0.21684353298611111,6.770574738296121,0.537001426881834,0.8389268517494202,11,0.16107314825057983,overexpose_gain1.5,overexpose,1.5,1
c1bbc01a-42a391bd.jpg,565.3802017689975,0.1668185763888889,7.182036622103654,1.0169342391361214,0.8174641132354736,6,0.18253588676452637,overexpose_gain1.5,overexpose,1.5,1
c1bd4140-1f2bd79e.jpg,563.3845251462006,0.13855794270833333,7.1854815391639075,1.05558885008898,0.861853837966919,3,0.13814616203308105,overexpose_gain1.5,overexpose,1.5,1
c1fdd182-0431866d.jpg,617.4341380590321,0.04009548611111111,7.658459054680419,1.2838239264427107,0.7974395751953125,4,0.2025604248046875,overexpose_gain1.5,overexpose,1.5,1
c242b4b8-0dab228f.jpg,216.9429734530931,0.16130208333333335,7.1382869719663375,0.4403082165114937,0.6919386386871338,3,0.3080613613128662,overexpose_gain1.5,overexpose,1.5,1
c292800e-4290dbb9.jpg,807.4463411407049,0.17126410590277777,7.011747944123234,1.1791873578794596,0.79240882396698,16,0.20759117603302002,overexpose_gain1.5,overexpose,1.5,1
c2987e05-cb9bfcee.jpg,759.7269350496634,0.22779079861111112,6.9799546418720775,1.2724037839980566,0.6109477281570435,5,0.38905227184295654,overexpose_gain1.5,overexpose,1.5,1
c29d13ba-67447c50.jpg,163.17052285924373,0.1637912326388889,7.3685508314273305,0.3810364775476431,0.846530020236969,5,0.153469979763031,overexpose_gain1.5,overexpose,1.5,1
c2b457e5-36e3ecee.jpg,649.9458287405214,0.191826171875,7.3554923753553965,1.0271285265951384,0.8163670301437378,6,0.1836329698562622,overexpose_gain1.5,overexpose,1.5,1
c2d051a0-31c90f75.jpg,772.8510498670772,0.15544053819444445,7.479976820274639,1.1205004325568535,0.7427221536636353,12,0.25727784633636475,overexpose_gain1.5,overexpose,1.5,1
c2f88368-4292c1a0.jpg,616.3133528630577,0.31145616319444447,6.62152449685737,1.0222212367297008,0.8817395567893982,6,0.1182604432106018,overexpose_gain1.5,overexpose,1.5,1
c2f8b141-5ef7d661.jpg,1263.985982994545,0.12448567708333333,7.4567307515286805,2.0783587052987897,0.8947014212608337,6,0.10529857873916626,overexpose_gain1.5,overexpose,1.5,1
c30226a9-f882478c.jpg,802.0390223470602,0.1532009548611111,7.45277936496688,1.0161308886729248,0.8958401083946228,5,0.1041598916053772,overexpose_gain1.5,overexpose,1.5,1
c3287e28-f6bcc9ef.jpg,498.67991889195866,0.23333333333333334,7.1893169923637466,1.1307814518170827,0.861475944519043,4,0.13852405548095703,overexpose_gain1.5,overexpose,1.5,1
c3436372-070af78a.jpg,961.3830054202031,0.26965928819444446,7.071674679130315,1.832535739985854,0.4295969009399414,1,0.5704030990600586,overexpose_gain1.5,overexpose,1.5,1
c3436372-eb18934d.jpg,328.78625536032655,0.17954752604166666,7.1058338542177975,0.6787676291372599,0.6808469295501709,1,0.3191530704498291,overexpose_gain1.5,overexpose,1.5,1
c352d9c5-d0019b8b.jpg,477.1054777412401,0.151416015625,7.437778046312884,0.9385234550622522,0.8628680109977722,10,0.13713198900222778,overexpose_gain1.5,overexpose,1.5,1
c3668a3d-22233f64.jpg,475.6583560102666,0.19052734375,7.22959012797746,0.7844520362332665,0.8551527261734009,8,0.14484727382659912,overexpose_gain1.5,overexpose,1.5,1
c366973d-c03525b0.jpg,1091.1851822571923,0.10118598090277778,7.595293889893137,1.4671490029577285,0.8113676905632019,7,0.1886323094367981,overexpose_gain1.5,overexpose,1.5,1
c3804a06-26cf84ff.jpg,2069.1504641493325,0.04244032118055555,7.798661807686926,3.072269862599741,0.8950757384300232,4,0.1049242615699768,overexpose_gain1.5,overexpose,1.5,1
c389631f-a4b2d909.jpg,974.6434084591288,0.09461588541666667,7.54323770219399,1.9138908524504812,0.10790357738733292,0,0.8920964226126671,overexpose_gain1.5,overexpose,1.5,1
c389631f-b7bb20cb.jpg,800.9662445520427,0.10562825520833333,7.373866093895035,1.3175357352965644,0.4814161956310272,2,0.5185838043689728,overexpose_gain1.5,overexpose,1.5,1
c39ddb2c-db949106.jpg,573.7500027219407,0.046407335069444444,7.471463622272959,0.934522410080347,0.8589156270027161,15,0.14108437299728394,overexpose_gain1.5,overexpose,1.5,1
c3c28990-04db5664.jpg,841.0662680765366,0.039881727430555555,7.794380534468529,1.3544727834143937,0.8879572749137878,9,0.11204272508621216,overexpose_gain1.5,overexpose,1.5,1
c3e87419-dd6f2321.jpg,35.4943453810786,0.138779296875,7.236904057774386,0.2547124058308805,0.8593909740447998,6,0.1406090259552002,overexpose_gain1.5,overexpose,1.5,1
c41203a6-f2bee3f0.jpg,905.8881736446376,0.104326171875,7.6852153513720864,1.5506200526724019,0.8202260136604309,6,0.1797739863395691,overexpose_gain1.5,overexpose,1.5,1
c414ea72-128822b2.jpg,770.5944788160488,0.07518880208333334,7.464065722371205,1.3060015439479542,0.8656343221664429,13,0.13436567783355713,overexpose_gain1.5,overexpose,1.5,1
c43052f6-d90711e9.jpg,1073.3832131889617,0.11335069444444444,7.589306770210011,1.8383365267535434,0.8470862507820129,15,0.15291374921798706,overexpose_gain1.5,overexpose,1.5,1
c43c290b-61f94939.jpg,427.9920271421352,0.11037217881944444,7.413695931749405,0.70134521455518,0.8233910799026489,6,0.17660892009735107,overexpose_gain1.5,overexpose,1.5,1
c4a9c191-20e1a3c3.jpg,386.4787390949095,0.15926215277777778,7.2071239524646975,0.7811915123782467,0.8864614963531494,4,0.11353850364685059,overexpose_gain1.5,overexpose,1.5,1
c4d83625-8af1c66e.jpg,519.7312748675583,0.07668619791666667,7.357099486108342,1.1735158720647583,0.7072828412055969,11,0.2927171587944031,overexpose_gain1.5,overexpose,1.5,1
c4f65761-92ca62d4.jpg,438.4505488346228,0.06341688368055555,7.812287997911037,0.9781453190947714,0.8968826532363892,6,0.10311734676361084,overexpose_gain1.5,overexpose,1.5,1
c5578df5-1318c8a5.jpg,967.0310656737859,0.22188585069444444,7.114452884131288,1.295093824822273,0.827455997467041,11,0.17254400253295898,overexpose_gain1.5,overexpose,1.5,1
c5584f14-7fcc4797.jpg,25.376453714964132,0.04690321180555555,7.361798419410104,0.20438383102037133,0.5674116611480713,2,0.4325883388519287,overexpose_gain1.5,overexpose,1.5,1
c55ab634-b93da9ef.jpg,595.2758428761695,0.10975151909722222,7.576362521389925,1.2372261849394641,0.8117435574531555,8,0.18825644254684448,overexpose_gain1.5,overexpose,1.5,1
c563b8a0-c21b10e8.jpg,809.5400173836581,0.09983181423611111,7.559105141688771,1.5457726327904782,0.8659401535987854,13,0.1340598464012146,overexpose_gain1.5,overexpose,1.5,1
c564c92b-2f727c05.jpg,757.3867288650896,0.06911241319444444,7.645014990744454,1.406779116463569,0.861449122428894,6,0.13855087757110596,overexpose_gain1.5,overexpose,1.5,1
c5b2506d-1241a008.jpg,820.6960174652088,0.0709103732638889,7.581032706977863,1.217195008782331,0.9169471263885498,6,0.0830528736114502,overexpose_gain1.5,overexpose,1.5,1
c5b7db86-88bceca0.jpg,2114.884169439015,0.1681955295138889,7.18337260068993,2.743173896567026,0.904730498790741,9,0.09526950120925903,overexpose_gain1.5,overexpose,1.5,1
c5b80ec1-6efedb0e.jpg,639.3520814258897,0.07748263888888889,7.377563554550971,1.0462459456654847,0.303048312664032,1,0.696951687335968,overexpose_gain1.5,overexpose,1.5,1
c5c9ead6-dab2dae6.jpg,325.44925757195745,0.18726236979166666,7.219761990329415,0.7306830999746728,0.6863798499107361,3,0.3136201500892639,overexpose_gain1.5,overexpose,1.5,1
c5dd7de4-53608747.jpg,298.7603577219223,0.4357096354166667,5.708061345030484,0.5845172506798022,0.7712132930755615,3,0.22878670692443848,overexpose_gain1.5,overexpose,1.5,1
c5e8ab3b-6e92761c.jpg,144.59149715050475,0.05166015625,6.79297992913097,0.42108630952315174,0.883813202381134,5,0.11618679761886597,overexpose_gain1.5,overexpose,1.5,1
c5f2e071-fcf05969.jpg,430.11936079235323,0.23685980902777778,6.6153554279684865,0.6731751352779934,0.9346829056739807,10,0.06531709432601929,overexpose_gain1.5,overexpose,1.5,1
c640ffda-035e5b98.jpg,289.2978544541346,0.16138997395833332,7.475999666821357,0.657922858603401,0.5861941576004028,3,0.41380584239959717,overexpose_gain1.5,overexpose,1.5,1
c675081b-df5291b4.jpg,582.6356933478355,0.09758680555555556,7.339462882187929,0.9072779253011364,0.7859349846839905,14,0.21406501531600952,overexpose_gain1.5,overexpose,1.5,1
c6758a15-46130d04.jpg,516.9204361692638,0.12438368055555556,7.479747738674699,0.8677880939318798,0.7779871821403503,4,0.22201281785964966,overexpose_gain1.5,overexpose,1.5,1
c685aea9-2f9e84d2.jpg,1324.833663049468,0.088447265625,7.500781811919846,1.9135159252153198,0.6499269008636475,4,0.35007309913635254,overexpose_gain1.5,overexpose,1.5,1
c71de7ef-ad5d9110.jpg,1054.54615882458,0.1888519965277778,7.1378282665220585,1.4491786745601078,0.9441553950309753,7,0.05584460496902466,overexpose_gain1.5,overexpose,1.5,1
c734eb0a-9d6807cb.jpg,132.10700854774288,0.2861089409722222,6.343410842058605,0.347320115843332,0.8929575085639954,4,0.10704249143600464,overexpose_gain1.5,overexpose,1.5,1
c737e602-e8793fdc.jpg,753.7356070505356,0.04346137152777778,7.506398679325622,1.279254913366253,0.917293906211853,15,0.08270609378814697,overexpose_gain1.5,overexpose,1.5,1
c7fee392-08329b19.jpg,884.7999869678346,0.0738400607638889,7.686182804109812,1.4689130048674228,0.7018505930900574,8,0.2981494069099426,overexpose_gain1.5,overexpose,1.5,1
c80cf60a-9a7aabc6.jpg,301.24130693997876,0.2884375,7.038569972970905,0.6268951827366687,0.8790390491485596,12,0.12096095085144043,overexpose_gain1.5,overexpose,1.5,1
c8152bfa-28181ba4.jpg,789.2610944019727,0.06820095486111111,7.362562240358989,1.3559301508457864,0.9174978733062744,12,0.08250212669372559,overexpose_gain1.5,overexpose,1.5,1
c85ca3b9-72a968aa.jpg,227.6524015387913,0.09424153645833333,7.565505019141595,0.6362371765900726,0.88335782289505,3,0.11664217710494995,overexpose_gain1.5,overexpose,1.5,1
c8792c3c-a42cb3f6.jpg,537.3247942461072,0.10806857638888889,7.424136518156093,1.0262725907091597,0.7222868204116821,19,0.27771317958831787,overexpose_gain1.5,overexpose,1.5,1
c88b26c5-0a03ff8e.jpg,788.9020124987838,0.07770182291666666,7.597570980052101,1.4016414523649903,0.8179986476898193,2,0.18200135231018066,overexpose_gain1.5,overexpose,1.5,1
c897cc2b-2a1bc9f0.jpg,314.3545067126618,0.07870659722222222,7.325948434013233,0.6876358989005782,0.7453247904777527,6,0.2546752095222473,overexpose_gain1.5,overexpose,1.5,1
c8a5a379-cb506f54.jpg,890.2317369583508,0.03096896701388889,7.383233504921949,1.4575998544085158,0.8161565661430359,13,0.1838434338569641,overexpose_gain1.5,overexpose,1.5,1
c8a830e0-95b22cac.jpg,574.4038823488856,0.15932942708333334,7.441712773166275,1.1197915537406464,0.7882283926010132,6,0.21177160739898682,overexpose_gain1.5,overexpose,1.5,1
c8bad943-c78f2df3.jpg,282.6839994030423,0.05792426215277778,7.438817696494564,0.4435942363290747,0.48988816142082214,6,0.5101118385791779,overexpose_gain1.5,overexpose,1.5,1
c8e8f29f-09ac075a.jpg,343.6420043860117,0.22769856770833333,6.928904574934302,0.6188575805392909,0.8074332475662231,6,0.19256675243377686,overexpose_gain1.5,overexpose,1.5,1
c8ef1a34-e7c66c0c.jpg,234.45974528483515,0.13399739583333334,6.808655933682038,0.383816903321937,0.8180738091468811,6,0.1819261908531189,overexpose_gain1.5,overexpose,1.5,1
c90b5398-63556b1c.jpg,488.36961466612513,0.36254665798611113,6.128278868450009,0.9805562810544528,0.801073431968689,12,0.19892656803131104,overexpose_gain1.5,overexpose,1.5,1
c911f50f-e7958776.jpg,1591.3597643340956,0.05890190972222222,7.684836728490726,2.268442033032674,0.8998990654945374,8,0.10010093450546265,overexpose_gain1.5,overexpose,1.5,1
c91a3cef-e63379c7.jpg,418.6718218230907,0.25457139756944447,6.712771069447797,0.6400982214204148,0.8939838409423828,9,0.10601615905761719,overexpose_gain1.5,overexpose,1.5,1
c9240f77-08db8836.jpg,189.41530124223485,0.28644422743055553,6.510762746534557,0.5055781083103593,0.7344873547554016,11,0.2655126452445984,overexpose_gain1.5,overexpose,1.5,1
c927d51b-cb5b7850.jpg,724.3467895806206,0.06440321180555555,7.484214302284255,1.1436676121089984,0.9022842645645142,13,0.09771573543548584,overexpose_gain1.5,overexpose,1.5,1
c928749e-62bc39dd.jpg,247.10977663861385,0.11349609375,7.34875744660957,0.7060387480916458,0.9123722910881042,4,0.08762770891189575,overexpose_gain1.5,overexpose,1.5,1
c9375798-85c143f7.jpg,417.50110911296207,0.15751085069444445,7.365107688321758,0.8877163756686772,0.8854137063026428,8,0.11458629369735718,overexpose_gain1.5,overexpose,1.5,1
c9403737-55c6220f.jpg,453.35118481613785,0.20057508680555555,6.48279429460256,0.669804432441906,0.6813517212867737,3,0.3186482787132263,overexpose_gain1.5,overexpose,1.5,1
c9403737-9675db60.jpg,1319.0295372977907,0.11486979166666667,7.372904965057978,2.0365897169905915,0.8875656127929688,5,0.11243438720703125,overexpose_gain1.5,overexpose,1.5,1
c9403737-bf414a95.jpg,177.35672915682852,0.29904296875,6.181830125686267,0.36180705835604643,0.18903954327106476,0,0.8109604567289352,overexpose_gain1.5,overexpose,1.5,1
c96109b8-caf84a36.jpg,1498.2589767114314,0.05559027777777778,7.5312094340185105,2.2756571627949347,0.9050129055976868,6,0.09498709440231323,overexpose_gain1.5,overexpose,1.5,1
c992d89e-45d612c4.jpg,344.2360611450008,0.14436631944444445,7.4229150975171185,0.7320523697497161,0.8197056651115417,15,0.18029433488845825,overexpose_gain1.5,overexpose,1.5,1
c9a9a2a9-57519e11.jpg,1255.970441559045,0.10601888020833333,7.66922552051358,1.671811013141043,0.9239941239356995,11,0.07600587606430054,overexpose_gain1.5,overexpose,1.5,1
c9b29647-95da8336.jpg,103.0612883343155,0.43445203993055553,5.31529070540823,0.2515777682910059,0.6866695284843445,2,0.3133304715156555,overexpose_gain1.5,overexpose,1.5,1
c9b82f4e-fd73af29.jpg,2115.8189066645828,0.014047309027777777,7.846421924553701,3.569612775002874,0.9375026822090149,6,0.06249731779098511,overexpose_gain1.5,overexpose,1.5,1
c9c31e57-45b42452.jpg,1159.7176322584314,0.18594401041666667,7.393065429471188,1.7106113153085363,0.8155873417854309,10,0.1844126582145691,overexpose_gain1.5,overexpose,1.5,1
c9fb1a4c-0bd0ea9d.jpg,1078.6634699475278,0.183310546875,7.163669681581819,1.8012811045238235,0.5258105993270874,2,0.4741894006729126,overexpose_gain1.5,overexpose,1.5,1
ca009e13-fdb666f6.jpg,1090.0988160384275,0.16659505208333333,7.539354433417338,1.6066023571808286,0.831516444683075,11,0.16848355531692505,overexpose_gain1.5,overexpose,1.5,1
ca2c7c84-5902ee09.jpg,606.5887234234797,0.05682291666666667,7.4140210930049,0.9710861244606749,0.7437740564346313,10,0.25622594356536865,overexpose_gain1.5,overexpose,1.5,1
b1d7b3ac-36f2d3b7.jpg,389.18355875514357,0.45654079861111113,5.373813515532221,0.6200593054175042,0.793075442314148,3,0.20692455768585205,overexpose_gain2.5,overexpose,2.5,2
b20d494a-cdebe83e.jpg,265.01377985782864,0.4664333767361111,5.0423417784694315,0.36047102438934175,0.45800113677978516,2,0.5419988632202148,overexpose_gain2.5,overexpose,2.5,2
b231a630-c4522992.jpg,529.8603866475374,0.3092545572916667,6.560404077468293,1.1223725646649092,0.8366303443908691,8,0.16336965560913086,overexpose_gain2.5,overexpose,2.5,2
b25fdb41-4644e3f7.jpg,2053.4222763722146,0.30770399305555557,6.738036251876127,3.231511726050598,0.8909431099891663,3,0.10905689001083374,overexpose_gain2.5,overexpose,2.5,2
b27d5dcb-856c0b43.jpg,651.5525956603581,0.45310004340277776,5.795256527120321,1.178168885232154,0.8550497889518738,6,0.14495021104812622,overexpose_gain2.5,overexpose,2.5,2
b2afce7f-0cb9967a.jpg,796.4718102582723,0.5182584635416667,5.514466947372969,1.2397603015040164,0.8445503115653992,4,0.15544968843460083,overexpose_gain2.5,overexpose,2.5,2
b2e431b6-332c438d.jpg,778.5479856233374,0.18009114583333333,6.8495722561118235,1.1984768746970929,0.8754844069480896,4,0.1245155930519104,overexpose_gain2.5,overexpose,2.5,2
b2f4a409-5ddff11a.jpg,809.8875144765595,0.2098708767361111,7.052253572453988,1.29839304790618,0.5782095789909363,4,0.4217904210090637,overexpose_gain2.5,overexpose,2.5,2
b2fbf86d-d5de82a4.jpg,980.25393072585,0.30762369791666666,6.542430329073849,1.4510339611214715,0.8561709523200989,12,0.14382904767990112,overexpose_gain2.5,overexpose,2.5,2
b3110036-a32dc26e.jpg,718.4041013250237,0.5767947048611111,4.884737894716714,1.0869065425298445,0.7913359999656677,4,0.20866400003433228,overexpose_gain2.5,overexpose,2.5,2
b3826fd8-774c2e0a.jpg,577.3394069259031,0.2574782986111111,6.917489956900484,0.9662687533917695,0.8125730752944946,17,0.18742692470550537,overexpose_gain2.5,overexpose,2.5,2
b3875c8d-cc4081eb.jpg,1136.019970419985,0.3559939236111111,6.19486376119956,1.6191598016697248,0.8879666924476624,12,0.11203330755233765,overexpose_gain2.5,overexpose,2.5,2
b3a3d166-3a6a258d.jpg,201.27224382045404,0.7319932725694445,3.408222059011809,0.4466471502032401,0.8787727355957031,4,0.12122726440429688,overexpose_gain2.5,overexpose,2.5,2
b3c26aff-417063a0.jpg,822.2186009641861,0.3818012152777778,6.076934765052677,1.1189240080860015,0.8286216259002686,8,0.17137837409973145,overexpose_gain2.5,overexpose,2.5,2
b3f3c908-baffb699.jpg,2428.332995834679,0.1589626736111111,7.223884358200467,3.6335168116645393,0.727007269859314,3,0.27299273014068604,overexpose_gain2.5,overexpose,2.5,2
b4110365-9ae12ee1.jpg,133.4844635904759,0.7874305555555555,3.0184780918279803,0.35671674390222397,0.8743657469749451,5,0.12563425302505493,overexpose_gain2.5,overexpose,2.5,2
b4543c78-db967acc.jpg,869.5109645311038,0.5891427951388889,4.837467354696005,1.2470571549319858,0.73929363489151,3,0.26070636510849,overexpose_gain2.5,overexpose,2.5,2
b46478b0-167fe009.jpg,195.79551056566473,0.6402105034722222,4.045670946420406,0.4034904530756466,0.5330952405929565,1,0.46690475940704346,overexpose_gain2.5,overexpose,2.5,2
b46478b0-1eb55806.jpg,428.17703544604956,0.5723090277777778,4.766785027546396,0.6494454510518448,0.7385355830192566,14,0.2614644169807434,overexpose_gain2.5,overexpose,2.5,2
b472aeb8-f6353af9.jpg,1364.549527994452,0.26875542534722224,6.821540124004917,2.1255710816137765,0.7012389898300171,4,0.2987610101699829,overexpose_gain2.5,overexpose,2.5,2
b47f85d4-c6562257.jpg,397.99605355212844,0.5824066840277777,4.76351139188966,0.6905560971839123,0.7972793579101562,6,0.20272064208984375,overexpose_gain2.5,overexpose,2.5,2
b48c7b5f-cec3fed8.jpg,693.5232502661706,0.37230577256944447,6.109229621326777,1.2382337307456721,0.8647850751876831,10,0.1352149248123169,overexpose_gain2.5,overexpose,2.5,2
b49698d7-1999d598.jpg,309.62657876355087,0.544248046875,4.831149986100549,0.5300683462054055,0.8530507683753967,9,0.14694923162460327,overexpose_gain2.5,overexpose,2.5,2
b4b1aa64-e3cbad0f.jpg,1372.0943784799035,0.25735677083333336,6.702909546448632,1.8166993325975858,0.8855347633361816,15,0.11446523666381836,overexpose_gain2.5,overexpose,2.5,2
b4ef573f-5122732a.jpg,590.7612243534604,0.4571799045138889,5.449435960585249,1.0559699236722588,0.7825840711593628,5,0.2174159288406372,overexpose_gain2.5,overexpose,2.5,2
b4f2a76c-3ce3d91e.jpg,598.6529207666174,0.39631076388888886,5.961275829397607,0.8179942514075846,0.947118878364563,6,0.05288112163543701,overexpose_gain2.5,overexpose,2.5,2
b4f49565-abd6b20b.jpg,905.9055929003949,0.41120008680555553,6.149485264932936,1.4035982674915524,0.6993231177330017,11,0.3006768822669983,overexpose_gain2.5,overexpose,2.5,2
b5032e1d-d2f24352.jpg,879.7701460505729,0.5032671440972222,5.503554937929773,1.3784255573129518,0.8724245429039001,12,0.12757545709609985,overexpose_gain2.5,overexpose,2.5,2
b54735e3-4c968f67.jpg,584.5322417443546,0.07667426215277778,7.480508773459247,1.0765078320852934,0.9040021300315857,10,0.0959978699684143,overexpose_gain2.5,overexpose,2.5,2
b54a8089-d1989d8f.jpg,1111.1068634106657,0.19715494791666666,7.321963372720521,1.8974329809747867,0.8569355607032776,12,0.1430644392967224,overexpose_gain2.5,overexpose,2.5,2
b565c328-1e663060.jpg,683.1889114421971,0.322626953125,6.588434955101972,1.1027559255419164,0.8833416700363159,7,0.11665832996368408,overexpose_gain2.5,overexpose,2.5,2
b5961057-5e258e5e.jpg,1553.072261181555,0.39592881944444447,6.172275630046225,2.0881505207773783,0.8908305168151855,12,0.10916948318481445,overexpose_gain2.5,overexpose,2.5,2
b59d9baf-5fe6c3c0.jpg,552.9297367874418,0.6349587673611111,4.381069513909271,0.9408950348654777,0.726504921913147,12,0.273495078086853,overexpose_gain2.5,overexpose,2.5,2
b5a52ea9-2e1f4066.jpg,448.7813822672525,0.33328993055555556,6.434625666383667,1.0406962486005171,0.8296208381652832,3,0.1703791618347168,overexpose_gain2.5,overexpose,2.5,2
b5b2f593-25b7b157.jpg,662.1917606085775,0.34803276909722225,6.5473514085180575,1.1139914499005257,0.8643243312835693,7,0.13567566871643066,overexpose_gain2.5,overexpose,2.5,2
b5b44d2d-60f87448.jpg,715.3128285960433,0.4496017795138889,5.689194665046084,1.0318691821338375,0.8586345314979553,8,0.14136546850204468,overexpose_gain2.5,overexpose,2.5,2
b5c30297-f0b3279b.jpg,542.5960070302034,0.7480164930555555,3.32243454721402,0.9109170186716836,0.7981045246124268,7,0.20189547538757324,overexpose_gain2.5,overexpose,2.5,2
b690e7dd-1a1d38d1.jpg,1580.030930804952,0.30978081597222223,6.696303691331923,2.024813541640174,0.9096745252609253,10,0.09032547473907471,overexpose_gain2.5,overexpose,2.5,2
b72812e8-c636249b.jpg,1011.5289013790131,0.2972417534722222,6.823431347217398,1.481364595583186,0.9184823036193848,10,0.08151769638061523,overexpose_gain2.5,overexpose,2.5,2
b72b3974-9667b29a.jpg,819.8167869141364,0.6946365017361111,3.9768994947322547,1.012058819223885,0.8199789524078369,19,0.18002104759216309,overexpose_gain2.5,overexpose,2.5,2
b736c477-fb345fa9.jpg,266.98083836052035,0.3426638454861111,6.443966493870706,0.5984853958829034,0.7040076851844788,2,0.29599231481552124,overexpose_gain2.5,overexpose,2.5,2
b73a793e-ebf5917d.jpg,2878.99532356156,0.3600075954861111,6.515705606666189,3.761350608592954,0.7025679349899292,7,0.2974320650100708,overexpose_gain2.5,overexpose,2.5,2
b7404583-b504d500.jpg,578.2486712747788,0.2869368489583333,6.652042277384143,1.067306748953544,0.7854235172271729,10,0.21457648277282715,overexpose_gain2.5,overexpose,2.5,2
b74111eb-d21a119b.jpg,1002.5374956483901,0.3884809027777778,6.281989437581908,1.353222115393764,0.8904320597648621,12,0.10956794023513794,overexpose_gain2.5,overexpose,2.5,2
b747b30e-991436c7.jpg,641.1940663054243,0.37390299479166667,5.604174300551989,0.8120338872313656,0.4296294152736664,5,0.5703705847263336,overexpose_gain2.5,overexpose,2.5,2
b784ff27-baf00daa.jpg,703.5506922152297,0.3400423177083333,6.273816252051045,1.1413117396398509,0.8772768378257751,7,0.12272316217422485,overexpose_gain2.5,overexpose,2.5,2
b79307e6-6cfc1c5b.jpg,621.9980496527778,0.5089887152777778,5.3252315016406575,1.1585360834900373,0.8519248366355896,4,0.1480751633644104,overexpose_gain2.5,overexpose,2.5,2
b7d9a95e-f9901594.jpg,1820.6832354650394,0.28509765625,6.873234807720112,2.3504548047458633,0.8872243762016296,10,0.11277562379837036,overexpose_gain2.5,overexpose,2.5,2
b7eb6c3d-e1598570.jpg,821.2042247093943,0.5652398003472222,5.029216648442608,1.2024772367514296,0.9013398885726929,7,0.09866011142730713,overexpose_gain2.5,overexpose,2.5,2
b7ec8e2f-b673fc33.jpg,173.15514307145017,0.42203233506944443,5.026933247852569,0.41402939131428373,0.46576881408691406,1,0.5342311859130859,overexpose_gain2.5,overexpose,2.5,2
b7f452e4-1e8b6f3a.jpg,148.71293966047384,0.77318359375,2.9561023809102194,0.35498279080554823,0.11318719387054443,0,0.8868128061294556,overexpose_gain2.5,overexpose,2.5,2
b7fd2970-e46faf78.jpg,629.6806087112944,0.47078776041666665,5.622734441008113,1.0717799245278747,0.7804586291313171,10,0.21954137086868286,overexpose_gain2.5,overexpose,2.5,2
b89bf84d-d2c2e5a7.jpg,1685.1189075774728,0.4926833767361111,5.465201921803109,2.3011433367275225,0.8606128692626953,11,0.1393871307373047,overexpose_gain2.5,overexpose,2.5,2
b8b15e54-2ccd7fd0.jpg,894.4609022741951,0.5051540798611112,5.335635412480258,1.0902883998495525,0.886760413646698,17,0.113239586353302,overexpose_gain2.5,overexpose,2.5,2
b8c7c957-84df8251.jpg,102.04398107502192,0.7961751302083333,2.7459592879982724,0.3088690173059162,0.5704624652862549,6,0.4295375347137451,overexpose_gain2.5,overexpose,2.5,2
b8ca6c5d-22de751a.jpg,1305.824931025451,0.20080729166666667,6.97980706634689,1.7113406819518013,0.7981634140014648,9,0.20183658599853516,overexpose_gain2.5,overexpose,2.5,2
b8e63e55-369d821c.jpg,465.46716644362346,0.3694878472222222,5.86503047755046,0.830141484070275,0.8878733515739441,12,0.11212664842605591,overexpose_gain2.5,overexpose,2.5,2
b919f6f7-9c71d913.jpg,1062.8338742511846,0.40282877604166667,6.208977311219288,1.3943924038668227,0.2572075128555298,1,0.7427924871444702,overexpose_gain2.5,overexpose,2.5,2
b94daedc-7045933e.jpg,467.0499900354916,0.40029296875,5.925881536942964,0.8671415891669384,0.7678784132003784,4,0.23212158679962158,overexpose_gain2.5,overexpose,2.5,2
b94f6bc8-32f10d36.jpg,496.29288826943724,0.4379752604166667,5.842120360629265,0.8198727575062806,0.8357639312744141,13,0.16423606872558594,overexpose_gain2.5,overexpose,2.5,2
b9597719-09a2458c.jpg,429.2594941692588,0.39519314236111114,5.989697167083359,0.9561238643602147,0.7050563097000122,2,0.2949436902999878,overexpose_gain2.5,overexpose,2.5,2
b9c2521e-2db68bde.jpg,686.0009842881087,0.3939973958333333,5.901991741303005,1.0887411136216274,0.8075550198554993,12,0.19244498014450073,overexpose_gain2.5,overexpose,2.5,2
b9e4cb3d-975f9d1d.jpg,2168.8560698560505,0.35046223958333333,6.3159532754309655,3.0138529213092546,0.7846037745475769,5,0.2153962254524231,overexpose_gain2.5,overexpose,2.5,2
b9e4cb3d-98ed4484.jpg,194.74915951151885,0.5463498263888888,4.8258041161358625,0.4866694374334819,0.8588138222694397,7,0.1411861777305603,overexpose_gain2.5,overexpose,2.5,2
ba122c97-403fd75d.jpg,844.7852879047913,0.3270529513888889,6.394397100421882,1.6007066434811037,0.894533634185791,14,0.10546636581420898,overexpose_gain2.5,overexpose,2.5,2
ba41a907-1793986f.jpg,1029.2899137615616,0.45897786458333334,5.417370549535738,1.3745110164897358,0.8119062185287476,6,0.18809378147125244,overexpose_gain2.5,overexpose,2.5,2
ba4bcdc5-3d4f7a56.jpg,453.6741423486488,0.46027452256944446,5.552576566362693,0.8073496870383373,0.8840561509132385,8,0.11594384908676147,overexpose_gain2.5,overexpose,2.5,2
ba4d05f6-24c9c3cf.jpg,298.2977940514352,0.27084092881944444,6.74743053996084,0.5311359896376504,0.5431233644485474,8,0.45687663555145264,overexpose_gain2.5,overexpose,2.5,2
bab692c9-3cd892ff.jpg,1603.5256741738208,0.4956553819444444,5.4341110888188595,2.1553749512775773,0.7896559834480286,14,0.21034401655197144,overexpose_gain2.5,overexpose,2.5,2
bab692c9-a16f15b4.jpg,2767.4809720792887,0.2992350260416667,6.617219186571893,3.1132894517226615,0.8786296248435974,17,0.12137037515640259,overexpose_gain2.5,overexpose,2.5,2
bae5905c-b009aff3.jpg,1650.216289696922,0.38807291666666666,6.286431901789092,2.112043424692422,0.8336017727851868,12,0.16639822721481323,overexpose_gain2.5,overexpose,2.5,2
baf870f0-a1a64cd6.jpg,730.0416430400322,0.5313585069444444,5.408865178999303,1.043580934650284,0.6552786827087402,9,0.34472131729125977,overexpose_gain2.5,overexpose,2.5,2
bb051d4e-49d5fed8.jpg,1177.368161363724,0.49048936631944445,5.60577919444062,1.9321484657119599,0.8161749839782715,5,0.18382501602172852,overexpose_gain2.5,overexpose,2.5,2
bb4abf02-01cd2796.jpg,555.1897157301147,0.32503797743055557,6.1854837892222125,0.8432215957916732,0.6406415700912476,4,0.35935842990875244,overexpose_gain2.5,overexpose,2.5,2
bb725082-6cfb3269.jpg,660.5263853254794,0.35633355034722225,6.279226996937666,1.0718256806749709,0.9136390686035156,6,0.08636093139648438,overexpose_gain2.5,overexpose,2.5,2
bb76c63a-f232154d.jpg,2317.93950149908,0.2966666666666667,6.808416327397378,3.029442564202735,0.8454976081848145,6,0.15450239181518555,overexpose_gain2.5,overexpose,2.5,2
bb9071ac-8e2bc8fe.jpg,410.0580920572917,0.48280924479166665,5.37738286514362,0.49714213169796484,0.9005972743034363,8,0.09940272569656372,overexpose_gain2.5,overexpose,2.5,2
bb9f498e-5ea84006.jpg,1058.6733538962364,0.35817057291666665,6.14685094076832,1.2207225573166736,0.7192159295082092,9,0.28078407049179077,overexpose_gain2.5,overexpose,2.5,2
bb9f498e-62cc407e.jpg,2255.9877301488978,0.4183355034722222,6.093251924698554,3.052787760207762,0.8443343043327332,9,0.15566569566726685,overexpose_gain2.5,overexpose,2.5,2
bbb1289a-b49fe5de.jpg,439.5316682685747,0.282529296875,6.539492933490342,0.6322643592810029,0.8862621784210205,11,0.11373782157897949,overexpose_gain2.5,overexpose,2.5,2
bc24f222-f198b643.jpg,462.04260183781736,0.4738368055555556,5.490487998242767,0.8760817939674826,0.8508419394493103,1,0.1491580605506897,overexpose_gain2.5,overexpose,2.5,2
bc5fadac-96776d48.jpg,137.53818133261876,0.8046614583333334,2.509945972077104,0.3024831892544593,0.5314179062843323,1,0.4685820937156677,overexpose_gain2.5,overexpose,2.5,2
bc5fadac-fa6dd225.jpg,318.3575455717111,0.6274197048611111,4.266853694814156,0.7164149219264332,0.3728521466255188,1,0.6271478533744812,overexpose_gain2.5,overexpose,2.5,2
bcaa771b-806e4fcd.jpg,722.1188699987154,0.6003776041666666,4.650160728209981,0.8147398739006821,0.5272324085235596,3,0.47276759147644043,overexpose_gain2.5,overexpose,2.5,2
bcaf57de-8a71dbde.jpg,1165.3148502600357,0.39540147569444445,6.009554923499417,1.4905099062968332,0.7693471908569336,13,0.2306528091430664,overexpose_gain2.5,overexpose,2.5,2
bcfdd6af-c3d0b55a.jpg,285.3357479179277,0.5027408854166666,5.324387072947866,0.570695707261427,0.7576534748077393,3,0.24234652519226074,overexpose_gain2.5,overexpose,2.5,2
bd338426-4b27de63.jpg,557.3983597021588,0.5091861979166666,5.3232332616857345,0.9822647381885674,0.7896163463592529,7,0.21038365364074707,overexpose_gain2.5,overexpose,2.5,2
bd5d35a0-1357b0da.jpg,223.19091686652737,0.7751768663194445,3.273373830737683,0.4638425834530227,0.37955355644226074,1,0.6204464435577393,overexpose_gain2.5,overexpose,2.5,2
bd8f4dfa-4e126a95.jpg,1455.0374449765227,0.42810546875,5.918364299560213,2.031386491845427,0.11574414372444153,0,0.8842558562755585,overexpose_gain2.5,overexpose,2.5,2
bdfc0f1d-375eba4a.jpg,813.068129704453,0.36783094618055556,6.008304847411956,1.4667906936267363,0.8264644742012024,6,0.1735355257987976,overexpose_gain2.5,overexpose,2.5,2
be047105-0662bd2d.jpg,742.022196168306,0.5499858940972222,5.0182603481189965,1.014460220197606,0.9114601612091064,10,0.08853983879089355,overexpose_gain2.5,overexpose,2.5,2
be448414-11891b58.jpg,173.48838318096682,0.7780902777777777,3.1406220808160903,0.31701270091894984,0.69493567943573,11,0.30506432056427,overexpose_gain2.5,overexpose,2.5,2
be8590fa-9ab10ced.jpg,655.278578143607,0.3112673611111111,6.536641952056598,1.173036456911601,0.8142130970954895,9,0.1857869029045105,overexpose_gain2.5,overexpose,2.5,2
beaa0c22-9f7d6767.jpg,1593.651555871802,0.17370659722222223,6.901450906772695,2.6338023635281473,0.6704679727554321,4,0.32953202724456787,overexpose_gain2.5,overexpose,2.5,2
beb87fd7-6120b637.jpg,1277.850465160312,0.3587782118055556,6.596978918727019,1.635037639997155,0.8699882626533508,7,0.13001173734664917,overexpose_gain2.5,overexpose,2.5,2
bed001a8-2339fb95.jpg,662.7986822933195,0.34828233506944445,5.9915797166233595,0.9988585122504133,0.8516127467155457,9,0.14838725328445435,overexpose_gain2.5,overexpose,2.5,2
bee1f0a4-22dbabcd.jpg,1425.8493447367357,0.4996896701388889,5.654338578488481,2.255421563652267,0.8910143375396729,2,0.10898566246032715,overexpose_gain2.5,overexpose,2.5,2
bfaca2bb-f1c305a8.jpg,1854.8379794492826,0.30881293402777776,6.776613638610752,2.8914165285980094,0.9029967784881592,7,0.09700322151184082,overexpose_gain2.5,overexpose,2.5,2
bfd64d5f-a12327b4.jpg,334.5377867454952,0.5660460069444444,4.9668088306904625,0.8214874259209742,0.9023987650871277,8,0.09760123491287231,overexpose_gain2.5,overexpose,2.5,2
bfd64d5f-d141be33.jpg,965.463020218743,0.36896701388888886,6.295448518926994,1.4357445787156518,0.8664006590843201,15,0.13359934091567993,overexpose_gain2.5,overexpose,2.5,2
c022e075-de13593a.jpg,88.40389844724754,0.32037000868055554,6.315566642561782,0.33689909643153976,0.4610442519187927,2,0.5389557480812073,overexpose_gain2.5,overexpose,2.5,2
c02d18db-023c1955.jpg,746.4963734422425,0.42519422743055557,6.013895755572195,1.1421078055423157,0.8098455667495728,13,0.19015443325042725,overexpose_gain2.5,overexpose,2.5,2
c036f281-a0c90e9a.jpg,925.8815217925603,0.28414930555555556,6.638337347524347,1.5946527182279864,0.8402184844017029,9,0.15978151559829712,overexpose_gain2.5,overexpose,2.5,2
c05767da-e6e016b5.jpg,348.7026856662326,0.5380967881944444,5.1535210372599725,0.6546646111736099,0.7244497537612915,7,0.2755502462387085,overexpose_gain2.5,overexpose,2.5,2
c0677163-8371743a.jpg,141.18554677869548,0.2847764756944444,6.719835771796005,0.4605551977803045,0.7635387182235718,11,0.23646128177642822,overexpose_gain2.5,overexpose,2.5,2
c0c954a7-0c7fa0bb.jpg,804.1160352308437,0.492900390625,5.457865647020526,1.437498336711817,0.8942956924438477,6,0.10570430755615234,overexpose_gain2.5,overexpose,2.5,2
c0e24bac-d541b20d.jpg,397.6445192264872,0.3501931423611111,6.031643204874026,0.7327635249911516,0.5021665096282959,7,0.4978334903717041,overexpose_gain2.5,overexpose,2.5,2
c0e74e90-9684bfc2.jpg,872.7528245326278,0.3943088107638889,5.9565148163320005,1.6178624669319075,0.5178287625312805,4,0.4821712374687195,overexpose_gain2.5,overexpose,2.5,2
c11add12-bb59c2a1.jpg,1449.1863269346718,0.4223904079861111,6.191196184985975,1.9194441917958147,0.9153339266777039,2,0.08466607332229614,overexpose_gain2.5,overexpose,2.5,2
c1211833-1ba939db.jpg,529.3233585042315,0.5078569878472222,5.389588992783345,0.7751125464476141,0.7643550634384155,8,0.23564493656158447,overexpose_gain2.5,overexpose,2.5,2
c12e6924-5860d30a.jpg,429.74579307454434,0.48328233506944446,5.409377314826681,0.7853298258014405,0.776128888130188,8,0.223871111869812,overexpose_gain2.5,overexpose,2.5,2
c15c29a5-74788f46.jpg,2351.3846954457554,0.26727430555555554,6.991662889847729,2.9342841197215623,0.8712430596351624,20,0.12875694036483765,overexpose_gain2.5,overexpose,2.5,2
c1757757-140fa8b6.jpg,729.0677194251542,0.3881391059027778,6.242643042854106,1.106758108736436,0.8913386464118958,11,0.10866135358810425,overexpose_gain2.5,overexpose,2.5,2
c197a2a7-20f63536.jpg,1575.5067786437978,0.33095269097222224,6.6903278196549945,2.6863752659715994,0.6037794351577759,2,0.3962205648422241,overexpose_gain2.5,overexpose,2.5,2
c197a2a7-5b960a7f.jpg,1141.1132260619697,0.20994140625,6.87437970016874,1.757191983622568,0.7770259976387024,11,0.2229740023612976,overexpose_gain2.5,overexpose,2.5,2
c1a07cae-73529cf4.jpg,802.0553599626704,0.3377365451388889,6.044314083245556,1.3165873765463019,0.7040154933929443,3,0.29598450660705566,overexpose_gain2.5,overexpose,2.5,2
c1b3582d-7a6b9124.jpg,1104.6055930716611,0.37893880208333336,6.168932166305784,1.654693205991558,0.6448866724967957,6,0.35511332750320435,overexpose_gain2.5,overexpose,2.5,2
c1b3582d-b9c87c82.jpg,694.4596471146009,0.5430750868055556,5.211288485265532,0.9905347634017921,0.8130439519882202,6,0.18695604801177979,overexpose_gain2.5,overexpose,2.5,2
c1b5a91c-9e402e78.jpg,324.2995789839381,0.31823025173611114,6.358002656523714,0.7316735725916659,0.7845805883407593,9,0.21541941165924072,overexpose_gain2.5,overexpose,2.5,2
c1bbc01a-42a391bd.jpg,539.9265808947517,0.5692198350694444,4.781013397509746,1.0001720096073543,0.8152540326118469,6,0.18474596738815308,overexpose_gain2.5,overexpose,2.5,2
c1bd4140-1f2bd79e.jpg,531.8672404810578,0.25342447916666666,6.756918463781851,1.0489956396991915,0.8195567727088928,4,0.18044322729110718,overexpose_gain2.5,overexpose,2.5,2
c1fdd182-0431866d.jpg,727.3824894412463,0.4241775173611111,5.946879043467701,1.4902765727108946,0.7738564014434814,6,0.22614359855651855,overexpose_gain2.5,overexpose,2.5,2
c242b4b8-0dab228f.jpg,223.24675053558215,0.6585546875,3.898293676372454,0.361058114455815,0.7085522413253784,2,0.2914477586746216,overexpose_gain2.5,overexpose,2.5,2
c292800e-4290dbb9.jpg,897.0116544041939,0.3509765625,6.182709927468853,1.3741422356026918,0.745854377746582,13,0.25414562225341797,overexpose_gain2.5,overexpose,2.5,2
c2987e05-cb9bfcee.jpg,1133.4497377647294,0.3765277777777778,6.140974093849689,1.6710636627384716,0.4744639992713928,2,0.5255360007286072,overexpose_gain2.5,overexpose,2.5,2
c29d13ba-67447c50.jpg,143.84832017639542,0.3883778211805556,6.00196092833698,0.3618487169377311,0.859704852104187,6,0.140295147895813,overexpose_gain2.5,overexpose,2.5,2
c2b457e5-36e3ecee.jpg,640.6522882838202,0.39940755208333334,6.232131759426883,1.1381700451817673,0.6535197496414185,8,0.34648025035858154,overexpose_gain2.5,overexpose,2.5,2
c2d051a0-31c90f75.jpg,834.1250517618519,0.6031944444444445,4.634982171467915,1.0924116216603303,0.810912013053894,10,0.18908798694610596,overexpose_gain2.5,overexpose,2.5,2
c2f88368-4292c1a0.jpg,551.7021353430805,0.5709841579861111,4.849303180978945,0.811049333319967,0.8104979395866394,4,0.1895020604133606,overexpose_gain2.5,overexpose,2.5,2
c2f8b141-5ef7d661.jpg,1453.969413583545,0.5612000868055556,5.211356128332404,1.929062316029456,0.9055160284042358,8,0.09448397159576416,overexpose_gain2.5,overexpose,2.5,2
c30226a9-f882478c.jpg,789.0238318003322,0.47479166666666667,5.655344053147509,1.0249907356628971,0.8168907761573792,4,0.18310922384262085,overexpose_gain2.5,overexpose,2.5,2
c3287e28-f6bcc9ef.jpg,480.1169693435375,0.5331608072916667,5.005462944120483,0.8784251460978726,0.8155150413513184,4,0.18448495864868164,overexpose_gain2.5,overexpose,2.5,2
c3436372-070af78a.jpg,1172.5763804639166,0.4903385416666667,5.713702433343249,2.0684690035353683,0.05865849554538727,0,0.9413415044546127,overexpose_gain2.5,overexpose,2.5,2
c3436372-eb18934d.jpg,360.96132665336415,0.6115776909722223,4.275870838428361,0.6201806388821922,0.5986112952232361,1,0.4013887047767639,overexpose_gain2.5,overexpose,2.5,2
c352d9c5-d0019b8b.jpg,492.7713985061352,0.40458984375,6.046910212601742,0.9391615370538476,0.8410113453865051,8,0.15898865461349487,overexpose_gain2.5,overexpose,2.5,2
c3668a3d-22233f64.jpg,443.3792129161965,0.3915473090277778,6.013183615085939,0.7892566593208913,0.5232646465301514,9,0.47673535346984863,overexpose_gain2.5,overexpose,2.5,2
c366973d-c03525b0.jpg,1344.6494672110048,0.36703233506944444,6.283588437296352,1.6958405025698071,0.8099130988121033,7,0.19008690118789673,overexpose_gain2.5,overexpose,2.5,2
c3804a06-26cf84ff.jpg,2850.108057634701,0.39294921875,6.3076850708389625,3.67588632094806,0.8882299661636353,4,0.11177003383636475,overexpose_gain2.5,overexpose,2.5,2
c389631f-a4b2d909.jpg,1493.4703803921159,0.40949327256944446,5.960575293978829,2.416752274892949,,0,0.0,overexpose_gain2.5,overexpose,2.5,2
c389631f-b7bb20cb.jpg,745.940479831214,0.5595052083333333,4.9364830633968015,1.2062283302432273,0.5517544150352478,3,0.4482455849647522,overexpose_gain2.5,overexpose,2.5,2
c39ddb2c-db949106.jpg,886.509574324544,0.211416015625,6.941193967654062,1.2479183265959906,0.8598877787590027,18,0.14011222124099731,overexpose_gain2.5,overexpose,2.5,2
c3c28990-04db5664.jpg,1307.5398118187688,0.33778862847222224,6.446868410754256,1.7466924275403868,0.8796666264533997,10,0.12033337354660034,overexpose_gain2.5,overexpose,2.5,2
c3e87419-dd6f2321.jpg,47.1301812051549,0.30830186631944445,6.4515852413579236,0.2960424993549915,0.6757451891899109,7,0.3242548108100891,overexpose_gain2.5,overexpose,2.5,2
c41203a6-f2bee3f0.jpg,1020.3807063950319,0.5118467881944444,5.332255038612386,1.3300116837622744,0.8303033709526062,6,0.1696966290473938,overexpose_gain2.5,overexpose,2.5,2
c414ea72-128822b2.jpg,952.38667743046,0.5831206597222223,4.653170545686622,1.3169415883118825,0.8572167158126831,11,0.1427832841873169,overexpose_gain2.5,overexpose,2.5,2
c43052f6-d90711e9.jpg,1347.979940062203,0.4254025607638889,5.964700708751142,1.9352587455018877,0.9055575728416443,14,0.09444242715835571,overexpose_gain2.5,overexpose,2.5,2
c43c290b-61f94939.jpg,486.1342519046631,0.5144259982638889,4.932343217709966,0.693099774734425,0.7805660963058472,7,0.21943390369415283,overexpose_gain2.5,overexpose,2.5,2
c4a9c191-20e1a3c3.jpg,457.4811073650772,0.40490017361111114,6.064115922248783,0.8275604731460123,0.8709396719932556,4,0.12906032800674438,overexpose_gain2.5,overexpose,2.5,2
c4d83625-8af1c66e.jpg,648.4691123767237,0.4261447482638889,5.600374014950255,1.32926091872186,0.7029434442520142,9,0.29705655574798584,overexpose_gain2.5,overexpose,2.5,2
c4f65761-92ca62d4.jpg,329.16138530962434,0.3251953125,6.609851183420947,0.7947897384816895,0.8668936491012573,3,0.13310635089874268,overexpose_gain2.5,overexpose,2.5,2
c5578df5-1318c8a5.jpg,1041.730481316572,0.42994249131944445,5.906977383113908,1.3820334636578662,0.8788236975669861,10,0.12117630243301392,overexpose_gain2.5,overexpose,2.5,2
c5584f14-7fcc4797.jpg,37.44547928477627,0.22535264756944445,6.7953261809763825,0.24769782913126573,0.5154669880867004,1,0.48453301191329956,overexpose_gain2.5,overexpose,2.5,2
c55ab634-b93da9ef.jpg,689.3387532489336,0.36215386284722223,6.224939663362843,1.2934827986879451,0.7177966237068176,6,0.2822033762931824,overexpose_gain2.5,overexpose,2.5,2
c563b8a0-c21b10e8.jpg,977.2904383110701,0.34722547743055554,6.386027518026976,1.7444849779961484,0.8010526895523071,9,0.19894731044769287,overexpose_gain2.5,overexpose,2.5,2
c564c92b-2f727c05.jpg,968.0858254950615,0.2792154947916667,6.85458085005728,1.6087699692835653,0.7402196526527405,5,0.2597803473472595,overexpose_gain2.5,overexpose,2.5,2
c5b2506d-1241a008.jpg,1225.5739544229275,0.23598958333333334,7.049380616715776,1.5819621028632131,0.9004403948783875,8,0.09955960512161255,overexpose_gain2.5,overexpose,2.5,2
c5b7db86-88bceca0.jpg,2742.248360948276,0.28949869791666666,6.753358483363721,3.2484216955767056,0.8907430171966553,9,0.10925698280334473,overexpose_gain2.5,overexpose,2.5,2
c5b80ec1-6efedb0e.jpg,742.8592562262211,0.44283745659722223,5.502529499661523,1.07550939198,0.22536581754684448,0,0.7746341824531555,overexpose_gain2.5,overexpose,2.5,2
c5c9ead6-dab2dae6.jpg,485.8859449227777,0.5365201822916666,5.269169691426821,0.9333741811950073,0.7175835371017456,3,0.2824164628982544,overexpose_gain2.5,overexpose,2.5,2
c5dd7de4-53608747.jpg,252.10274411160393,0.8347840711805555,2.399853724171629,0.47493788001754605,0.715089738368988,2,0.28491026163101196,overexpose_gain2.5,overexpose,2.5,2
c5e8ab3b-6e92761c.jpg,146.26220484634214,0.7112272135416666,3.4030451840867126,0.30582270506491394,0.7679467797279358,6,0.2320532202720642,overexpose_gain2.5,overexpose,2.5,2
c5f2e071-fcf05969.jpg,373.66492344827526,0.5686100260416667,4.587752899558067,0.6742751039484853,0.9438430666923523,8,0.056156933307647705,overexpose_gain2.5,overexpose,2.5,2
c640ffda-035e5b98.jpg,263.7743663663971,0.5075933159722222,5.433438680818822,0.5911584936419155,0.6884046196937561,3,0.3115953803062439,overexpose_gain2.5,overexpose,2.5,2
c675081b-df5291b4.jpg,825.5628302714866,0.19746744791666668,7.130946568572728,1.1507853108714718,0.7902829647064209,13,0.2097170352935791,overexpose_gain2.5,overexpose,2.5,2
c6758a15-46130d04.jpg,670.3458571790715,0.49959852430555557,5.387685872856593,0.9927797739623035,0.7874206304550171,5,0.2125793695449829,overexpose_gain2.5,overexpose,2.5,2
c685aea9-2f9e84d2.jpg,1595.512367175744,0.4159385850694444,5.979687168787679,2.2085740983014355,0.5962867140769958,5,0.40371328592300415,overexpose_gain2.5,overexpose,2.5,2
c71de7ef-ad5d9110.jpg,1520.4646087020874,0.2811599392361111,6.529818597707678,1.8901912170373512,0.9342917799949646,5,0.0657082200050354,overexpose_gain2.5,overexpose,2.5,2
c734eb0a-9d6807cb.jpg,177.6181549288325,0.42532335069444444,5.311628512622358,0.4294257657058507,0.9006170034408569,5,0.09938299655914307,overexpose_gain2.5,overexpose,2.5,2
c737e602-e8793fdc.jpg,924.4610401812469,0.4242024739583333,5.679328432662448,1.4464631269048307,0.9089465737342834,16,0.09105342626571655,overexpose_gain2.5,overexpose,2.5,2
c7fee392-08329b19.jpg,1265.1122096676002,0.3825564236111111,6.258554295268766,1.8480006347768039,0.7094640135765076,7,0.29053598642349243,overexpose_gain2.5,overexpose,2.5,2
c80cf60a-9a7aabc6.jpg,162.86457988484233,0.6772580295138889,3.980504665049075,0.4301241729660058,0.9047825336456299,11,0.09521746635437012,overexpose_gain2.5,overexpose,2.5,2
c8152bfa-28181ba4.jpg,1017.2736393025615,0.22211046006944443,6.922783407201733,1.5687547389715324,0.9237993359565735,12,0.07620066404342651,overexpose_gain2.5,overexpose,2.5,2
c85ca3b9-72a968aa.jpg,353.0590460365191,0.38410264756944446,6.050158923419198,0.7630222244156403,0.8992165923118591,4,0.10078340768814087,overexpose_gain2.5,overexpose,2.5,2
c8792c3c-a42cb3f6.jpg,796.4686059393132,0.30427734375,6.5632134249879766,1.3805355758574034,0.5844138264656067,19,0.4155861735343933,overexpose_gain2.5,overexpose,2.5,2
c88b26c5-0a03ff8e.jpg,1017.4612921188251,0.4087141927083333,5.933751112455397,1.5507127031792087,0.8501918315887451,2,0.14980816841125488,overexpose_gain2.5,overexpose,2.5,2
c897cc2b-2a1bc9f0.jpg,320.75312364253205,0.22480685763888889,6.950903252379682,0.7671666841869516,0.7700248956680298,4,0.22997510433197021,overexpose_gain2.5,overexpose,2.5,2
c8a5a379-cb506f54.jpg,1102.2591607421123,0.26314995659722223,6.5986524581578685,1.629642284562691,0.7788287401199341,16,0.22117125988006592,overexpose_gain2.5,overexpose,2.5,2
c8a830e0-95b22cac.jpg,625.4776672315705,0.5137651909722222,5.2313727816699265,1.112901269858517,0.7767648100852966,4,0.22323518991470337,overexpose_gain2.5,overexpose,2.5,2
c8bad943-c78f2df3.jpg,315.4332237382571,0.3542827690972222,5.776704423583112,0.5137759708438352,0.6227830648422241,4,0.3772169351577759,overexpose_gain2.5,overexpose,2.5,2
c8e8f29f-09ac075a.jpg,486.08180386013436,0.4623491753472222,5.304870246800593,0.733703916253114,0.801262617111206,6,0.19873738288879395,overexpose_gain2.5,overexpose,2.5,2
c8ef1a34-e7c66c0c.jpg,322.135001255119,0.19662651909722223,6.784169165568576,0.4752406445729588,0.7973548769950867,5,0.20264512300491333,overexpose_gain2.5,overexpose,2.5,2
c90b5398-63556b1c.jpg,371.3945316330898,0.6279730902777778,4.127867878085941,0.8531950700035095,0.5326891541481018,7,0.4673108458518982,overexpose_gain2.5,overexpose,2.5,2
c911f50f-e7958776.jpg,2653.7104810601404,0.36897569444444445,6.488127651883416,3.2267458021918607,0.8989339470863342,8,0.10106605291366577,overexpose_gain2.5,overexpose,2.5,2
c91a3cef-e63379c7.jpg,465.6779133442056,0.5590809461805556,4.704379594170616,0.7280567881883596,0.8777120113372803,6,0.12228798866271973,overexpose_gain2.5,overexpose,2.5,2
c9240f77-08db8836.jpg,169.0453123733332,0.43610460069444446,5.511402808122472,0.5101578205853917,0.58871990442276,7,0.41128009557724,overexpose_gain2.5,overexpose,2.5,2
c927d51b-cb5b7850.jpg,1146.8064295866743,0.3378559027777778,6.319176436929907,1.5164465847821744,0.9084763526916504,12,0.09152364730834961,overexpose_gain2.5,overexpose,2.5,2
c928749e-62bc39dd.jpg,390.6606604832355,0.22374240451388888,6.968151829401172,0.9264429216587617,0.9018662571907043,4,0.09813374280929565,overexpose_gain2.5,overexpose,2.5,2
c9375798-85c143f7.jpg,489.737085399363,0.48347330729166665,5.475930016967448,0.923711666669407,0.880622386932373,6,0.11937761306762695,overexpose_gain2.5,overexpose,2.5,2
c9403737-55c6220f.jpg,440.3186328726768,0.8194954427083333,2.421127550925319,0.721562829938541,0.40591803193092346,1,0.5940819680690765,overexpose_gain2.5,overexpose,2.5,2
c9403737-9675db60.jpg,1496.0226573120865,0.4326291232638889,5.885550898739879,2.283968618947321,0.8708540797233582,7,0.12914592027664185,overexpose_gain2.5,overexpose,2.5,2
c9403737-bf414a95.jpg,174.98443483965372,0.8729144965277778,2.037300229009662,0.3901369426842855,0.1070566177368164,0,0.8929433822631836,overexpose_gain2.5,overexpose,2.5,2
c96109b8-caf84a36.jpg,2256.6264730784055,0.22895941840277778,6.979405110087848,2.9576177059579227,0.9166452884674072,6,0.08335471153259277,overexpose_gain2.5,overexpose,2.5,2
c992d89e-45d612c4.jpg,440.6860219592519,0.2932931857638889,6.697096575413391,0.8405900482273341,0.8314525485038757,11,0.16854745149612427,overexpose_gain2.5,overexpose,2.5,2
c9a9a2a9-57519e11.jpg,1709.5100689252115,0.3321213107638889,6.634484516639777,1.983720423982367,0.9234007000923157,10,0.07659929990768433,overexpose_gain2.5,overexpose,2.5,2
c9b29647-95da8336.jpg,30.333892871422236,0.7287391493055555,2.927538637579934,0.12217983958797415,0.5542737245559692,2,0.44572627544403076,overexpose_gain2.5,overexpose,2.5,2
c9b82f4e-fd73af29.jpg,2488.488167766128,0.20140733506944444,7.194443626065851,3.8345281187086404,0.9309024810791016,8,0.06909751892089844,overexpose_gain2.5,overexpose,2.5,2
c9c31e57-45b42452.jpg,1252.0188724133518,0.5443500434027778,5.243328774069674,1.578488733249313,0.8177860379219055,12,0.18221396207809448,overexpose_gain2.5,overexpose,2.5,2
c9fb1a4c-0bd0ea9d.jpg,1748.6275678573315,0.5747819010416667,4.80566526429743,2.4473380966227976,0.4671807587146759,2,0.5328192412853241,overexpose_gain2.5,overexpose,2.5,2
ca009e13-fdb666f6.jpg,1655.9767488225305,0.4538031684027778,5.799314592256849,1.8154677865488769,0.8214389085769653,13,0.17856109142303467,overexpose_gain2.5,overexpose,2.5,2
ca2c7c84-5902ee09.jpg,951.5916305982694,0.21891276041666666,6.971955063675386,1.323468099442471,0.7488003373146057,8,0.2511996626853943,overexpose_gain2.5,overexpose,2.5,2
b1d7b3ac-36f2d3b7.jpg,161.16029837628471,0.7460601128472222,3.0991674084198517,0.36999194526571894,0.6748600006103516,4,0.32513999938964844,overexpose_gain4,overexpose,4.0,3
b20d494a-cdebe83e.jpg,336.23118745165095,0.5189735243055555,4.846580762317038,0.4539519711195099,0.4764568507671356,3,0.5235431492328644,overexpose_gain4,overexpose,4.0,3
b231a630-c4522992.jpg,407.51781500732864,0.5436729600694444,4.927089611232612,0.9482451566437979,0.773216724395752,8,0.22678327560424805,overexpose_gain4,overexpose,4.0,3
b25fdb41-4644e3f7.jpg,919.3191534083568,0.6592296006944445,4.574200311510841,1.8106385780687824,0.8497212529182434,3,0.1502787470817566,overexpose_gain4,overexpose,4.0,3
b27d5dcb-856c0b43.jpg,515.7794979539931,0.5914561631944445,4.800225671070485,0.9791842795691351,0.8143759369850159,4,0.18562406301498413,overexpose_gain4,overexpose,4.0,3
b2afce7f-0cb9967a.jpg,556.882684420192,0.755888671875,3.4781774795517855,0.8380937203215778,0.5019760131835938,3,0.49802398681640625,overexpose_gain4,overexpose,4.0,3
b2e431b6-332c438d.jpg,878.5069948880224,0.22580186631944443,6.832429953603365,1.3992127342885252,0.9007043242454529,4,0.09929567575454712,overexpose_gain4,overexpose,4.0,3
b2f4a409-5ddff11a.jpg,756.9529963682659,0.3153754340277778,6.566218914543758,1.2507062645735392,0.49030300974845886,4,0.5096969902515411,overexpose_gain4,overexpose,4.0,3
b2fbf86d-d5de82a4.jpg,724.95544026556,0.6572395833333333,4.167349292595275,1.185375592221068,0.8619371652603149,12,0.13806283473968506,overexpose_gain4,overexpose,4.0,3
b3110036-a32dc26e.jpg,375.18038544981107,0.8185611979166667,2.7870474178590268,0.6537793094021812,0.732742190361023,2,0.26725780963897705,overexpose_gain4,overexpose,4.0,3
b3826fd8-774c2e0a.jpg,526.7657201197309,0.527783203125,5.178643773515479,0.8937008699523201,0.7783728837966919,15,0.2216271162033081,overexpose_gain4,overexpose,4.0,3
b3875c8d-cc4081eb.jpg,1156.296631777992,0.4596701388888889,5.503676641437377,1.7503752282753244,0.9025632739067078,10,0.09743672609329224,overexpose_gain4,overexpose,4.0,3
b3a3d166-3a6a258d.jpg,86.46296749581118,0.8543923611111112,2.0577433830053087,0.27287554744536946,0.516846239566803,3,0.483153760433197,overexpose_gain4,overexpose,4.0,3
b3c26aff-417063a0.jpg,811.5752318575248,0.5291232638888889,5.013653393220923,1.1010335822139068,0.7849243879318237,9,0.21507561206817627,overexpose_gain4,overexpose,4.0,3
b3f3c908-baffb699.jpg,1961.0056657678635,0.30926866319444446,6.419529022451035,3.2682794081314146,0.7069949507713318,3,0.2930050492286682,overexpose_gain4,overexpose,4.0,3
b4110365-9ae12ee1.jpg,20.354944000949416,0.9531228298611111,0.91920906822657,0.08694259818839058,0.3665952980518341,2,0.6334047019481659,overexpose_gain4,overexpose,4.0,3
b4543c78-db967acc.jpg,589.7101109080742,0.7429698350694445,3.559887371627252,1.0104013540148926,0.6717448830604553,3,0.3282551169395447,overexpose_gain4,overexpose,4.0,3
b46478b0-167fe009.jpg,145.43997016349957,0.7452332899305556,3.124983541783379,0.3591124538128732,0.6937474012374878,1,0.3062525987625122,overexpose_gain4,overexpose,4.0,3
b46478b0-1eb55806.jpg,377.44643546667106,0.7036284722222222,3.60171858055158,0.5975251997214516,0.7884101867675781,12,0.21158981323242188,overexpose_gain4,overexpose,4.0,3
b472aeb8-f6353af9.jpg,1200.6125513596526,0.6399262152777778,4.39706540520348,1.8174705854650581,0.7288655042648315,3,0.27113449573516846,overexpose_gain4,overexpose,4.0,3
b47f85d4-c6562257.jpg,239.35494593912762,0.7770757378472222,2.905244545567788,0.4263933396587433,0.49533358216285706,1,0.5046664178371429,overexpose_gain4,overexpose,4.0,3
b48c7b5f-cec3fed8.jpg,611.4974685046999,0.5156467013888889,4.991661016346466,1.2199472068837895,0.8437396287918091,9,0.15626037120819092,overexpose_gain4,overexpose,4.0,3
b49698d7-1999d598.jpg,263.8449530650657,0.698603515625,3.568579027766304,0.4289718465152545,0.7562531232833862,5,0.24374687671661377,overexpose_gain4,overexpose,4.0,3
b4b1aa64-e3cbad0f.jpg,1186.986636424169,0.6123806423611111,4.617036947813947,1.6875604610855763,0.8895555138587952,11,0.11044448614120483,overexpose_gain4,overexpose,4.0,3
b4ef573f-5122732a.jpg,338.003310459768,0.7889680989583333,2.870156585481109,0.7066151389595443,0.7025447487831116,2,0.2974552512168884,overexpose_gain4,overexpose,4.0,3
b4f2a76c-3ce3d91e.jpg,542.1435683904757,0.5803873697916667,4.557092253374891,0.7613973120874178,0.8823574185371399,5,0.11764258146286011,overexpose_gain4,overexpose,4.0,3
b4f49565-abd6b20b.jpg,807.8060611677762,0.5507584635416667,5.091284107211991,1.239207357815973,0.6788980960845947,11,0.3211019039154053,overexpose_gain4,overexpose,4.0,3
b5032e1d-d2f24352.jpg,689.7812087661558,0.6509711371527778,4.3309606641244,1.1991809730203198,0.8563588857650757,11,0.14364111423492432,overexpose_gain4,overexpose,4.0,3
b54735e3-4c968f67.jpg,618.3809480656939,0.19517252604166666,7.0913819141120795,1.224093032510238,0.9056611657142639,10,0.09433883428573608,overexpose_gain4,overexpose,4.0,3
b54a8089-d1989d8f.jpg,1005.2821705393419,0.3939127604166667,6.170870394561606,1.7978471170663792,0.8110858201980591,9,0.18891417980194092,overexpose_gain4,overexpose,4.0,3
b565c328-1e663060.jpg,443.3116996291256,0.528720703125,5.21193546726673,0.8305455495483635,0.6957895755767822,8,0.3042104244232178,overexpose_gain4,overexpose,4.0,3
b5961057-5e258e5e.jpg,1333.2059296206714,0.5543565538194445,5.13536702242501,1.933137344831293,0.8923566937446594,14,0.10764330625534058,overexpose_gain4,overexpose,4.0,3
b59d9baf-5fe6c3c0.jpg,376.2259360991292,0.8270279947916667,2.6027048420565957,0.5796939609053023,0.5590997338294983,2,0.4409002661705017,overexpose_gain4,overexpose,4.0,3
b5a52ea9-2e1f4066.jpg,219.41217771538513,0.7239518229166667,3.527311344816037,0.5589083774273889,0.8110482692718506,2,0.18895173072814941,overexpose_gain4,overexpose,4.0,3
b5b2f593-25b7b157.jpg,502.2040716317447,0.5346733940972223,5.23735354885346,0.8759192572061558,0.8548272848129272,3,0.14517271518707275,overexpose_gain4,overexpose,4.0,3
b5b44d2d-60f87448.jpg,639.4464507315728,0.5698828125,4.899593349085105,0.9572445485002875,0.7734074592590332,9,0.2265925407409668,overexpose_gain4,overexpose,4.0,3
b5c30297-f0b3279b.jpg,358.9595089127327,0.8383637152777778,2.4072769624676686,0.6724113946137755,0.7584080696105957,4,0.2415919303894043,overexpose_gain4,overexpose,4.0,3
b690e7dd-1a1d38d1.jpg,1341.18749838083,0.5837380642361111,4.847469761577364,1.7670477666500821,0.9236290454864502,10,0.0763709545135498,overexpose_gain4,overexpose,4.0,3
b72812e8-c636249b.jpg,837.4313237530557,0.5209581163194444,5.357949553821687,1.2322826999128906,0.8855093717575073,9,0.11449062824249268,overexpose_gain4,overexpose,4.0,3
b72b3974-9667b29a.jpg,617.6709812399679,0.8219325086805556,2.6668176600079008,0.8214787755051053,0.8452187180519104,17,0.1547812819480896,overexpose_gain4,overexpose,4.0,3
b736c477-fb345fa9.jpg,133.54383408388557,0.6281358506944444,4.345150564536787,0.34394508779931016,0.6659706830978394,3,0.33402931690216064,overexpose_gain4,overexpose,4.0,3
b73a793e-ebf5917d.jpg,2120.127954145262,0.6727061631944444,4.431610103395394,2.96004027768627,0.7616114020347595,7,0.23838859796524048,overexpose_gain4,overexpose,4.0,3
b7404583-b504d500.jpg,378.205234536488,0.6436382378472222,4.322970472172831,0.7805399994778022,0.6408013701438904,7,0.3591986298561096,overexpose_gain4,overexpose,4.0,3
b74111eb-d21a119b.jpg,878.2614908802885,0.65640625,4.148036127500306,1.235071093175485,0.8757941722869873,5,0.1242058277130127,overexpose_gain4,overexpose,4.0,3
b747b30e-991436c7.jpg,615.1836931382874,0.7024696180555555,3.3804474283366033,0.7564863799416143,0.40563151240348816,6,0.5943684875965118,overexpose_gain4,overexpose,4.0,3
b784ff27-baf00daa.jpg,319.5943849096935,0.5166178385416667,4.714916779285085,0.7707634360482456,0.7465167045593262,6,0.25348329544067383,overexpose_gain4,overexpose,4.0,3
b79307e6-6cfc1c5b.jpg,403.07079704861115,0.6850358072916667,3.8123189931458277,0.8622379415818666,0.4922548830509186,2,0.5077451169490814,overexpose_gain4,overexpose,4.0,3
b7d9a95e-f9901594.jpg,1855.2866138869279,0.483876953125,5.658096563096563,2.4117987735953696,0.8501773476600647,7,0.1498226523399353,overexpose_gain4,overexpose,4.0,3
b7eb6c3d-e1598570.jpg,710.908348998854,0.7319422743055556,3.430451277465531,1.0909392298224283,0.8767056465148926,6,0.12329435348510742,overexpose_gain4,overexpose,4.0,3
b7ec8e2f-b673fc33.jpg,59.319415130896644,0.7990201822916667,2.2707280783477684,0.22496043866229312,0.2582399249076843,1,0.7417600750923157,overexpose_gain4,overexpose,4.0,3
b7f452e4-1e8b6f3a.jpg,69.3555578520553,0.9146137152777778,1.3741072278077842,0.17510945786475832,0.17685416340827942,0,0.8231458365917206,overexpose_gain4,overexpose,4.0,3
b7fd2970-e46faf78.jpg,423.59127652146054,0.70384765625,3.758552917619189,0.7482277368545329,0.5935904383659363,6,0.4064095616340637,overexpose_gain4,overexpose,4.0,3
b89bf84d-d2c2e5a7.jpg,1528.6368283394143,0.5909548611111111,4.74967696281589,2.218152840378621,0.8201914429664612,10,0.17980855703353882,overexpose_gain4,overexpose,4.0,3
b8b15e54-2ccd7fd0.jpg,829.6498414980995,0.6600130208333334,4.092371254446485,1.047794370106024,0.7732416391372681,17,0.22675836086273193,overexpose_gain4,overexpose,4.0,3
b8c7c957-84df8251.jpg,26.367076557487916,0.9066623263888889,1.3529075783400417,0.09580881916900315,0.18417926132678986,0,0.8158207386732101,overexpose_gain4,overexpose,4.0,3
b8ca6c5d-22de751a.jpg,1379.0111109099016,0.31927951388888887,6.028432807986998,1.8265580749778971,0.7146520018577576,6,0.28534799814224243,overexpose_gain4,overexpose,4.0,3
b8e63e55-369d821c.jpg,298.3835643824531,0.6759331597222222,3.796816174820667,0.6244990175409737,0.8400362730026245,11,0.1599637269973755,overexpose_gain4,overexpose,4.0,3
b919f6f7-9c71d913.jpg,775.3911355665128,0.6123253038194445,4.568460709141985,0.9958367854018806,0.26673856377601624,1,0.7332614362239838,overexpose_gain4,overexpose,4.0,3
b94daedc-7045933e.jpg,471.8454600557115,0.5685731336805555,4.740218839082753,0.8719320984181455,0.7986347079277039,4,0.20136529207229614,overexpose_gain4,overexpose,4.0,3
b94f6bc8-32f10d36.jpg,372.1241807119002,0.7256825086805555,3.53248603765166,0.5667991501975176,0.8291787505149841,5,0.17082124948501587,overexpose_gain4,overexpose,4.0,3
b9597719-09a2458c.jpg,296.0533430199788,0.593671875,4.528236926849454,0.7099983621343893,0.06378930807113647,0,0.9362106919288635,overexpose_gain4,overexpose,4.0,3
b9c2521e-2db68bde.jpg,551.5286271002451,0.5716124131944444,4.624062378476042,0.9599682912863876,0.8008485436439514,9,0.19915145635604858,overexpose_gain4,overexpose,4.0,3
b9e4cb3d-975f9d1d.jpg,2344.840804649632,0.5525553385416667,5.094378892668743,3.2432150557936983,0.6977217197418213,2,0.3022782802581787,overexpose_gain4,overexpose,4.0,3
b9e4cb3d-98ed4484.jpg,73.6862422132975,0.7589051649305556,2.895595385454347,0.27083518751291513,0.5876219272613525,4,0.41237807273864746,overexpose_gain4,overexpose,4.0,3
ba122c97-403fd75d.jpg,436.2171180368636,0.6829774305555556,3.9044342401603935,1.0425676977810043,0.8107376098632812,7,0.18926239013671875,overexpose_gain4,overexpose,4.0,3
ba41a907-1793986f.jpg,950.3132729557163,0.5971256510416667,4.464863927802639,1.2972090791447504,0.47713685035705566,3,0.5228631496429443,overexpose_gain4,overexpose,4.0,3
ba4bcdc5-3d4f7a56.jpg,335.7518080855369,0.7022623697916667,3.4454158590172326,0.5597970938366605,0.8929036855697632,7,0.10709631443023682,overexpose_gain4,overexpose,4.0,3
ba4d05f6-24c9c3cf.jpg,203.74933465354707,0.4880414496527778,5.25327030706158,0.4183846480617696,0.7644694447517395,7,0.2355305552482605,overexpose_gain4,overexpose,4.0,3
bab692c9-3cd892ff.jpg,1630.7781320302277,0.627216796875,4.263965401615069,2.2535544396797142,0.8815531134605408,7,0.11844688653945923,overexpose_gain4,overexpose,4.0,3
bab692c9-a16f15b4.jpg,2877.0850816106904,0.46259874131944445,5.6283043918768945,3.1733868501169495,0.88718581199646,15,0.11281418800354004,overexpose_gain4,overexpose,4.0,3
bae5905c-b009aff3.jpg,1453.7825540589206,0.6071223958333334,4.657923839966096,1.8865250342065827,0.8322333097457886,9,0.16776669025421143,overexpose_gain4,overexpose,4.0,3
baf870f0-a1a64cd6.jpg,605.4183622179373,0.69064453125,3.875161121847502,0.9067459247251969,0.7438609004020691,11,0.2561390995979309,overexpose_gain4,overexpose,4.0,3
bb051d4e-49d5fed8.jpg,993.0511914926211,0.609736328125,4.633569703796215,1.7599284743899488,0.7540451288223267,4,0.24595487117767334,overexpose_gain4,overexpose,4.0,3
bb4abf02-01cd2796.jpg,360.33560896508453,0.7885297309027778,3.0116103517187445,0.5678342407489926,0.3297208547592163,1,0.6702791452407837,overexpose_gain4,overexpose,4.0,3
bb725082-6cfb3269.jpg,618.185101663302,0.5899717881944444,4.665216656227928,1.059421211961441,0.8697826266288757,5,0.13021737337112427,overexpose_gain4,overexpose,4.0,3
bb76c63a-f232154d.jpg,2384.460003286624,0.497626953125,5.580415066912678,2.9264584527129736,0.8246264457702637,5,0.17537355422973633,overexpose_gain4,overexpose,4.0,3
bb9071ac-8e2bc8fe.jpg,324.76275094444384,0.7010503472222223,3.660812145846679,0.45696504755217365,0.831447422504425,9,0.16855257749557495,overexpose_gain4,overexpose,4.0,3
bb9f498e-5ea84006.jpg,924.3969729984943,0.6788465711805556,3.9144525870825695,1.050323478535073,0.7555808424949646,8,0.2444191575050354,overexpose_gain4,overexpose,4.0,3
bb9f498e-62cc407e.jpg,2140.107650204269,0.5567469618055556,5.235831865993145,2.9773069630457103,0.6315882802009583,7,0.36841171979904175,overexpose_gain4,overexpose,4.0,3
bbb1289a-b49fe5de.jpg,497.9104207465549,0.5870464409722222,4.501284463180053,0.6624479366729454,0.8756924271583557,10,0.12430757284164429,overexpose_gain4,overexpose,4.0,3
bc24f222-f198b643.jpg,281.8508630640665,0.6660590277777778,4.122164593409428,0.6610292684704402,0.8518093228340149,1,0.1481906771659851,overexpose_gain4,overexpose,4.0,3
bc5fadac-96776d48.jpg,52.35675889756826,0.9709125434027778,0.7284167913723,0.12702862532503503,0.2412894368171692,0,0.7587105631828308,overexpose_gain4,overexpose,4.0,3
bc5fadac-fa6dd225.jpg,213.84549577971563,0.8695041232638889,2.095157795218575,0.5193864484624081,0.1809273064136505,0,0.8190726935863495,overexpose_gain4,overexpose,4.0,3
bcaa771b-806e4fcd.jpg,518.6194129719628,0.8314214409722223,2.541178441355252,0.6307760324665003,0.6422668099403381,3,0.35773319005966187,overexpose_gain4,overexpose,4.0,3
bcaf57de-8a71dbde.jpg,746.410086595884,0.5733637152777777,4.736420334520263,1.1855048931740564,0.6784586310386658,8,0.32154136896133423,overexpose_gain4,overexpose,4.0,3
bcfdd6af-c3d0b55a.jpg,97.64879974259269,0.7535894097222222,3.084939439901257,0.24909828593194172,0.2493310570716858,0,0.7506689429283142,overexpose_gain4,overexpose,4.0,3
bd338426-4b27de63.jpg,398.20718766911705,0.8005881076388889,2.792564759478139,0.6926214977938819,0.6096642017364502,4,0.3903357982635498,overexpose_gain4,overexpose,4.0,3
bd5d35a0-1357b0da.jpg,85.46801973322998,0.9404416232638889,1.2885511188356862,0.2080484203534796,0.10752645134925842,0,0.8924735486507416,overexpose_gain4,overexpose,4.0,3
bd8f4dfa-4e126a95.jpg,1298.5032015192655,0.5911783854166667,4.542128784057939,1.9495237365548073,0.16132068634033203,0,0.838679313659668,overexpose_gain4,overexpose,4.0,3
bdfc0f1d-375eba4a.jpg,495.55895871224925,0.5972894965277777,4.417856711256541,1.1769896969637044,0.5895269513130188,3,0.4104730486869812,overexpose_gain4,overexpose,4.0,3
be047105-0662bd2d.jpg,605.84800455373,0.6531694878472222,4.206709628297859,0.8008700702674593,0.9256028532981873,5,0.07439714670181274,overexpose_gain4,overexpose,4.0,3
be448414-11891b58.jpg,110.55252343629438,0.9121451822916666,1.3927115569281228,0.158980985119652,0.6164646744728088,5,0.38353532552719116,overexpose_gain4,overexpose,4.0,3
be8590fa-9ab10ced.jpg,575.4933690084943,0.4772905815972222,5.499140085065597,1.0653114622406172,0.7709178328514099,10,0.2290821671485901,overexpose_gain4,overexpose,4.0,3
beaa0c22-9f7d6767.jpg,991.0966418287062,0.6174533420138889,4.6089084383710945,1.901970579383089,0.5996003150939941,4,0.40039968490600586,overexpose_gain4,overexpose,4.0,3
beb87fd7-6120b637.jpg,1091.8883561196492,0.6467578125,4.614296547560091,1.4007286058482946,0.8400105834007263,8,0.15998941659927368,overexpose_gain4,overexpose,4.0,3
bed001a8-2339fb95.jpg,717.908003207732,0.4090071614583333,5.381502432905189,1.0641154284254755,0.8631591796875,6,0.1368408203125,overexpose_gain4,overexpose,4.0,3
bee1f0a4-22dbabcd.jpg,1007.6146261850698,0.724375,3.831652632865038,1.764388901982999,0.2846538722515106,1,0.7153461277484894,overexpose_gain4,overexpose,4.0,3
bfaca2bb-f1c305a8.jpg,1502.729794797515,0.5356336805555556,5.421062443204616,2.2973442106634003,0.8078372478485107,7,0.19216275215148926,overexpose_gain4,overexpose,4.0,3
bfd64d5f-a12327b4.jpg,122.45069763745794,0.8011686197916666,2.7532905257276354,0.3476083112772812,0.84881991147995,8,0.15118008852005005,overexpose_gain4,overexpose,4.0,3
bfd64d5f-d141be33.jpg,781.971071655268,0.6202398003472223,4.525367681750206,1.2624266675058544,0.7715146541595459,11,0.2284853458404541,overexpose_gain4,overexpose,4.0,3
c022e075-de13593a.jpg,77.76235904855615,0.5729958767361111,4.560800100325143,0.2805942224682109,0.6009913086891174,2,0.39900869131088257,overexpose_gain4,overexpose,4.0,3
c02d18db-023c1955.jpg,527.6694100867333,0.6370562065972222,4.356399495168959,0.8515052795562699,0.7643586993217468,8,0.23564130067825317,overexpose_gain4,overexpose,4.0,3
c036f281-a0c90e9a.jpg,769.9340472530683,0.39243598090277776,5.919109493772884,1.4166731434349247,0.824618399143219,10,0.175381600856781,overexpose_gain4,overexpose,4.0,3
c05767da-e6e016b5.jpg,237.26988653246084,0.7577875434027778,3.229148914086619,0.4438086755856151,0.7339857220649719,6,0.2660142779350281,overexpose_gain4,overexpose,4.0,3
c0677163-8371743a.jpg,128.9448748698658,0.5007042100694444,5.29723846854237,0.4332572170082203,0.7983757853507996,11,0.20162421464920044,overexpose_gain4,overexpose,4.0,3
c0c954a7-0c7fa0bb.jpg,572.6529086783788,0.6407530381944444,4.19435313906822,1.1545600791856474,0.6626412868499756,4,0.3373587131500244,overexpose_gain4,overexpose,4.0,3
c0e24bac-d541b20d.jpg,247.2269379954761,0.5348752170138888,4.784820371392099,0.5535510382942438,0.4329938590526581,1,0.5670061409473419,overexpose_gain4,overexpose,4.0,3
c0e74e90-9684bfc2.jpg,675.8945764268476,0.6801410590277778,3.8103707607723303,1.2462446987678746,0.3261358141899109,1,0.6738641858100891,overexpose_gain4,overexpose,4.0,3
c11add12-bb59c2a1.jpg,1268.6422986518014,0.6148838975694444,4.695958443102818,1.6908055052490412,0.9011625051498413,2,0.09883749485015869,overexpose_gain4,overexpose,4.0,3
c1211833-1ba939db.jpg,388.60752887485506,0.7368413628472222,3.414360658512979,0.5429155796259112,0.7486544251441956,6,0.25134557485580444,overexpose_gain4,overexpose,4.0,3
c12e6924-5860d30a.jpg,274.9052256332398,0.6541417100694444,4.110411152170145,0.5790615699767786,0.7907126545906067,5,0.2092873454093933,overexpose_gain4,overexpose,4.0,3
c15c29a5-74788f46.jpg,2337.9413145079143,0.5005262586805556,5.581413040564012,2.98104394270109,0.8713582754135132,17,0.12864172458648682,overexpose_gain4,overexpose,4.0,3
c1757757-140fa8b6.jpg,482.5013160374948,0.6022873263888889,4.641198771032027,0.801996217828081,0.8217393159866333,8,0.1782606840133667,overexpose_gain4,overexpose,4.0,3
c197a2a7-20f63536.jpg,1096.124836514272,0.6531206597222222,4.527018295206067,1.8962187357578157,0.7804374098777771,2,0.2195625901222229,overexpose_gain4,overexpose,4.0,3
c197a2a7-5b960a7f.jpg,1286.532998039339,0.33896592881944443,6.232437438500077,1.9448113086889434,0.6370199918746948,10,0.3629800081253052,overexpose_gain4,overexpose,4.0,3
c1a07cae-73529cf4.jpg,601.1432886911604,0.6615787760416667,3.901063594519566,1.1090598022851412,0.42027705907821655,2,0.5797229409217834,overexpose_gain4,overexpose,4.0,3
c1b3582d-7a6b9124.jpg,1030.2583236605751,0.530537109375,5.076978378788773,1.414804425964712,0.5151652097702026,5,0.48483479022979736,overexpose_gain4,overexpose,4.0,3
c1b3582d-b9c87c82.jpg,597.9374928378639,0.6903287760416666,3.912978663446256,0.8559511380278567,0.8234539031982422,3,0.1765460968017578,overexpose_gain4,overexpose,4.0,3
c1b5a91c-9e402e78.jpg,216.28871826957297,0.6559364149305555,4.031810347178377,0.506237816341627,0.555552065372467,8,0.44444793462753296,overexpose_gain4,overexpose,4.0,3
c1bbc01a-42a391bd.jpg,293.28967268049473,0.8883485243055556,2.0425961649880784,0.5323402185836154,0.757307767868042,1,0.242692232131958,overexpose_gain4,overexpose,4.0,3
c1bd4140-1f2bd79e.jpg,248.8410958489302,0.5480143229166666,4.834350808500841,0.6342088817113303,0.44036513566970825,1,0.5596348643302917,overexpose_gain4,overexpose,4.0,3
c1fdd182-0431866d.jpg,340.6899497334794,0.7184635416666667,3.640224870875252,0.8597395648934045,0.6901749968528748,6,0.30982500314712524,overexpose_gain4,overexpose,4.0,3
c242b4b8-0dab228f.jpg,115.20439859952452,0.8482042100694445,2.108707354980218,0.23957759269808734,0.593937337398529,2,0.40606266260147095,overexpose_gain4,overexpose,4.0,3
c292800e-4290dbb9.jpg,655.3558619316525,0.6181651475694444,4.459184500060675,1.141541886230469,0.7400468587875366,8,0.2599531412124634,overexpose_gain4,overexpose,4.0,3
c2987e05-cb9bfcee.jpg,1050.2067746219586,0.5444563802083333,5.07168573928403,1.6061978364176945,0.31428787112236023,2,0.6857121288776398,overexpose_gain4,overexpose,4.0,3
c29d13ba-67447c50.jpg,97.68878455753561,0.6341786024305556,4.0218765026339085,0.29399212315153106,0.7269334197044373,4,0.27306658029556274,overexpose_gain4,overexpose,4.0,3
c2b457e5-36e3ecee.jpg,510.8460760746519,0.6038075086805555,4.691451761338856,0.9966210138931564,0.6511569619178772,2,0.3488430380821228,overexpose_gain4,overexpose,4.0,3
c2d051a0-31c90f75.jpg,567.995133344004,0.7249359809027778,3.5054569192976257,0.8452278093456975,0.8358647227287292,8,0.16413527727127075,overexpose_gain4,overexpose,4.0,3
c2f88368-4292c1a0.jpg,468.94558267990726,0.7360221354166666,3.368730228809489,0.6851625628896314,0.6934885382652283,4,0.30651146173477173,overexpose_gain4,overexpose,4.0,3
c2f8b141-5ef7d661.jpg,1339.9251348307087,0.6902137586805556,3.9987910605900465,1.8420496039440224,0.8697895407676697,7,0.13021045923233032,overexpose_gain4,overexpose,4.0,3
c30226a9-f882478c.jpg,589.9373292744533,0.5830794270833334,4.669807643098011,0.8396159658719874,0.8563662171363831,4,0.14363378286361694,overexpose_gain4,overexpose,4.0,3
c3287e28-f6bcc9ef.jpg,289.5434548294442,0.6774967447916667,3.7865948608163005,0.612492240314892,0.4502691924571991,1,0.5497308075428009,overexpose_gain4,overexpose,4.0,3
c3436372-070af78a.jpg,756.3440350988305,0.6787315538194445,4.270824315597717,1.457362423257166,0.22481481730937958,0,0.7751851826906204,overexpose_gain4,overexpose,4.0,3
c3436372-eb18934d.jpg,210.07956789968514,0.793115234375,2.762455338370997,0.4397875980616976,0.21633228659629822,0,0.7836677134037018,overexpose_gain4,overexpose,4.0,3
c352d9c5-d0019b8b.jpg,316.80630524623547,0.6216731770833334,4.369790202669435,0.6560102061262749,0.7251973152160645,6,0.27480268478393555,overexpose_gain4,overexpose,4.0,3
c3668a3d-22233f64.jpg,241.06016162965443,0.6603732638888888,4.038714132811664,0.48072956108432086,0.7712336182594299,3,0.22876638174057007,overexpose_gain4,overexpose,4.0,3
c366973d-c03525b0.jpg,1122.5527532958981,0.5510622829861112,5.065240173485735,1.5932520337847875,0.8012988567352295,6,0.1987011432647705,overexpose_gain4,overexpose,4.0,3
c3804a06-26cf84ff.jpg,2485.263918137367,0.5679318576388889,5.132205158617329,3.3330484863799734,0.8777292966842651,6,0.12227070331573486,overexpose_gain4,overexpose,4.0,3
c389631f-a4b2d909.jpg,1288.4339018335975,0.6877484809027777,4.024528511507401,2.172729051365798,0.07645222544670105,0,0.923547774553299,overexpose_gain4,overexpose,4.0,3
c389631f-b7bb20cb.jpg,468.24199736784834,0.8409385850694444,2.498238613924265,0.8385109890659924,0.5477544069290161,3,0.4522455930709839,overexpose_gain4,overexpose,4.0,3
c39ddb2c-db949106.jpg,1094.9691161294822,0.35774522569444445,6.206158716983734,1.4547404366787873,0.8729619383811951,11,0.12703806161880493,overexpose_gain4,overexpose,4.0,3
c3c28990-04db5664.jpg,1229.5718388780376,0.6792230902777778,3.9922987251265596,1.6458797980762505,0.6565825939178467,9,0.3434174060821533,overexpose_gain4,overexpose,4.0,3
c3e87419-dd6f2321.jpg,41.19343306741597,0.5947059461805555,4.3518235913103,0.24220754676476644,0.6253219246864319,2,0.3746780753135681,overexpose_gain4,overexpose,4.0,3
c41203a6-f2bee3f0.jpg,818.63476354726,0.6275260416666667,4.450649236931528,1.1640732602162474,0.4835917055606842,5,0.5164082944393158,overexpose_gain4,overexpose,4.0,3
c414ea72-128822b2.jpg,730.0830700501995,0.6935568576388889,3.8136457416290837,1.1531971834012444,0.8625014424324036,9,0.13749855756759644,overexpose_gain4,overexpose,4.0,3
c43052f6-d90711e9.jpg,1297.0378699683845,0.5724153645833333,4.874441224603793,1.8214156303863382,0.74838787317276,18,0.25161212682724,overexpose_gain4,overexpose,4.0,3
c43c290b-61f94939.jpg,430.4685057994653,0.8509700520833333,2.224014335750954,0.5595712724539768,0.4805872440338135,6,0.5194127559661865,overexpose_gain4,overexpose,4.0,3
c4a9c191-20e1a3c3.jpg,211.27119864662896,0.6298513454861111,4.100763876482245,0.46590775642046944,0.7535136342048645,8,0.2464863657951355,overexpose_gain4,overexpose,4.0,3
c4d83625-8af1c66e.jpg,342.2187580050997,0.7081456163194444,3.5531558861816555,0.9317123907780803,0.5701438784599304,1,0.4298561215400696,overexpose_gain4,overexpose,4.0,3
c4f65761-92ca62d4.jpg,186.91358185454476,0.5837098524305555,4.62690092527935,0.4734067564087446,0.6652581095695496,3,0.33474189043045044,overexpose_gain4,overexpose,4.0,3
c5578df5-1318c8a5.jpg,649.7738627468337,0.6301388888888889,4.356018159816799,1.001649409580759,0.8830797076225281,3,0.11692029237747192,overexpose_gain4,overexpose,4.0,3
c5584f14-7fcc4797.jpg,43.551161996957994,0.3428276909722222,6.0408586574720164,0.2738489468731475,0.5807677507400513,2,0.41923224925994873,overexpose_gain4,overexpose,4.0,3
c55ab634-b93da9ef.jpg,497.899236086697,0.582080078125,4.640575204865561,0.9757099993851435,0.549543559551239,3,0.450456440448761,overexpose_gain4,overexpose,4.0,3
c563b8a0-c21b10e8.jpg,649.8167064228471,0.5842534722222222,4.797313666117074,1.3511023082208293,0.7338433861732483,6,0.2661566138267517,overexpose_gain4,overexpose,4.0,3
c564c92b-2f727c05.jpg,848.2334685825664,0.43420789930555553,5.856441147714628,1.3262835821652863,0.6465334296226501,5,0.35346657037734985,overexpose_gain4,overexpose,4.0,3
c5b2506d-1241a008.jpg,1143.032836771166,0.45499457465277776,5.745110208396634,1.533050830400072,0.8927098512649536,5,0.10729014873504639,overexpose_gain4,overexpose,4.0,3
c5b7db86-88bceca0.jpg,2507.92494844743,0.4021994357638889,6.210637267457601,3.0621905346147713,0.8797837495803833,7,0.1202162504196167,overexpose_gain4,overexpose,4.0,3
c5b80ec1-6efedb0e.jpg,585.2641347507792,0.815087890625,2.6914736738688356,0.8550098361958028,0.2509300112724304,1,0.7490699887275696,overexpose_gain4,overexpose,4.0,3
c5c9ead6-dab2dae6.jpg,447.7949154810859,0.6962358940972222,3.7119611884044605,0.8727595789887659,0.6725150942802429,5,0.3274849057197571,overexpose_gain4,overexpose,4.0,3
c5dd7de4-53608747.jpg,112.72444653862371,0.9461588541666667,1.0936891575274923,0.2517803701363573,0.3876599967479706,2,0.6123400032520294,overexpose_gain4,overexpose,4.0,3
c5e8ab3b-6e92761c.jpg,100.1746592869888,0.962802734375,0.7161341662411875,0.16278124939638886,0.21649692952632904,0,0.783503070473671,overexpose_gain4,overexpose,4.0,3
c5f2e071-fcf05969.jpg,189.34453832482114,0.7265169270833334,3.314463465246005,0.4185544693838282,0.9081569910049438,4,0.09184300899505615,overexpose_gain4,overexpose,4.0,3
c640ffda-035e5b98.jpg,165.3289279999333,0.749208984375,3.294566908659716,0.34279503777378756,0.49618566036224365,2,0.5038143396377563,overexpose_gain4,overexpose,4.0,3
c675081b-df5291b4.jpg,688.7605757578518,0.4177387152777778,5.801310701218755,0.97396352594971,0.8014723658561707,12,0.19852763414382935,overexpose_gain4,overexpose,4.0,3
c6758a15-46130d04.jpg,512.0866490365441,0.6610188802083333,4.006967048484304,0.8359488724711276,0.720392644405365,4,0.279607355594635,overexpose_gain4,overexpose,4.0,3
c685aea9-2f9e84d2.jpg,1098.792597330498,0.6212033420138889,4.303740962243606,1.7418290726818624,0.5234541296958923,1,0.47654587030410767,overexpose_gain4,overexpose,4.0,3
c71de7ef-ad5d9110.jpg,1431.6342892580549,0.46513129340277776,5.629435956648019,1.9425043793622123,0.8740390539169312,5,0.12596094608306885,overexpose_gain4,overexpose,4.0,3
c734eb0a-9d6807cb.jpg,116.6485732530382,0.5211067708333333,4.661691085932447,0.3682923661899961,0.9021042585372925,4,0.09789574146270752,overexpose_gain4,overexpose,4.0,3
c737e602-e8793fdc.jpg,661.2404734571941,0.7226671006944444,3.423741829095625,1.0987284740273586,0.9025387167930603,13,0.0974612832069397,overexpose_gain4,overexpose,4.0,3
c7fee392-08329b19.jpg,1131.9881285353192,0.5696451822916667,4.799308853610928,1.7755843612575837,0.7793270945549011,5,0.22067290544509888,overexpose_gain4,overexpose,4.0,3
c80cf60a-9a7aabc6.jpg,75.55521446923146,0.8085047743055556,2.496532923927956,0.16086267821366823,0.4881053566932678,2,0.5118946433067322,overexpose_gain4,overexpose,4.0,3
c8152bfa-28181ba4.jpg,814.1656868354783,0.3501117621527778,6.30318821981703,1.418192429632537,0.9268682599067688,12,0.0731317400932312,overexpose_gain4,overexpose,4.0,3
c85ca3b9-72a968aa.jpg,320.51003917044056,0.5876150173611111,4.528586441839947,0.700851685565605,0.8808353543281555,3,0.11916464567184448,overexpose_gain4,overexpose,4.0,3
c8792c3c-a42cb3f6.jpg,591.0090878180505,0.6519986979166666,4.198121929477031,1.1426734972116395,0.5734283924102783,11,0.4265716075897217,overexpose_gain4,overexpose,4.0,3
c88b26c5-0a03ff8e.jpg,820.0664453124245,0.5204817708333334,5.130374301313549,1.4120246831179866,0.8889455199241638,2,0.11105448007583618,overexpose_gain4,overexpose,4.0,3
c897cc2b-2a1bc9f0.jpg,155.07832522653527,0.46126085069444445,5.418991870119151,0.5110570085507152,0.7915341258049011,2,0.20846587419509888,overexpose_gain4,overexpose,4.0,3
c8a5a379-cb506f54.jpg,993.5006931220149,0.48771809895833335,5.277747876937424,1.48095438375698,0.6656576991081238,17,0.3343423008918762,overexpose_gain4,overexpose,4.0,3
c8a830e0-95b22cac.jpg,437.3531157334642,0.7352159288194444,3.4030018996535523,0.8076836386193827,0.6408331990242004,3,0.35916680097579956,overexpose_gain4,overexpose,4.0,3
c8bad943-c78f2df3.jpg,194.60221891849542,0.7403005642361111,2.9342773809428,0.3340189632322302,0.6638762950897217,4,0.3361237049102783,overexpose_gain4,overexpose,4.0,3
c8e8f29f-09ac075a.jpg,467.30713516632716,0.7675184461805555,2.863993247473057,0.7151526441371373,0.8161656856536865,5,0.18383431434631348,overexpose_gain4,overexpose,4.0,3
c8ef1a34-e7c66c0c.jpg,377.97292045931295,0.31546766493055556,6.312508387784584,0.5378102407655795,0.785670280456543,5,0.21432971954345703,overexpose_gain4,overexpose,4.0,3
c90b5398-63556b1c.jpg,91.80140512107457,0.9411664496527777,1.2612397037276644,0.25204079318251676,,0,0.0,overexpose_gain4,overexpose,4.0,3
c911f50f-e7958776.jpg,2946.020032552041,0.5366460503472222,5.271864150844641,3.563037548372392,0.7902404069900513,9,0.20975959300994873,overexpose_gain4,overexpose,4.0,3
c91a3cef-e63379c7.jpg,303.6940591381203,0.6896842447916667,3.7160165652438986,0.5885740680798097,0.8777028322219849,5,0.12229716777801514,overexpose_gain4,overexpose,4.0,3
c9240f77-08db8836.jpg,94.73126170261402,0.5747428385416666,4.350860482546561,0.35174776291308946,0.07507932186126709,0,0.9249206781387329,overexpose_gain4,overexpose,4.0,3
c927d51b-cb5b7850.jpg,1276.0744299989867,0.43686414930555556,5.714904083447772,1.6793143383372526,0.9049153923988342,6,0.09508460760116577,overexpose_gain4,overexpose,4.0,3
c928749e-62bc39dd.jpg,403.6506965169271,0.363876953125,6.254351555440351,0.9762763739820358,0.9111631512641907,3,0.08883684873580933,overexpose_gain4,overexpose,4.0,3
c9375798-85c143f7.jpg,344.3937217402033,0.6763248697916666,3.7582751065918485,0.6727168908794627,0.8382336497306824,5,0.16176635026931763,overexpose_gain4,overexpose,4.0,3
c9403737-55c6220f.jpg,357.8848296002412,0.9329774305555556,1.2484105256079818,0.6026428312780181,0.4016999304294586,1,0.5983000695705414,overexpose_gain4,overexpose,4.0,3
c9403737-9675db60.jpg,1109.6469509640904,0.5945789930555555,4.760106600705247,1.846316763035159,0.8236759305000305,6,0.17632406949996948,overexpose_gain4,overexpose,4.0,3
c9403737-bf414a95.jpg,92.41542806916294,0.9439474826388888,1.0831195149233745,0.25153451621166123,0.1275033801794052,0,0.8724966198205948,overexpose_gain4,overexpose,4.0,3
c96109b8-caf84a36.jpg,2243.5143345755114,0.41834635416666666,5.833697582622454,2.9336453548023984,0.9114882946014404,7,0.08851170539855957,overexpose_gain4,overexpose,4.0,3
c992d89e-45d612c4.jpg,375.3237001861465,0.5318771701388889,5.057646592542287,0.7554157771565722,0.80182945728302,9,0.19817054271697998,overexpose_gain4,overexpose,4.0,3
c9a9a2a9-57519e11.jpg,1699.7960836381972,0.5783832465277777,4.967889677571177,1.938504927877967,0.8937737345695496,8,0.10622626543045044,overexpose_gain4,overexpose,4.0,3
c9b29647-95da8336.jpg,6.26649839724317,0.9679177517361112,0.5908150849785061,0.03192322155169003,0.12984181940555573,0,0.8701581805944443,overexpose_gain4,overexpose,4.0,3
c9b82f4e-fd73af29.jpg,2038.0962844263609,0.527548828125,5.586417076248376,3.208328611521852,0.9182900190353394,8,0.08170998096466064,overexpose_gain4,overexpose,4.0,3
c9c31e57-45b42452.jpg,1208.8252017752448,0.7006618923611111,3.8215711694511976,1.4368866612528741,0.8242238163948059,7,0.1757761836051941,overexpose_gain4,overexpose,4.0,3
c9fb1a4c-0bd0ea9d.jpg,1460.5171626627603,0.7939496527777777,2.8841363730548353,2.1950109291465143,0.06996876746416092,0,0.9300312325358391,overexpose_gain4,overexpose,4.0,3
ca009e13-fdb666f6.jpg,1544.3362474335272,0.6974598524305555,3.8898924388849654,1.7310422317358234,0.7450308203697205,3,0.25496917963027954,overexpose_gain4,overexpose,4.0,3
ca2c7c84-5902ee09.jpg,965.9958545342151,0.3453450520833333,6.326200824497633,1.392907719332686,0.7254444360733032,5,0.2745555639266968,overexpose_gain4,overexpose,4.0,3
