image,blur_score,saturation_ratio,entropy_bits,noise_est,max_conf,boxes_conf_ge_0.25,uncertainty,condition,family,level,rank
b1d7b3ac-36f2d3b7.jpg,173.23403116310848,0.004651692708333334,7.353078782728009,0.48353753160388174,0.7898415923118591,3,0.21015840768814087,clean,none,0.0,0
b20d494a-cdebe83e.jpg,68.57488872002497,0.0019856770833333332,7.396974872212226,0.1914562397892938,0.6438112258911133,3,0.3561887741088867,clean,none,0.0,0
b231a630-c4522992.jpg,194.89179006872172,0.0002224392361111111,7.439780324615447,0.6308165528355706,0.8655744194984436,9,0.1344255805015564,clean,none,0.0,0
b25fdb41-4644e3f7.jpg,1058.3670203879979,0.0071723090277777775,7.502605415380281,1.9312196842186637,0.8842684030532837,4,0.11573159694671631,clean,none,0.0,0
b27d5dcb-856c0b43.jpg,266.50319747481046,0.018682725694444444,7.6783882450381595,0.7463961251155473,0.8046180009841919,8,0.1953819990158081,clean,none,0.0,0
b2afce7f-0cb9967a.jpg,320.40489249024466,0.008631727430555555,7.640930891446433,0.8110049430280081,0.8275561332702637,5,0.17244386672973633,clean,none,0.0,0
b2e431b6-332c438d.jpg,202.6681380831826,0.0003200954861111111,6.919405051422702,0.5457292412085437,0.9002813100814819,3,0.09971868991851807,clean,none,0.0,0
b2f4a409-5ddff11a.jpg,261.7512497496605,0.017938368055555556,7.299942601272917,0.7146855216802148,0.5075970888137817,4,0.49240291118621826,clean,none,0.0,0
b2fbf86d-d5de82a4.jpg,475.57805084708775,0.0003070746527777778,7.451637794957074,0.8619096810638929,0.861504852771759,13,0.13849514722824097,clean,none,0.0,0
b3110036-a32dc26e.jpg,530.5387641770352,0.015711805555555555,7.644102234072914,0.8145730119314208,0.9201721549034119,4,0.07982784509658813,clean,none,0.0,0
b3826fd8-774c2e0a.jpg,187.3348563355999,0.060987413194444444,7.180547523674658,0.5153116473030941,0.8415767550468445,16,0.15842324495315552,clean,none,0.0,0
b3875c8d-cc4081eb.jpg,384.2891079431416,0.010418836805555555,7.499691018687609,0.893986333675995,0.8837984204292297,10,0.11620157957077026,clean,none,0.0,0
b3a3d166-3a6a258d.jpg,142.5804431222692,0.00034505208333333333,7.433692689149453,0.4154412302411031,0.8688234686851501,3,0.13117653131484985,clean,none,0.0,0
b3c26aff-417063a0.jpg,349.29932665502764,0.010633680555555556,7.442289943535565,0.6749013485288916,0.8418789505958557,10,0.1581210494041443,clean,none,0.0,0
b3f3c908-baffb699.jpg,881.906558374418,0.00037109375,7.383227344182226,2.063974429563888,0.7062264680862427,4,0.2937735319137573,clean,none,0.0,0
b4110365-9ae12ee1.jpg,171.95227313273745,0.008830295138888888,7.362461994525376,0.43202999616744586,0.8280145525932312,5,0.1719854474067688,clean,none,0.0,0
b4543c78-db967acc.jpg,435.8207172215768,0.0009342447916666667,7.65985266278736,0.856861025191755,0.7926637530326843,3,0.20733624696731567,clean,none,0.0,0
b46478b0-167fe009.jpg,77.70336243132488,0.00016493055555555556,7.624219153636835,0.27430537013149525,0.42946651577949524,1,0.5705334842205048,clean,none,0.0,0
b46478b0-1eb55806.jpg,178.58673561977355,0.022222222222222223,7.622164308660175,0.4394306545858426,0.8058393597602844,14,0.19416064023971558,clean,none,0.0,0
b472aeb8-f6353af9.jpg,418.65714030238854,0.00862087673611111,7.368733098835696,1.1287820675387443,0.7339783906936646,6,0.26602160930633545,clean,none,0.0,0
b47f85d4-c6562257.jpg,277.5758376000251,0.005611979166666667,7.609171099044923,0.58038462831968,0.863006591796875,7,0.136993408203125,clean,none,0.0,0
b48c7b5f-cec3fed8.jpg,234.61129211685284,1.8446180555555556e-05,7.486420792028925,0.6606340810507435,0.8556108474731445,10,0.14438915252685547,clean,none,0.0,0
b49698d7-1999d598.jpg,125.342586395711,0.0023372395833333335,7.553080956436899,0.3842091313888364,0.8494071960449219,11,0.15059280395507812,clean,none,0.0,0
b4b1aa64-e3cbad0f.jpg,542.8296478546036,0.007163628472222222,7.545686069422764,1.0435276662999333,0.8858128786087036,18,0.11418712139129639,clean,none,0.0,0
b4ef573f-5122732a.jpg,305.03415526590226,0.00037434895833333336,7.501785831114481,0.7905487582806827,0.8527238965034485,6,0.1472761034965515,clean,none,0.0,0
b4f2a76c-3ce3d91e.jpg,298.576101516666,0.000771484375,7.529632118335586,0.5759246560116754,0.9612817764282227,6,0.038718223571777344,clean,none,0.0,0
b4f49565-abd6b20b.jpg,452.01679199350156,0.00052734375,7.61619191235655,0.9240674719326476,0.7374228239059448,13,0.2625771760940552,clean,none,0.0,0
b5032e1d-d2f24352.jpg,400.4576296191168,0.01873263888888889,7.554820429519431,0.8973101421523718,0.8684325814247131,12,0.13156741857528687,clean,none,0.0,0
b54735e3-4c968f67.jpg,254.8675182530616,0.006134982638888889,6.912860428793886,0.5985602902729266,0.934614896774292,9,0.06538510322570801,clean,none,0.0,0
b54a8089-d1989d8f.jpg,369.6184049626562,0.009659288194444445,7.4812021185845765,1.036810846020228,0.8975498080253601,15,0.10245019197463989,clean,none,0.0,0
b565c328-1e663060.jpg,317.7353736671154,0.01649197048611111,7.59375083456211,0.7114033717855226,0.8692393898963928,8,0.13076061010360718,clean,none,0.0,0
b5961057-5e258e5e.jpg,617.1733716649184,0.0018359375,7.62093527282763,1.2218079568657019,0.9015780687332153,10,0.09842193126678467,clean,none,0.0,0
b59d9baf-5fe6c3c0.jpg,276.3008615642958,0.012932942708333334,7.694229679396688,0.7420240228213694,0.722873330116272,13,0.277126669883728,clean,none,0.0,0
b5a52ea9-2e1f4066.jpg,170.02556733100676,1.5190972222222222e-05,7.465238125919328,0.6135307455042099,0.8335160613059998,3,0.16648393869400024,clean,none,0.0,0
b5b2f593-25b7b157.jpg,369.5609498109979,0.03582465277777778,7.712619781299591,0.7951942592448237,0.8644312024116516,6,0.1355687975883484,clean,none,0.0,0
b5b44d2d-60f87448.jpg,302.06616265959093,0.004165581597222222,7.577073262156161,0.6909692683629154,0.8303204774856567,15,0.16967952251434326,clean,none,0.0,0
b5c30297-f0b3279b.jpg,328.52812292016574,0.0047243923611111115,7.602500559941937,0.8117236104726983,0.8750379085540771,8,0.12496209144592285,clean,none,0.0,0
b690e7dd-1a1d38d1.jpg,689.90634143574,0.02181640625,7.487487967557381,1.3095723445616414,0.911596953868866,9,0.08840304613113403,clean,none,0.0,0
b72812e8-c636249b.jpg,401.14973503930344,0.03257486979166667,7.601295746183254,0.839638957766797,0.9372189044952393,9,0.06278109550476074,clean,none,0.0,0
b72b3974-9667b29a.jpg,507.91700947125724,0.017764756944444446,7.476925562302618,0.8609799890005052,0.7486385107040405,17,0.2513614892959595,clean,none,0.0,0
b736c477-fb345fa9.jpg,225.2844583865401,0.031864149305555554,7.596123960943848,0.5233237535379107,0.8131086230278015,2,0.1868913769721985,clean,none,0.0,0
b73a793e-ebf5917d.jpg,1251.3820678844877,0.009265407986111111,7.756007246029675,2.2391860989214134,0.7073823809623718,10,0.2926176190376282,clean,none,0.0,0
b7404583-b504d500.jpg,239.43198836358957,0.007928602430555556,7.545706115158637,0.6511580057513711,0.875758171081543,10,0.12424182891845703,clean,none,0.0,0
b74111eb-d21a119b.jpg,633.8956376082515,0.0023014322916666665,7.642611042557126,0.8192089519096013,0.898058295249939,17,0.10194170475006104,clean,none,0.0,0
b747b30e-991436c7.jpg,238.91338962872823,0.00038194444444444446,7.435188997382848,0.48241183932830584,0.6663676500320435,6,0.33363234996795654,clean,none,0.0,0
b784ff27-baf00daa.jpg,448.83834732043886,9.548611111111112e-05,7.402760764483579,0.7303573435244506,0.8906227946281433,9,0.10937720537185669,clean,none,0.0,0
b79307e6-6cfc1c5b.jpg,294.5336498277405,0.004957682291666667,7.612406776222685,0.7181431839600373,0.9071897864341736,3,0.09281021356582642,clean,none,0.0,0
b7d9a95e-f9901594.jpg,644.477930105888,0.012095269097222222,7.433751458598112,1.2307010396640128,0.89753258228302,11,0.10246741771697998,clean,none,0.0,0
b7eb6c3d-e1598570.jpg,311.4884731914085,0.04097222222222222,7.689936782181736,0.7313965316413371,0.8847161531448364,6,0.11528384685516357,clean,none,0.0,0
b7ec8e2f-b673fc33.jpg,188.8571417213675,1.4105902777777777e-05,7.340217764915222,0.3559709869973126,0.4161471128463745,1,0.5838528871536255,clean,none,0.0,0
b7f452e4-1e8b6f3a.jpg,150.03064656469564,0.0017805989583333333,7.667152115417416,0.4247575004894231,0.37102222442626953,3,0.6289777755737305,clean,none,0.0,0
b7fd2970-e46faf78.jpg,291.0839473210546,0.00920681423611111,7.711123257002852,0.763979233581772,0.9097874760627747,9,0.09021252393722534,clean,none,0.0,0
b89bf84d-d2c2e5a7.jpg,610.7452487973059,0.0009190538194444445,7.659165682635628,1.3203796733347384,0.8971378803253174,14,0.10286211967468262,clean,none,0.0,0
b8b15e54-2ccd7fd0.jpg,299.71737152082653,0.0005859375,7.640887862384948,0.6784093198062676,0.8848799467086792,18,0.1151200532913208,clean,none,0.0,0
b8c7c957-84df8251.jpg,88.24576157616505,0.0004416232638888889,7.551348771600258,0.3592524539644362,0.783771812915802,7,0.216228187084198,clean,none,0.0,0
b8ca6c5d-22de751a.jpg,404.15035722588465,0.0023741319444444443,7.39808701539374,0.9066054692885881,0.8748440742492676,8,0.12515592575073242,clean,none,0.0,0
b8e63e55-369d821c.jpg,187.207275095903,0.048838975694444446,7.135462848753186,0.4756356043501325,0.8979472517967224,14,0.10205274820327759,clean,none,0.0,0
b919f6f7-9c71d913.jpg,523.5075879999691,0.014529079861111112,7.693721406792674,0.9158527638524796,0.41712379455566406,3,0.5828762054443359,clean,none,0.0,0
b94daedc-7045933e.jpg,150.5320634886,0.10599392361111111,7.1436014753496995,0.5000746226775338,0.7673271894454956,7,0.2326728105545044,clean,none,0.0,0
b94f6bc8-32f10d36.jpg,353.4811488616367,0.0012847222222222223,7.577333799853261,0.6730806636310037,0.8501669764518738,11,0.14983302354812622,clean,none,0.0,0
b9597719-09a2458c.jpg,205.4057996532286,2.712673611111111e-05,7.435582141943909,0.652732836724563,0.7849928140640259,3,0.21500718593597412,clean,none,0.0,0
b9c2521e-2db68bde.jpg,333.75793289701545,7.921006944444444e-05,7.291629882738858,0.7129718287680743,0.8177089691162109,13,0.18229103088378906,clean,none,0.0,0
b9e4cb3d-975f9d1d.jpg,606.3008344182603,0.001144748263888889,7.473223190697989,1.52704971821226,0.8778189420700073,5,0.12218105792999268,clean,none,0.0,0
b9e4cb3d-98ed4484.jpg,140.35374305792794,0.00046223958333333333,7.481033302073632,0.483771092832343,0.8101781606674194,10,0.18982183933258057,clean,none,0.0,0
ba122c97-403fd75d.jpg,354.9109482701325,0.0002072482638888889,7.243338657692731,0.9713410840862855,0.890268862247467,10,0.10973113775253296,clean,none,0.0,0
ba41a907-1793986f.jpg,330.0146485064459,0.0002300347222222222,7.440070599964271,0.7092760524093332,0.8003620505332947,6,0.19963794946670532,clean,none,0.0,0
ba4bcdc5-3d4f7a56.jpg,198.51931067662647,0.04294053819444445,7.606565138202489,0.6225444788396401,0.8868576884269714,8,0.11314231157302856,clean,none,0.0,0
ba4d05f6-24c9c3cf.jpg,145.77112079154003,0.0013009982638888889,7.4674502191849825,0.3514327056614419,0.8224532008171082,6,0.17754679918289185,clean,none,0.0,0
bab692c9-3cd892ff.jpg,633.6622148164242,0.0003559027777777778,7.50951278058462,1.3641034279867927,0.8158701658248901,12,0.18412983417510986,clean,none,0.0,0
bab692c9-a16f15b4.jpg,867.121369660666,0.0009407552083333334,7.403809887072119,1.5541184629638174,0.8719097375869751,17,0.1280902624130249,clean,none,0.0,0
bae5905c-b009aff3.jpg,751.1140265984136,0.0004275173611111111,7.628067564678783,1.2977829659448974,0.7794381380081177,10,0.22056186199188232,clean,none,0.0,0
baf870f0-a1a64cd6.jpg,341.8566516524315,0.032942708333333334,7.665670723990531,0.7214471875369247,0.739337146282196,10,0.26066285371780396,clean,none,0.0,0
bb051d4e-49d5fed8.jpg,393.81674978802994,0.045430772569444444,7.482133941207389,1.0660660972039202,0.7772753834724426,5,0.22272461652755737,clean,none,0.0,0
bb4abf02-01cd2796.jpg,344.0315989769405,0.004401041666666667,7.510162315258883,0.6109438158743526,0.8039579391479492,6,0.19604206085205078,clean,none,0.0,0
bb725082-6cfb3269.jpg,213.92896699459874,0.007613932291666667,7.493084705287798,0.5655359618381303,0.9125834703445435,8,0.08741652965545654,clean,none,0.0,0
bb76c63a-f232154d.jpg,824.5412445708275,0.005036892361111111,7.522700195686848,1.6425065911724117,0.926963210105896,7,0.073036789894104,clean,none,0.0,0
bb9071ac-8e2bc8fe.jpg,193.83859781674516,0.0033604600694444446,7.628614272439637,0.4325296715051383,0.7609073519706726,7,0.2390926480293274,clean,none,0.0,0
bb9f498e-5ea84006.jpg,559.4658344178832,0.0024858940972222222,7.51915255524483,0.9864287752168452,0.8305593729019165,7,0.1694406270980835,clean,none,0.0,0
bb9f498e-62cc407e.jpg,752.581113479609,0.008325737847222223,7.716321752297954,1.6422982982639887,0.8689501285552979,9,0.13104987144470215,clean,none,0.0,0
bbb1289a-b49fe5de.jpg,140.37733804080997,0.0002756076388888889,7.32999577192661,0.35925996616769085,0.876258909702301,12,0.12374109029769897,clean,none,0.0,0
bc24f222-f198b643.jpg,244.87909152899732,0.0007508680555555555,7.607624848416377,0.5641209359159908,0.8640432357788086,1,0.1359567642211914,clean,none,0.0,0
bc5fadac-96776d48.jpg,131.8700528212547,0.006853298611111111,7.191929023217821,0.3082764638188942,0.5797197222709656,3,0.4202802777290344,clean,none,0.0,0
bc5fadac-fa6dd225.jpg,161.41471201705815,1.5190972222222222e-05,7.51121689050549,0.457780918354128,0.44665566086769104,2,0.553344339132309,clean,none,0.0,0
bcaa771b-806e4fcd.jpg,349.04853773789455,0.0004926215277777778,7.506853434046949,0.5633883822774057,0.5936596393585205,2,0.4063403606414795,clean,none,0.0,0
bcaf57de-8a71dbde.jpg,436.8588964299509,6.184895833333334e-05,7.371509614451522,0.8324340719180656,0.7791586518287659,10,0.22084134817123413,clean,none,0.0,0
bcfdd6af-c3d0b55a.jpg,201.69584171999705,0.01145724826388889,7.698960086379401,0.570156194482233,0.8652167916297913,3,0.13478320837020874,clean,none,0.0,0
bd338426-4b27de63.jpg,298.63752192978916,0.0009559461805555556,7.489398838651887,0.6676352268415091,0.809673547744751,8,0.19032645225524902,clean,none,0.0,0
bd5d35a0-1357b0da.jpg,185.12085637334067,0.008704427083333334,7.381355919121134,0.45289980737882,0.2829976975917816,1,0.7170023024082184,clean,none,0.0,0
bd8f4dfa-4e126a95.jpg,435.6373472085412,5.425347222222222e-05,7.508354430763394,1.0342942579299366,0.3414769768714905,1,0.6585230231285095,clean,none,0.0,0
bdfc0f1d-375eba4a.jpg,280.65400465432515,1.193576388888889e-05,7.410575098400274,0.8855865522247364,0.854102611541748,8,0.14589738845825195,clean,none,0.0,0
be047105-0662bd2d.jpg,410.8127591848857,0.009605034722222221,7.562079776056686,0.892502104426904,0.9016710519790649,7,0.09832894802093506,clean,none,0.0,0
be448414-11891b58.jpg,158.5877450199786,0.009817708333333333,7.517915404744524,0.4338661607568888,0.7784597277641296,10,0.22154027223587036,clean,none,0.0,0
be8590fa-9ab10ced.jpg,279.9078784745663,0.015143229166666666,7.285262530852204,0.7214310249178012,0.8012083172798157,9,0.19879168272018433,clean,none,0.0,0
beaa0c22-9f7d6767.jpg,656.3083463540912,0.0034136284722222224,7.381714477182665,1.6605140253012598,0.5027947425842285,4,0.4972052574157715,clean,none,0.0,0
beb87fd7-6120b637.jpg,564.5916113275023,0.034271918402777775,7.619814993775163,1.059986675988242,0.8918631672859192,7,0.10813683271408081,clean,none,0.0,0
bed001a8-2339fb95.jpg,218.86943750771283,0.00020073784722222221,7.242384096462158,0.5154623466532318,0.8758441209793091,7,0.12415587902069092,clean,none,0.0,0
bee1f0a4-22dbabcd.jpg,520.7696590101032,0.013299696180555556,7.62513124359414,1.324767482962994,0.6818023324012756,1,0.31819766759872437,clean,none,0.0,0
bfaca2bb-f1c305a8.jpg,914.0423607689648,0.0010796440972222223,7.631665443586839,1.718084136406682,0.9258582592010498,8,0.0741417407989502,clean,none,0.0,0
bfd64d5f-a12327b4.jpg,221.86644881184782,0.04482530381944445,7.508982222891742,0.7517737244332277,0.9172358512878418,16,0.0827641487121582,clean,none,0.0,0
bfd64d5f-d141be33.jpg,370.32839716508556,0.038940972222222224,7.335116021663026,0.8202954896712441,0.8715224862098694,17,0.12847751379013062,clean,none,0.0,0
c022e075-de13593a.jpg,39.84629952797597,3.2552083333333335e-06,7.226464813210774,0.23753313520022146,0.5676400661468506,1,0.4323599338531494,clean,none,0.0,0
c02d18db-023c1955.jpg,364.949351092002,0.015447048611111111,7.622760995958632,0.842145984871128,0.8520616292953491,12,0.14793837070465088,clean,none,0.0,0
c036f281-a0c90e9a.jpg,395.27809872413417,6.944444444444444e-05,7.349425180206639,0.9788510109156583,0.8603550791740417,8,0.13964492082595825,clean,none,0.0,0
c05767da-e6e016b5.jpg,222.57114726943857,0.0020594618055555557,7.660432263165847,0.6062427701346322,0.7027127742767334,8,0.2972872257232666,clean,none,0.0,0
c0677163-8371743a.jpg,63.63498480450195,0.009370659722222223,7.453412563386325,0.33330803563331746,0.8193464279174805,10,0.18065357208251953,clean,none,0.0,0
c0c954a7-0c7fa0bb.jpg,357.34998303391126,0.00019422743055555556,7.655316461463967,1.0315174744360085,0.8636288046836853,6,0.1363711953163147,clean,none,0.0,0
c0e24bac-d541b20d.jpg,196.99304842114873,0.010040147569444444,7.274696873403302,0.45142513911568943,0.734149694442749,4,0.265850305557251,clean,none,0.0,0
c0e74e90-9684bfc2.jpg,344.7974011152751,0.00010416666666666667,7.495444398243633,1.0302795543966594,0.6992468237876892,6,0.3007531762123108,clean,none,0.0,0
c11add12-bb59c2a1.jpg,790.0424316101061,0.0099609375,7.702315907729842,1.29991848045191,0.9291849136352539,2,0.0708150863647461,clean,none,0.0,0
c1211833-1ba939db.jpg,289.0671304672511,0.004476996527777778,7.737795142460946,0.6324380505259501,0.7822574377059937,9,0.21774256229400635,clean,none,0.0,0
c12e6924-5860d30a.jpg,250.8243109490241,0.02333767361111111,7.567802755966677,0.564264123062874,0.8369957804679871,9,0.16300421953201294,clean,none,0.0,0
c15c29a5-74788f46.jpg,866.8650106080185,0.0021451822916666668,7.574833694880645,1.5439494438248387,0.8898273706436157,18,0.11017262935638428,clean,none,0.0,0
c1757757-140fa8b6.jpg,348.4630719502345,0.013957248263888888,7.470738378592251,0.7225997416301988,0.9085686206817627,12,0.0914313793182373,clean,none,0.0,0
c197a2a7-20f63536.jpg,681.1170367095367,0.005543619791666667,7.52100373203789,1.630692854805721,0.5684078335762024,4,0.4315921664237976,clean,none,0.0,0
c197a2a7-5b960a7f.jpg,366.7568677017731,0.010132378472222222,7.081513407887554,0.9378682998814418,0.8416315317153931,12,0.15836846828460693,clean,none,0.0,0
c1a07cae-73529cf4.jpg,432.6089368803132,0.0036903211805555556,7.544444027047776,0.8213091818255696,0.699691653251648,4,0.30030834674835205,clean,none,0.0,0
c1b3582d-7a6b9124.jpg,431.9063091198944,0.00038736979166666667,7.6954151880512995,1.1502840420361193,0.8253154754638672,15,0.1746845245361328,clean,none,0.0,0
c1b3582d-b9c87c82.jpg,300.745721445285,0.006957465277777778,7.690814770180842,0.7278616985462628,0.783244788646698,7,0.216755211353302,clean,none,0.0,0
c1b5a91c-9e402e78.jpg,111.3483962598259,0.00815212673611111,7.443938804044547,0.38697999617716994,0.8380023241043091,11,0.16199767589569092,clean,none,0.0,0
c1bbc01a-42a391bd.jpg,344.90455725436266,0.015768229166666668,7.549351574187138,0.7461573281090602,0.8173478245735168,5,0.18265217542648315,clean,none,0.0,0
c1bd4140-1f2bd79e.jpg,325.65528532061046,0.001015625,7.349733728820806,0.780876682769122,0.8618377447128296,3,0.1381622552871704,clean,none,0.0,0
c1fdd182-0431866d.jpg,319.2743431492545,2.387152777777778e-05,7.494665755719039,0.9015342768066865,0.795335590839386,4,0.204664409160614,clean,none,0.0,0
c242b4b8-0dab228f.jpg,140.33687126193112,2.712673611111111e-05,7.566103051447856,0.3908558377714985,0.7330295443534851,4,0.2669704556465149,clean,none,0.0,0
c292800e-4290dbb9.jpg,481.42584696747485,0.013149956597222222,7.333213494368108,0.8662744987973391,0.7909809947013855,15,0.2090190052986145,clean,none,0.0,0
c2987e05-cb9bfcee.jpg,385.7707481410226,0.00020941840277777777,7.551616963707158,0.8887865231686737,0.6253004670143127,8,0.37469953298568726,clean,none,0.0,0
c29d13ba-67447c50.jpg,118.71845912542932,0.0007899305555555555,7.728091236509369,0.32077813588968807,0.8432765603065491,6,0.15672343969345093,clean,none,0.0,0
c2b457e5-36e3ecee.jpg,410.06666653856695,0.008448350694444445,7.673700351539193,0.7693354345023027,0.8559113144874573,7,0.14408868551254272,clean,none,0.0,0
c2d051a0-31c90f75.jpg,451.60647271711537,0.019686414930555556,7.729764250526252,0.8298655813325606,0.8024037480354309,8,0.1975962519645691,clean,none,0.0,0
c2f88368-4292c1a0.jpg,350.37485675710036,6.727430555555556e-05,7.607735224110984,0.7678753353606357,0.8933218121528625,6,0.10667818784713745,clean,none,0.0,0
c2f8b141-5ef7d661.jpg,726.3369552371129,0.013068576388888888,7.568596844350319,1.5187694490855064,0.8882280588150024,6,0.11177194118499756,clean,none,0.0,0
c30226a9-f882478c.jpg,503.7992581168178,0.010999348958333334,7.684411575499883,0.7511101464790712,0.8809460401535034,6,0.11905395984649658,clean,none,0.0,0
c3287e28-f6bcc9ef.jpg,301.536216818534,6.944444444444444e-05,7.696243743518213,0.9162208618119551,0.8580994606018066,5,0.14190053939819336,clean,none,0.0,0
c3436372-070af78a.jpg,495.46156033210286,0.020988498263888888,7.739278130569882,1.3490797044051586,0.46223288774490356,1,0.5377671122550964,clean,none,0.0,0
c3436372-eb18934d.jpg,204.81099386765746,8.463541666666667e-05,7.5230807334664505,0.5644214240461748,0.6245724558830261,2,0.3754275441169739,clean,none,0.0,0
c352d9c5-d0019b8b.jpg,283.0077237079467,0.022392578125,7.687445571777181,0.6920956435660599,0.8482612371444702,7,0.15173876285552979,clean,none,0.0,0
c3668a3d-22233f64.jpg,295.280040146438,0.0031119791666666665,7.432160957616848,0.5836075911584268,0.8300788998603821,7,0.16992110013961792,clean,none,0.0,0
c366973d-c03525b0.jpg,628.9665229948527,0.0009733072916666667,7.557658919193818,1.0592561711323627,0.814950168132782,7,0.18504983186721802,clean,none,0.0,0
c3804a06-26cf84ff.jpg,1039.9326444071028,0.0017437065972222222,7.454201296773062,2.133959025653846,0.899881899356842,4,0.10011810064315796,clean,none,0.0,0
c389631f-a4b2d909.jpg,493.5113735304643,0.0001486545138888889,7.563462647988047,1.3543398401810396,0.15102609992027283,0,0.8489739000797272,clean,none,0.0,0
c389631f-b7bb20cb.jpg,491.3956830398551,8.029513888888889e-05,7.546009553724428,1.0709344601979478,0.5069355964660645,2,0.49306440353393555,clean,none,0.0,0
c39ddb2c-db949106.jpg,303.9479410380788,0.0031846788194444444,7.287133394835244,0.6618446839873487,0.8720706701278687,16,0.12792932987213135,clean,none,0.0,0
c3c28990-04db5664.jpg,420.4750394807497,0.005158420138888889,7.5944107269678724,0.9399605623091097,0.8783811926841736,9,0.12161880731582642,clean,none,0.0,0
c3e87419-dd6f2321.jpg,21.59224474526747,0.013627387152777778,7.388889351916023,0.2137089793270832,0.8551144003868103,5,0.1448855996131897,clean,none,0.0,0
c41203a6-f2bee3f0.jpg,505.837034401353,0.015412326388888889,7.67891649241436,1.1707281617297327,0.8404742479324341,6,0.15952575206756592,clean,none,0.0,0
c414ea72-128822b2.jpg,413.9012432987533,0.00032877604166666667,7.42245856197701,0.9173080825011665,0.864587128162384,14,0.13541287183761597,clean,none,0.0,0
c43052f6-d90711e9.jpg,631.4436667100692,0.004033203125,7.596850176666296,1.3910298961615586,0.8592678308486938,15,0.14073216915130615,clean,none,0.0,0
c43c290b-61f94939.jpg,253.00323323113724,0.003994140625,7.504918996689493,0.5147382157879928,0.8245657682418823,7,0.17543423175811768,clean,none,0.0,0
c4a9c191-20e1a3c3.jpg,216.33303266160283,0.09239800347222223,7.22271075092369,0.5771334378080976,0.8974641561508179,4,0.10253584384918213,clean,none,0.0,0
c4d83625-8af1c66e.jpg,274.8986436626247,0.0001996527777777778,7.2422115856451565,0.8491951632342185,0.8146815299987793,10,0.1853184700012207,clean,none,0.0,0
c4f65761-92ca62d4.jpg,302.8614370387502,0.017641059027777777,7.5551376009120865,0.7462117346720253,0.9139877557754517,8,0.08601224422454834,clean,none,0.0,0
c5578df5-1318c8a5.jpg,537.0911373670792,0.029140625,7.717800687464815,0.9790540680460553,0.836670458316803,11,0.16332954168319702,clean,none,0.0,0
c5584f14-7fcc4797.jpg,14.562367435026761,0.10384982638888889,6.973723089202339,0.1643849909699848,0.4848109483718872,1,0.5151890516281128,clean,none,0.0,0
c55ab634-b93da9ef.jpg,350.37952906455996,0.00037543402777777776,7.608368687921896,0.9318826673851847,0.768915057182312,8,0.231084942817688,clean,none,0.0,0
c563b8a0-c21b10e8.jpg,432.86238125905953,0.008383246527777779,7.618277640615221,1.1230634597218097,0.886029064655304,10,0.11397093534469604,clean,none,0.0,0
c564c92b-2f727c05.jpg,388.28042895552545,0.028552517361111113,7.532511507270451,0.9920474479662413,0.8926312923431396,6,0.10736870765686035,clean,none,0.0,0
c5b2506d-1241a008.jpg,431.14231489661745,0.024447699652777776,7.357239456517796,0.8625816817913954,0.9150964617729187,7,0.0849035382270813,clean,none,0.0,0
c5b7db86-88bceca0.jpg,1149.7836887107378,0.006854383680555556,7.49586386198829,1.9740631452347925,0.9105784296989441,9,0.08942157030105591,clean,none,0.0,0
c5b80ec1-6efedb0e.jpg,363.38871429607144,0.0069281684027777775,7.271116573914217,0.7370263588743536,0.3539128005504608,1,0.6460871994495392,clean,none,0.0,0
c5c9ead6-dab2dae6.jpg,160.69644240010103,0.004153645833333333,7.715794198261937,0.5214620929859067,0.6466520428657532,4,0.3533479571342468,clean,none,0.0,0
c5dd7de4-53608747.jpg,181.36639884406077,0.00703125,7.4268639253222535,0.47791794828439416,0.7632656693458557,3,0.2367343306541443,clean,none,0.0,0
c5e8ab3b-6e92761c.jpg,80.09495634034707,2.170138888888889e-06,6.979926892366967,0.32379052939478326,0.8756211400032043,5,0.12437885999679565,clean,none,0.0,0
c5f2e071-fcf05969.jpg,293.9505690595544,0.0015972222222222223,7.35162298788822,0.49983127282058926,0.9219478368759155,11,0.07805216312408447,clean,none,0.0,0
c640ffda-035e5b98.jpg,166.07389625026443,0.01251193576388889,7.689048824929404,0.4843718414501882,0.6232360005378723,4,0.3767639994621277,clean,none,0.0,0
c675081b-df5291b4.jpg,299.99626627136865,2.387152777777778e-05,7.240902338744423,0.6542703343240047,0.7680410146713257,13,0.23195898532867432,clean,none,0.0,0
c6758a15-46130d04.jpg,273.58726562205663,4.340277777777778e-05,7.6601944920251475,0.635560167727067,0.8322596549987793,3,0.1677403450012207,clean,none,0.0,0
c685aea9-2f9e84d2.jpg,711.1288138556587,0.0007779947916666666,7.517487978826278,1.3689019047263002,0.7098860740661621,4,0.2901139259338379,clean,none,0.0,0
c71de7ef-ad5d9110.jpg,583.2319905702271,0.000791015625,7.566141069961066,1.0875587383578578,0.9418708682060242,8,0.05812913179397583,clean,none,0.0,0
c734eb0a-9d6807cb.jpg,68.42655437756645,1.4105902777777777e-05,7.033771613905868,0.26877616089358575,0.8873670101165771,4,0.11263298988342285,clean,none,0.0,0
c737e602-e8793fdc.jpg,398.7014296210206,0.0013585069444444445,7.4577998829326475,0.8928003161318595,0.9074230790138245,15,0.09257692098617554,clean,none,0.0,0
c7fee392-08329b19.jpg,466.4334702357244,0.0003938802083333333,7.563104176258333,1.0327690530267297,0.6998529434204102,8,0.30014705657958984,clean,none,0.0,0
c80cf60a-9a7aabc6.jpg,217.24418602430563,0.04533745659722222,7.62749942093497,0.4878809509401785,0.8886826634407043,13,0.11131733655929565,clean,none,0.0,0
c8152bfa-28181ba4.jpg,503.4995601953532,0.002025824652777778,7.188743252859019,1.1007303623734483,0.9269227385520935,10,0.0730772614479065,clean,none,0.0,0
c85ca3b9-72a968aa.jpg,113.65015950068246,1.193576388888889e-05,7.528986500485205,0.461749865740309,0.8761250376701355,4,0.1238749623298645,clean,none,0.0,0
c8792c3c-a42cb3f6.jpg,269.33964346101425,0.00010416666666666667,7.424825752280649,0.7089885399029526,0.7126293778419495,21,0.28737062215805054,clean,none,0.0,0
c88b26c5-0a03ff8e.jpg,422.1193195964377,0.0017534722222222222,7.519122494044347,1.0001522047078648,0.8108780384063721,2,0.18912196159362793,clean,none,0.0,0
c897cc2b-2a1bc9f0.jpg,180.52564034553694,0.003853081597222222,7.171403210708066,0.4941301934779154,0.7528555989265442,8,0.2471444010734558,clean,none,0.0,0
c8a5a379-cb506f54.jpg,497.5965149364602,0.00023980034722222222,7.2494468741475675,1.0879486899995283,0.8245147466659546,15,0.1754852533340454,clean,none,0.0,0
c8a830e0-95b22cac.jpg,325.64123345600626,0.0007866753472222222,7.664422590295931,0.8492288543276029,0.7583160996437073,5,0.24168390035629272,clean,none,0.0,0
c8bad943-c78f2df3.jpg,156.2371176968044,0.0019639756944444444,7.3510550576284,0.3163552693129108,0.5326815247535706,3,0.46731847524642944,clean,none,0.0,0
c8e8f29f-09ac075a.jpg,188.12652714345964,0.0009733072916666667,7.2931277318246215,0.4348218040678832,0.795904278755188,5,0.204095721244812,clean,none,0.0,0
c8ef1a34-e7c66c0c.jpg,142.464208067416,0.035618489583333336,6.980519722281157,0.3040086218001891,0.7559617161750793,5,0.24403828382492065,clean,none,0.0,0
c90b5398-63556b1c.jpg,301.08113229963504,0.007278645833333333,7.534886439325178,0.7724372915188845,0.8195543885231018,18,0.1804456114768982,clean,none,0.0,0
c911f50f-e7958776.jpg,800.7379705043792,0.0012684461805555556,7.452941589777653,1.567228623498234,0.8964652419090271,9,0.1035347580909729,clean,none,0.0,0
c91a3cef-e63379c7.jpg,233.90689235319445,0.0009385850694444445,7.539690800721818,0.46072069389442866,0.8928459286689758,8,0.10715407133102417,clean,none,0.0,0
c9240f77-08db8836.jpg,113.18252591807043,0.0012543402777777778,7.722438888024264,0.4167827276283566,0.8689737915992737,8,0.13102620840072632,clean,none,0.0,0
c927d51b-cb5b7850.jpg,384.0676558608054,0.004457465277777778,7.4195385192747025,0.8170725268324973,0.9055517911911011,10,0.09444820880889893,clean,none,0.0,0
c928749e-62bc39dd.jpg,121.53406304544404,0.01574761284722222,7.216941008482584,0.5170257955002804,0.9137719869613647,4,0.08622801303863525,clean,none,0.0,0
c9375798-85c143f7.jpg,218.87991448292198,0.004830729166666666,7.640154594881247,0.6455894143570057,0.8742378950119019,9,0.12576210498809814,clean,none,0.0,0
c9403737-55c6220f.jpg,378.53655778254273,0.0022667100694444445,7.03326801255815,0.5311660384506688,0.722751259803772,2,0.277248740196228,clean,none,0.0,0
c9403737-9675db60.jpg,750.3339911084158,0.006037326388888889,7.562700462459645,1.5197986209313867,0.8845799565315247,7,0.11542004346847534,clean,none,0.0,0
c9403737-bf414a95.jpg,95.57040906383256,8.680555555555556e-06,7.229935820066011,0.2665951178819998,0.14059646427631378,0,0.8594035357236862,clean,none,0.0,0
c96109b8-caf84a36.jpg,763.6915224753297,0.0010210503472222222,7.369742141023939,1.626812460360935,0.8945903778076172,7,0.10540962219238281,clean,none,0.0,0
c992d89e-45d612c4.jpg,192.87284804831486,0.0007964409722222223,7.657736349609361,0.5443192234219073,0.81710284948349,16,0.18289715051651,clean,none,0.0,0
c9a9a2a9-57519e11.jpg,691.2901128123905,0.005,7.653966233112996,1.1785010156730165,0.9136592745780945,10,0.08634072542190552,clean,none,0.0,0
c9b29647-95da8336.jpg,74.58082135188725,0.0018630642361111111,6.99656032267305,0.21589798982696945,0.6366233825683594,1,0.3633766174316406,clean,none,0.0,0
c9b82f4e-fd73af29.jpg,1142.4045136108355,0.0015364583333333333,7.5994955594141445,2.6585810244996657,0.9341237545013428,6,0.06587624549865723,clean,none,0.0,0
c9c31e57-45b42452.jpg,673.9546885683965,0.002262369791666667,7.80262414219516,1.269890610545608,0.8190579414367676,11,0.18094205856323242,clean,none,0.0,0
c9fb1a4c-0bd0ea9d.jpg,524.0218416368227,0.00017252604166666667,7.530574622906077,1.259389005680721,0.5181411504745483,2,0.48185884952545166,clean,none,0.0,0
ca009e13-fdb666f6.jpg,543.2254699389129,0.012828776041666667,7.775294997472531,1.132727795387593,0.8397988677024841,14,0.16020113229751587,clean,none,0.0,0
ca2c7c84-5902ee09.jpg,302.5297296195136,0.018092447916666667,7.165689857470937,0.6733376720393203,0.7581430673599243,10,0.24185693264007568,clean,none,0.0,0
b1d7b3ac-36f2d3b7.jpg,32.03739297569063,0.0030902777777777777,7.328329067635927,0.3099712624016368,0.8425098657608032,4,0.15749013423919678,motion_blur_zoom0.02,motion_blur,0.02,1
b20d494a-cdebe83e.jpg,17.74464478395132,0.001847873263888889,7.395146870539974,0.1887067733981097,0.6421717405319214,3,0.3578282594680786,motion_blur_zoom0.02,motion_blur,0.02,1
b231a630-c4522992.jpg,44.145377203188986,3.2552083333333335e-06,7.42802491388414,0.4065438222348578,0.8617081046104431,8,0.13829189538955688,motion_blur_zoom0.02,motion_blur,0.02,1
b25fdb41-4644e3f7.jpg,196.4956192623834,0.004484592013888889,7.415828588186784,0.8610526069652996,0.8797207474708557,6,0.12027925252914429,motion_blur_zoom0.02,motion_blur,0.02,1
b27d5dcb-856c0b43.jpg,61.22436874274737,0.017686631944444444,7.689225176717349,0.43597276466349727,0.7922709584236145,6,0.2077290415763855,motion_blur_zoom0.02,motion_blur,0.02,1
b2afce7f-0cb9967a.jpg,67.98833630502487,0.005068359375,7.598695871101475,0.46458060051215655,0.8323197364807129,4,0.1676802635192871,motion_blur_zoom0.02,motion_blur,0.02,1
b2e431b6-332c438d.jpg,43.0203760473357,2.2786458333333334e-05,6.912954627493722,0.33791278858586526,0.8945835828781128,3,0.10541641712188721,motion_blur_zoom0.02,motion_blur,0.02,1
b2f4a409-5ddff11a.jpg,62.479423328917726,0.01641276041666667,7.298992124217419,0.41558077510762037,0.5369532108306885,4,0.4630467891693115,motion_blur_zoom0.02,motion_blur,0.02,1
b2fbf86d-d5de82a4.jpg,116.77380639116733,4.340277777777778e-06,7.418872798231507,0.5092028602019659,0.8676838874816895,14,0.13231611251831055,motion_blur_zoom0.02,motion_blur,0.02,1
b3110036-a32dc26e.jpg,94.50025559111707,0.008741319444444444,7.635166053527793,0.4488928436913202,0.9125451445579529,5,0.08745485544204712,motion_blur_zoom0.02,motion_blur,0.02,1
b3826fd8-774c2e0a.jpg,55.17761066796575,0.059105902777777775,7.165669903809455,0.3676617964016553,0.853710412979126,13,0.14628958702087402,motion_blur_zoom0.02,motion_blur,0.02,1
b3875c8d-cc4081eb.jpg,75.45023864746099,0.005904947916666667,7.501335028387593,0.48309089697401725,0.868640661239624,8,0.13135933876037598,motion_blur_zoom0.02,motion_blur,0.02,1
b3a3d166-3a6a258d.jpg,31.5270287941815,0.00021592881944444445,7.438625017462373,0.28403777091161564,0.8721426129341125,2,0.12785738706588745,motion_blur_zoom0.02,motion_blur,0.02,1
b3c26aff-417063a0.jpg,77.524542267777,0.01114474826388889,7.438420304848258,0.36978934342036757,0.8418813943862915,7,0.1581186056137085,motion_blur_zoom0.02,motion_blur,0.02,1
b3f3c908-baffb699.jpg,158.56607768727997,0.0011002604166666667,7.335982001261254,0.9165434312668572,0.7457793354988098,4,0.2542206645011902,motion_blur_zoom0.02,motion_blur,0.02,1
b4110365-9ae12ee1.jpg,43.286457387287236,0.0056499565972222224,7.342094504910652,0.30124640742772446,0.8254078030586243,4,0.17459219694137573,motion_blur_zoom0.02,motion_blur,0.02,1
b4543c78-db967acc.jpg,101.36928482535914,1.0850694444444445e-05,7.625410967611137,0.4891106758487045,0.8238707780838013,3,0.17612922191619873,motion_blur_zoom0.02,motion_blur,0.02,1
b46478b0-167fe009.jpg,16.972168275610606,7.595486111111111e-06,7.6246519973073,0.22106114988810927,0.22201736271381378,0,0.7779826372861862,motion_blur_zoom0.02,motion_blur,0.02,1
b46478b0-1eb55806.jpg,39.24388122501963,0.022635633680555555,7.608690465055366,0.30047128463736333,0.804332971572876,14,0.19566702842712402,motion_blur_zoom0.02,motion_blur,0.02,1
b472aeb8-f6353af9.jpg,79.85624746589194,0.004646267361111111,7.301677038647534,0.5742305403565013,0.6823065280914307,6,0.31769347190856934,motion_blur_zoom0.02,motion_blur,0.02,1
b47f85d4-c6562257.jpg,59.93106697353314,0.002428385416666667,7.57615958839071,0.37751621357403226,0.8107253313064575,5,0.18927466869354248,motion_blur_zoom0.02,motion_blur,0.02,1
b48c7b5f-cec3fed8.jpg,51.05900056922699,0.0,7.474419268318801,0.41283199164400486,0.8941091299057007,8,0.10589087009429932,motion_blur_zoom0.02,motion_blur,0.02,1
b49698d7-1999d598.jpg,26.036874850784113,0.0010101996527777778,7.528402864140556,0.30364985718415116,0.8107286691665649,11,0.18927133083343506,motion_blur_zoom0.02,motion_blur,0.02,1
b4b1aa64-e3cbad0f.jpg,93.10300611863195,0.002263454861111111,7.533539690209089,0.5076719642356873,0.8791643381118774,15,0.12083566188812256,motion_blur_zoom0.02,motion_blur,0.02,1
b4ef573f-5122732a.jpg,67.32130324647576,4.774305555555556e-05,7.4640440150807255,0.44330148804466807,0.8344083428382874,4,0.16559165716171265,motion_blur_zoom0.02,motion_blur,0.02,1
b4f2a76c-3ce3d91e.jpg,76.75299276770014,0.00023220486111111112,7.526990796885054,0.34927533747223416,0.9516938328742981,6,0.048306167125701904,motion_blur_zoom0.02,motion_blur,0.02,1
b4f49565-abd6b20b.jpg,86.64904440408876,3.2552083333333335e-06,7.5982347690546,0.4858965910683494,0.6205480694770813,8,0.3794519305229187,motion_blur_zoom0.02,motion_blur,0.02,1
b5032e1d-d2f24352.jpg,81.1353531809866,0.0130859375,7.502363388059365,0.5068931991649603,0.857990562915802,11,0.142009437084198,motion_blur_zoom0.02,motion_blur,0.02,1
b54735e3-4c968f67.jpg,53.22260658517413,0.004229600694444445,6.906245678620873,0.39735434887177445,0.9306484460830688,8,0.06935155391693115,motion_blur_zoom0.02,motion_blur,0.02,1
b54a8089-d1989d8f.jpg,87.46074820961655,0.0057671440972222225,7.444805388795595,0.5616123153139997,0.9037047028541565,11,0.0962952971458435,motion_blur_zoom0.02,motion_blur,0.02,1
b565c328-1e663060.jpg,79.86702116967538,0.013837890625,7.585671229705833,0.4407926398001541,0.8793699145317078,10,0.12063008546829224,motion_blur_zoom0.02,motion_blur,0.02,1
b5961057-5e258e5e.jpg,140.50238522334627,0.0003667534722222222,7.605272256691141,0.6398922049372205,0.9254499673843384,11,0.07455003261566162,motion_blur_zoom0.02,motion_blur,0.02,1
b59d9baf-5fe6c3c0.jpg,69.36128750775654,0.010196397569444444,7.659356862432427,0.45545600526809027,0.6605510115623474,9,0.3394489884376526,motion_blur_zoom0.02,motion_blur,0.02,1
b5a52ea9-2e1f4066.jpg,36.278797726661765,0.0,7.4462451550644335,0.3785588163287618,0.818101167678833,3,0.181898832321167,motion_blur_zoom0.02,motion_blur,0.02,1
b5b2f593-25b7b157.jpg,72.94666402028398,0.028539496527777777,7.719267762256254,0.46024696980434304,0.8803578615188599,5,0.11964213848114014,motion_blur_zoom0.02,motion_blur,0.02,1
b5b44d2d-60f87448.jpg,63.17515496019789,0.002033420138888889,7.558354994579521,0.4279665771342751,0.8312970995903015,13,0.1687029004096985,motion_blur_zoom0.02,motion_blur,0.02,1
b5c30297-f0b3279b.jpg,61.19215176026029,0.0026866319444444446,7.5881495687550125,0.44931990106421815,0.9005664587020874,8,0.0994335412979126,motion_blur_zoom0.02,motion_blur,0.02,1
b690e7dd-1a1d38d1.jpg,142.8281585847348,0.014104817708333333,7.48035707309209,0.6778816444382626,0.9170234799385071,8,0.08297652006149292,motion_blur_zoom0.02,motion_blur,0.02,1
b72812e8-c636249b.jpg,95.77872564320039,0.02316189236111111,7.586429745874437,0.48967978215587127,0.9113004207611084,9,0.0886995792388916,motion_blur_zoom0.02,motion_blur,0.02,1
b72b3974-9667b29a.jpg,115.40241226826305,0.015469835069444444,7.414063510254948,0.46614541521434233,0.7846887111663818,13,0.21531128883361816,motion_blur_zoom0.02,motion_blur,0.02,1
b736c477-fb345fa9.jpg,54.02755157046846,0.025891927083333332,7.5994806210764985,0.3605318049429471,0.8915614485740662,1,0.10843855142593384,motion_blur_zoom0.02,motion_blur,0.02,1
b73a793e-ebf5917d.jpg,276.3320539799902,0.004840494791666667,7.689304916511016,1.0592161060483383,0.7860469222068787,8,0.21395307779312134,motion_blur_zoom0.02,motion_blur,0.02,1
b7404583-b504d500.jpg,56.45149609777658,0.004382595486111111,7.530571873605737,0.38398604171642703,0.841933012008667,12,0.158066987991333,motion_blur_zoom0.02,motion_blur,0.02,1
b74111eb-d21a119b.jpg,141.38340281484628,0.00019856770833333334,7.630100412692354,0.4817015946569617,0.9005380868911743,9,0.09946191310882568,motion_blur_zoom0.02,motion_blur,0.02,1
b747b30e-991436c7.jpg,40.76322260029639,1.953125e-05,7.412601216644756,0.2901388181669663,0.627210795879364,2,0.372789204120636,motion_blur_zoom0.02,motion_blur,0.02,1
b784ff27-baf00daa.jpg,83.5293027545505,0.0,7.361889217087159,0.41334623610316074,0.8876553177833557,6,0.11234468221664429,motion_blur_zoom0.02,motion_blur,0.02,1
b79307e6-6cfc1c5b.jpg,63.32670242918858,0.0025499131944444445,7.591886796790971,0.4223900182516094,0.9013319611549377,4,0.09866803884506226,motion_blur_zoom0.02,motion_blur,0.02,1
b7d9a95e-f9901594.jpg,127.00939919797992,0.008803168402777778,7.39821356177923,0.6449108119963399,0.8900516033172607,11,0.10994839668273926,motion_blur_zoom0.02,motion_blur,0.02,1
b7eb6c3d-e1598570.jpg,71.89063451995848,0.0413671875,7.672907477924371,0.44313963421090985,0.8732610940933228,6,0.12673890590667725,motion_blur_zoom0.02,motion_blur,0.02,1
b7ec8e2f-b673fc33.jpg,30.33390265019617,0.0,7.296602391956207,0.23686614260822197,0.5175729990005493,3,0.4824270009994507,motion_blur_zoom0.02,motion_blur,0.02,1
b7f452e4-1e8b6f3a.jpg,31.588385821419,0.00046875,7.657737338228254,0.32073875373323213,0.3765866160392761,3,0.6234133839607239,motion_blur_zoom0.02,motion_blur,0.02,1
b7fd2970-e46faf78.jpg,74.8455812300882,0.004331597222222222,7.678758544810068,0.45716560061481926,0.906650722026825,9,0.09334927797317505,motion_blur_zoom0.02,motion_blur,0.02,1
b89bf84d-d2c2e5a7.jpg,122.92406062133104,2.604166666666667e-05,7.6406851082903025,0.6671084620435956,0.854814887046814,10,0.14518511295318604,motion_blur_zoom0.02,motion_blur,0.02,1
b8b15e54-2ccd7fd0.jpg,66.34328751219638,7.052951388888888e-05,7.620726802285781,0.41378262681949624,0.8775142431259155,17,0.12248575687408447,motion_blur_zoom0.02,motion_blur,0.02,1
b8c7c957-84df8251.jpg,23.893065601291188,0.00014105902777777776,7.540537469240263,0.26946523481030327,0.8028529286384583,10,0.19714707136154175,motion_blur_zoom0.02,motion_blur,0.02,1
b8ca6c5d-22de751a.jpg,89.65717622299073,0.0016872829861111112,7.371691875145227,0.47915017726067166,0.8502572178840637,8,0.14974278211593628,motion_blur_zoom0.02,motion_blur,0.02,1
b8e63e55-369d821c.jpg,42.65898129310137,0.04175998263888889,7.141060454157621,0.3038615647304172,0.8455386757850647,11,0.1544613242149353,motion_blur_zoom0.02,motion_blur,0.02,1
b919f6f7-9c71d913.jpg,101.9666566155281,0.0057465277777777775,7.66826562156858,0.5120331396887677,0.5561314821243286,1,0.4438685178756714,motion_blur_zoom0.02,motion_blur,0.02,1
b94daedc-7045933e.jpg,37.901053491464076,0.10051866319444444,7.168416818178187,0.33847620382996035,0.8345155715942383,5,0.16548442840576172,motion_blur_zoom0.02,motion_blur,0.02,1
b94f6bc8-32f10d36.jpg,69.71922404478917,0.00029839409722222225,7.569515853210441,0.4039650877358237,0.8810622692108154,7,0.11893773078918457,motion_blur_zoom0.02,motion_blur,0.02,1
b9597719-09a2458c.jpg,38.51438893197966,0.0,7.443213369367589,0.38662123156113204,0.794329047203064,3,0.20567095279693604,motion_blur_zoom0.02,motion_blur,0.02,1
b9c2521e-2db68bde.jpg,101.35614918572699,0.0,7.263068502067694,0.43242267951939095,0.8704404830932617,11,0.12955951690673828,motion_blur_zoom0.02,motion_blur,0.02,1
b9e4cb3d-975f9d1d.jpg,127.41434562044388,0.00014105902777777776,7.433418804660207,0.7549015326974162,0.875948429107666,3,0.12405157089233398,motion_blur_zoom0.02,motion_blur,0.02,1
b9e4cb3d-98ed4484.jpg,33.881949642886646,4.123263888888889e-05,7.477127719510987,0.336336819400059,0.8111605048179626,8,0.18883949518203735,motion_blur_zoom0.02,motion_blur,0.02,1
ba122c97-403fd75d.jpg,61.23580624690587,1.953125e-05,7.217028835704846,0.5104159672063227,0.8915784955024719,9,0.10842150449752808,motion_blur_zoom0.02,motion_blur,0.02,1
ba41a907-1793986f.jpg,68.92417767610789,7.595486111111111e-06,7.434052365411004,0.38136064050020524,0.7987220883369446,3,0.20127791166305542,motion_blur_zoom0.02,motion_blur,0.02,1
ba4bcdc5-3d4f7a56.jpg,45.14525669464772,0.046923828125,7.5955671046181905,0.35554415726693755,0.8923779726028442,7,0.10762202739715576,motion_blur_zoom0.02,motion_blur,0.02,1
ba4d05f6-24c9c3cf.jpg,39.87951164749992,0.0007237413194444445,7.464942554600203,0.2838210552298465,0.8269596099853516,7,0.17304039001464844,motion_blur_zoom0.02,motion_blur,0.02,1
bab692c9-3cd892ff.jpg,129.31479155785829,2.4956597222222224e-05,7.469397680442377,0.6657904118361974,0.8794485926628113,12,0.12055140733718872,motion_blur_zoom0.02,motion_blur,0.02,1
bab692c9-a16f15b4.jpg,160.05335612430804,1.736111111111111e-05,7.420664616609019,0.7213563581703009,0.8897455334663391,18,0.11025446653366089,motion_blur_zoom0.02,motion_blur,0.02,1
bae5905c-b009aff3.jpg,156.88542206991576,1.0850694444444444e-06,7.594942505996609,0.6545489687719935,0.776030957698822,9,0.22396904230117798,motion_blur_zoom0.02,motion_blur,0.02,1
baf870f0-a1a64cd6.jpg,81.8039136423699,0.028449435763888888,7.651181084912016,0.4365234319263118,0.6235257387161255,10,0.3764742612838745,motion_blur_zoom0.02,motion_blur,0.02,1
bb051d4e-49d5fed8.jpg,76.9843304682967,0.04345486111111111,7.504763538598366,0.5157958429492315,0.8070293664932251,5,0.1929706335067749,motion_blur_zoom0.02,motion_blur,0.02,1
bb4abf02-01cd2796.jpg,71.11971990453934,0.0018153211805555555,7.4767614245211504,0.38347430132502264,0.884756863117218,6,0.11524313688278198,motion_blur_zoom0.02,motion_blur,0.02,1
bb725082-6cfb3269.jpg,44.75694822980033,0.005828993055555555,7.493900434033698,0.3618769446105665,0.9196649789810181,7,0.08033502101898193,motion_blur_zoom0.02,motion_blur,0.02,1
bb76c63a-f232154d.jpg,178.5846256474801,0.0014887152777777778,7.508540355818915,0.8054286117878652,0.9073175191879272,5,0.09268248081207275,motion_blur_zoom0.02,motion_blur,0.02,1
bb9071ac-8e2bc8fe.jpg,45.701834492078234,0.0031727430555555554,7.611010534564618,0.3108171820166095,0.8329550623893738,8,0.16704493761062622,motion_blur_zoom0.02,motion_blur,0.02,1
bb9f498e-5ea84006.jpg,129.87726466708241,0.00064453125,7.482242066548517,0.5193552614367754,0.7776980996131897,7,0.2223019003868103,motion_blur_zoom0.02,motion_blur,0.02,1
bb9f498e-62cc407e.jpg,161.64931161286032,0.004372829861111111,7.714653656798257,0.7924723375989065,0.8286096453666687,10,0.1713903546333313,motion_blur_zoom0.02,motion_blur,0.02,1
bbb1289a-b49fe5de.jpg,36.34306364259603,9.874131944444444e-05,7.3208418747106805,0.27239408350950634,0.8841227293014526,10,0.11587727069854736,motion_blur_zoom0.02,motion_blur,0.02,1
bc24f222-f198b643.jpg,59.217285143021016,2.4956597222222224e-05,7.600075761128322,0.3655001030045131,0.8568074107170105,2,0.1431925892829895,motion_blur_zoom0.02,motion_blur,0.02,1
bc5fadac-96776d48.jpg,25.500258490921535,0.0040375434027777775,7.167981437227855,0.22283585099637812,0.7471939325332642,1,0.25280606746673584,motion_blur_zoom0.02,motion_blur,0.02,1
bc5fadac-fa6dd225.jpg,32.229668653642406,0.0,7.488247307773188,0.2811872312402787,0.2775295674800873,2,0.7224704325199127,motion_blur_zoom0.02,motion_blur,0.02,1
bcaa771b-806e4fcd.jpg,74.32628045888711,3.689236111111111e-05,7.467628284553819,0.345274064847806,0.5186259150505066,2,0.4813740849494934,motion_blur_zoom0.02,motion_blur,0.02,1
bcaf57de-8a71dbde.jpg,100.96060980358361,0.0,7.338375365434208,0.48745821877521506,0.7652236223220825,8,0.23477637767791748,motion_blur_zoom0.02,motion_blur,0.02,1
bcfdd6af-c3d0b55a.jpg,45.6875424320739,0.006982421875,7.652829710877812,0.3784927999971305,0.8599923849105835,3,0.1400076150894165,motion_blur_zoom0.02,motion_blur,0.02,1
bd338426-4b27de63.jpg,75.1477465029952,0.0002560763888888889,7.4552303621053895,0.3840741393727764,0.8418235778808594,5,0.15817642211914062,motion_blur_zoom0.02,motion_blur,0.02,1
bd5d35a0-1357b0da.jpg,53.868449982959866,0.006440972222222222,7.3413229528962916,0.3179574173888467,0.5190466046333313,1,0.4809533953666687,motion_blur_zoom0.02,motion_blur,0.02,1
bd8f4dfa-4e126a95.jpg,91.45388170368409,0.0,7.486835423516012,0.5341606758389804,0.1046690046787262,0,0.8953309953212738,motion_blur_zoom0.02,motion_blur,0.02,1
bdfc0f1d-375eba4a.jpg,67.28877362022398,0.0,7.364206669648529,0.49310215984464933,0.8646975159645081,7,0.13530248403549194,motion_blur_zoom0.02,motion_blur,0.02,1
be047105-0662bd2d.jpg,80.48392355617949,0.007237413194444445,7.540005421190591,0.4774100778158785,0.8861309289932251,7,0.1138690710067749,motion_blur_zoom0.02,motion_blur,0.02,1
be448414-11891b58.jpg,37.42330927903445,0.00802734375,7.481998856898288,0.31036599453628766,0.7094647884368896,9,0.29053521156311035,motion_blur_zoom0.02,motion_blur,0.02,1
be8590fa-9ab10ced.jpg,57.35320389293035,0.01396484375,7.290685711725428,0.41267537358827255,0.701281726360321,8,0.29871827363967896,motion_blur_zoom0.02,motion_blur,0.02,1
beaa0c22-9f7d6767.jpg,129.817725579834,0.0020160590277777776,7.280050859888712,0.7800403241401097,0.4498448073863983,3,0.5501551926136017,motion_blur_zoom0.02,motion_blur,0.02,1
beb87fd7-6120b637.jpg,154.38651221337844,0.03045138888888889,7.587547504755622,0.579991717325212,0.881554365158081,5,0.11844563484191895,motion_blur_zoom0.02,motion_blur,0.02,1
bed001a8-2339fb95.jpg,50.74841531965467,2.170138888888889e-06,7.229716894059303,0.3180976451829326,0.8947644233703613,5,0.10523557662963867,motion_blur_zoom0.02,motion_blur,0.02,1
bee1f0a4-22dbabcd.jpg,107.85224065389637,0.009180772569444445,7.575159114363128,0.6609200000594642,0.5689021348953247,3,0.4310978651046753,motion_blur_zoom0.02,motion_blur,0.02,1
bfaca2bb-f1c305a8.jpg,184.5091712984144,0.00010416666666666667,7.595944053015409,0.8050577821181153,0.9226968288421631,6,0.07730317115783691,motion_blur_zoom0.02,motion_blur,0.02,1
bfd64d5f-a12327b4.jpg,54.86442905204558,0.040432942708333336,7.489612575494383,0.44639993042340687,0.922208309173584,18,0.07779169082641602,motion_blur_zoom0.02,motion_blur,0.02,1
bfd64d5f-d141be33.jpg,85.30274980180533,0.03386935763888889,7.293308513520886,0.48106669966068644,0.8847395181655884,13,0.11526048183441162,motion_blur_zoom0.02,motion_blur,0.02,1
c022e075-de13593a.jpg,12.969177568731189,0.0,7.216113720883683,0.2263499686218715,0.5871795415878296,1,0.4128204584121704,motion_blur_zoom0.02,motion_blur,0.02,1
c02d18db-023c1955.jpg,74.77479094467047,0.006131727430555556,7.589348324625833,0.49536902408735606,0.8412162065505981,12,0.15878379344940186,motion_blur_zoom0.02,motion_blur,0.02,1
c036f281-a0c90e9a.jpg,75.55334883116616,0.0,7.349686330117292,0.5358315719568221,0.9135473966598511,9,0.08645260334014893,motion_blur_zoom0.02,motion_blur,0.02,1
c05767da-e6e016b5.jpg,59.66076387615436,0.0012803819444444444,7.612230164615022,0.39422153247208286,0.7840477228164673,9,0.21595227718353271,motion_blur_zoom0.02,motion_blur,0.02,1
c0677163-8371743a.jpg,16.27686493648835,0.008250868055555555,7.451121234130841,0.29772773695177374,0.8424686789512634,9,0.15753132104873657,motion_blur_zoom0.02,motion_blur,0.02,1
c0c954a7-0c7fa0bb.jpg,70.57154920789927,1.736111111111111e-05,7.639556852215419,0.5468597139770998,0.8847919702529907,6,0.11520802974700928,motion_blur_zoom0.02,motion_blur,0.02,1
c0e24bac-d541b20d.jpg,49.96349572661599,0.0061534288194444444,7.277615167856739,0.3000166825191985,0.7276037931442261,4,0.2723962068557739,motion_blur_zoom0.02,motion_blur,0.02,1
c0e74e90-9684bfc2.jpg,72.08873844760843,0.0,7.473744261136387,0.5471080719695474,0.7407780885696411,7,0.2592219114303589,motion_blur_zoom0.02,motion_blur,0.02,1
c11add12-bb59c2a1.jpg,147.26959038534162,0.007038845486111111,7.651605779608565,0.6589718353487708,0.9400831460952759,2,0.05991685390472412,motion_blur_zoom0.02,motion_blur,0.02,1
c1211833-1ba939db.jpg,58.64429799716972,0.0020290798611111113,7.701891256124873,0.3888070550656982,0.8280977606773376,11,0.17190223932266235,motion_blur_zoom0.02,motion_blur,0.02,1
c12e6924-5860d30a.jpg,54.94666190535464,0.01646267361111111,7.574573875569174,0.341354515889087,0.8038594126701355,7,0.1961405873298645,motion_blur_zoom0.02,motion_blur,0.02,1
c15c29a5-74788f46.jpg,152.3624326020983,0.00011284722222222222,7.5396327259194145,0.7282923981995266,0.8623605370521545,11,0.13763946294784546,motion_blur_zoom0.02,motion_blur,0.02,1
c1757757-140fa8b6.jpg,67.01226444429821,0.01390842013888889,7.46354930115686,0.42766950364193407,0.8946167230606079,13,0.10538327693939209,motion_blur_zoom0.02,motion_blur,0.02,1
c197a2a7-20f63536.jpg,151.08824010203682,0.002751736111111111,7.448132228061379,0.8080619804923872,0.60914546251297,3,0.39085453748703003,motion_blur_zoom0.02,motion_blur,0.02,1
c197a2a7-5b960a7f.jpg,79.44475247595044,0.007203776041666667,7.068232262697837,0.5212745155470646,0.8603166937828064,10,0.1396833062171936,motion_blur_zoom0.02,motion_blur,0.02,1
c1a07cae-73529cf4.jpg,88.49736207636963,0.0015776909722222223,7.490098328932879,0.4394324757260255,0.6108112335205078,1,0.3891887664794922,motion_blur_zoom0.02,motion_blur,0.02,1
c1b3582d-7a6b9124.jpg,77.63582677430985,5.5338541666666664e-05,7.681712110023151,0.5889219058547501,0.8664368987083435,12,0.1335631012916565,motion_blur_zoom0.02,motion_blur,0.02,1
c1b3582d-b9c87c82.jpg,59.349046393118975,0.0030674913194444443,7.6448388848844715,0.44623306845414556,0.7993742823600769,7,0.2006257176399231,motion_blur_zoom0.02,motion_blur,0.02,1
c1b5a91c-9e402e78.jpg,25.172467318141635,0.006617838541666666,7.439846918803557,0.2798193273203726,0.8320179581642151,8,0.1679820418357849,motion_blur_zoom0.02,motion_blur,0.02,1
c1bbc01a-42a391bd.jpg,77.76760775274585,0.009124348958333334,7.497952868449078,0.41869856710080283,0.8459129929542542,5,0.15408700704574585,motion_blur_zoom0.02,motion_blur,0.02,1
c1bd4140-1f2bd79e.jpg,65.77259174133937,0.00017578125,7.350535495020507,0.44824474542871867,0.8632355332374573,3,0.13676446676254272,motion_blur_zoom0.02,motion_blur,0.02,1
c1fdd182-0431866d.jpg,64.01277836080367,0.0,7.4383493115643695,0.49904158090876466,0.815118134021759,4,0.18488186597824097,motion_blur_zoom0.02,motion_blur,0.02,1
c242b4b8-0dab228f.jpg,31.70337399215581,0.0,7.544878687660116,0.2804658320853141,0.8292978405952454,3,0.17070215940475464,motion_blur_zoom0.02,motion_blur,0.02,1
c292800e-4290dbb9.jpg,118.69227523146263,0.00920138888888889,7.310487216213583,0.48011720269780944,0.73768150806427,8,0.26231849193573,motion_blur_zoom0.02,motion_blur,0.02,1
c2987e05-cb9bfcee.jpg,85.31403475867383,0.0,7.538110836861234,0.49992210218721306,0.7947829365730286,3,0.20521706342697144,motion_blur_zoom0.02,motion_blur,0.02,1
c29d13ba-67447c50.jpg,31.409903185073226,0.0004557291666666667,7.715278715010422,0.2699649101479957,0.8623908162117004,6,0.13760918378829956,motion_blur_zoom0.02,motion_blur,0.02,1
c2b457e5-36e3ecee.jpg,85.468054604236,0.006496310763888889,7.666178880922176,0.46363884339505695,0.7641503810882568,5,0.23584961891174316,motion_blur_zoom0.02,motion_blur,0.02,1
c2d051a0-31c90f75.jpg,112.26313398741617,0.01956597222222222,7.707905176147246,0.473337780724316,0.7439596056938171,5,0.25604039430618286,motion_blur_zoom0.02,motion_blur,0.02,1
c2f88368-4292c1a0.jpg,68.68534592248302,1.0850694444444444e-06,7.626351574159453,0.43297721670509426,0.8924465179443359,4,0.10755348205566406,motion_blur_zoom0.02,motion_blur,0.02,1
c2f8b141-5ef7d661.jpg,140.30549355988566,0.007878689236111111,7.506603840425868,0.7248916465504208,0.8839477896690369,5,0.11605221033096313,motion_blur_zoom0.02,motion_blur,0.02,1
c30226a9-f882478c.jpg,90.71570830468067,0.009115668402777779,7.648950159870944,0.4439860091109283,0.8232670426368713,4,0.17673295736312866,motion_blur_zoom0.02,motion_blur,0.02,1
c3287e28-f6bcc9ef.jpg,58.322486900837056,0.0,7.668935468943826,0.5049304653328035,0.8303163647651672,6,0.16968363523483276,motion_blur_zoom0.02,motion_blur,0.02,1
c3436372-070af78a.jpg,96.89146858251948,0.016620008680555555,7.733131635593894,0.672321931102289,0.4030667841434479,1,0.5969332158565521,motion_blur_zoom0.02,motion_blur,0.02,1
c3436372-eb18934d.jpg,53.507354599771375,0.0,7.504573481892132,0.35681963832255975,0.6977121233940125,2,0.30228787660598755,motion_blur_zoom0.02,motion_blur,0.02,1
c352d9c5-d0019b8b.jpg,65.33647783213961,0.019741753472222224,7.682571698149925,0.43173929666574506,0.8657447695732117,4,0.13425523042678833,motion_blur_zoom0.02,motion_blur,0.02,1
c3668a3d-22233f64.jpg,67.7391655165766,0.0021571180555555554,7.42573008482421,0.37013945762053657,0.803692638874054,7,0.19630736112594604,motion_blur_zoom0.02,motion_blur,0.02,1
c366973d-c03525b0.jpg,118.8768126592518,3.2552083333333335e-06,7.526931321970663,0.5674854924039607,0.871494710445404,4,0.12850528955459595,motion_blur_zoom0.02,motion_blur,0.02,1
c3804a06-26cf84ff.jpg,184.21683157073105,0.001650390625,7.411258859111998,0.9548884483886171,0.8782433271408081,4,0.1217566728591919,motion_blur_zoom0.02,motion_blur,0.02,1
c389631f-a4b2d909.jpg,95.84867871001447,0.0,7.528892494329323,0.6570093291591369,0.17784418165683746,0,0.8221558183431625,motion_blur_zoom0.02,motion_blur,0.02,1
c389631f-b7bb20cb.jpg,126.1052446522077,0.0,7.497659443766096,0.5904291269986506,0.5149170160293579,5,0.4850829839706421,motion_blur_zoom0.02,motion_blur,0.02,1
c39ddb2c-db949106.jpg,67.32317414977345,0.0019390190972222222,7.283269844531818,0.3826513736048595,0.8883307576179504,15,0.11166924238204956,motion_blur_zoom0.02,motion_blur,0.02,1
c3c28990-04db5664.jpg,76.9362907687423,0.0031781684027777776,7.541575551837973,0.5011618433667452,0.8272466063499451,11,0.17275339365005493,motion_blur_zoom0.02,motion_blur,0.02,1
c3e87419-dd6f2321.jpg,7.840495666069454,0.019947916666666666,7.368334835518763,0.23654357315331986,0.8383657336235046,5,0.16163426637649536,motion_blur_zoom0.02,motion_blur,0.02,1
c41203a6-f2bee3f0.jpg,95.8777570942054,0.012122395833333334,7.6690086278343905,0.5961436372501736,0.773931622505188,4,0.226068377494812,motion_blur_zoom0.02,motion_blur,0.02,1
c414ea72-128822b2.jpg,95.20222062320948,1.736111111111111e-05,7.390171097579657,0.49526362559926873,0.8455840945243835,10,0.15441590547561646,motion_blur_zoom0.02,motion_blur,0.02,1
c43052f6-d90711e9.jpg,130.00983900632386,0.0013715277777777777,7.5592218013089925,0.6924819529273647,0.9033150672912598,14,0.09668493270874023,motion_blur_zoom0.02,motion_blur,0.02,1
c43c290b-61f94939.jpg,66.04011364915164,0.00255859375,7.4711886645171735,0.3252410675504899,0.8267432451248169,7,0.1732567548751831,motion_blur_zoom0.02,motion_blur,0.02,1
c4a9c191-20e1a3c3.jpg,42.396968333433854,0.08490776909722222,7.2383226384222565,0.370034514417495,0.8777388334274292,6,0.1222611665725708,motion_blur_zoom0.02,motion_blur,0.02,1
c4d83625-8af1c66e.jpg,53.33719268798709,0.00011284722222222222,7.208299902227333,0.47933069778130494,0.8286293148994446,9,0.17137068510055542,motion_blur_zoom0.02,motion_blur,0.02,1
c4f65761-92ca62d4.jpg,68.0412855548988,0.012426215277777777,7.54592829170031,0.4491487138870224,0.895003080368042,7,0.10499691963195801,motion_blur_zoom0.02,motion_blur,0.02,1
c5578df5-1318c8a5.jpg,112.9796681769465,0.02572699652777778,7.703601599156075,0.5355267586187035,0.8130816221237183,11,0.18691837787628174,motion_blur_zoom0.02,motion_blur,0.02,1
c5584f14-7fcc4797.jpg,5.004072219932224,0.12747504340277777,6.9874793035818,0.19335546135757076,0.39393725991249084,1,0.6060627400875092,motion_blur_zoom0.02,motion_blur,0.02,1
c55ab634-b93da9ef.jpg,92.5586522391943,8.680555555555556e-05,7.594797777604532,0.5358035719265094,0.7416936159133911,11,0.2583063840866089,motion_blur_zoom0.02,motion_blur,0.02,1
c563b8a0-c21b10e8.jpg,93.5468824744225,0.007400173611111111,7.6068593177989206,0.5739104749693508,0.8745039105415344,9,0.12549608945846558,motion_blur_zoom0.02,motion_blur,0.02,1
c564c92b-2f727c05.jpg,77.12784063821958,0.03371636284722222,7.541573576147139,0.5097248445068993,0.9048618078231812,8,0.09513819217681885,motion_blur_zoom0.02,motion_blur,0.02,1
c5b2506d-1241a008.jpg,89.76023183299407,0.019844835069444445,7.371977209820475,0.49364190026636634,0.9125602841377258,4,0.08743971586227417,motion_blur_zoom0.02,motion_blur,0.02,1
c5b7db86-88bceca0.jpg,234.5793358835809,0.0020887586805555555,7.523684104076919,0.9263331979627399,0.9268198013305664,8,0.0731801986694336,motion_blur_zoom0.02,motion_blur,0.02,1
c5b80ec1-6efedb0e.jpg,98.5867083961581,0.004901258680555556,7.233379372225908,0.4246969475783406,0.27989786863327026,1,0.7201021313667297,motion_blur_zoom0.02,motion_blur,0.02,1
c5c9ead6-dab2dae6.jpg,32.77099654009312,0.0031825086805555556,7.711625961269943,0.3474960835135079,0.6031475067138672,4,0.3968524932861328,motion_blur_zoom0.02,motion_blur,0.02,1
c5dd7de4-53608747.jpg,44.927253330485044,0.004625651041666666,7.412567778906684,0.3168590422160148,0.78028804063797,3,0.21971195936203003,motion_blur_zoom0.02,motion_blur,0.02,1
c5e8ab3b-6e92761c.jpg,18.185210236707135,0.0,6.975126034157903,0.2242904867174964,0.878289520740509,4,0.12171047925949097,motion_blur_zoom0.02,motion_blur,0.02,1
c5f2e071-fcf05969.jpg,68.33582241706377,0.0006239149305555555,7.3377253661086765,0.31080784867317196,0.9066162109375,11,0.0933837890625,motion_blur_zoom0.02,motion_blur,0.02,1
c640ffda-035e5b98.jpg,38.94259656920139,0.012405598958333333,7.677585680992835,0.35712718337095267,0.72793048620224,3,0.27206951379776,motion_blur_zoom0.02,motion_blur,0.02,1
c675081b-df5291b4.jpg,67.86854307193992,0.0,7.21691024545717,0.3987497975369474,0.6621114611625671,10,0.33788853883743286,motion_blur_zoom0.02,motion_blur,0.02,1
c6758a15-46130d04.jpg,59.03369766969564,0.0,7.649473010298033,0.4020633620997952,0.8462797999382019,4,0.1537202000617981,motion_blur_zoom0.02,motion_blur,0.02,1
c685aea9-2f9e84d2.jpg,157.46737690429214,0.000263671875,7.462251834679689,0.6776137091888484,0.744276225566864,5,0.255723774433136,motion_blur_zoom0.02,motion_blur,0.02,1
c71de7ef-ad5d9110.jpg,122.04612543534165,9.657118055555555e-05,7.566417910442824,0.5812401089206131,0.936926543712616,8,0.06307345628738403,motion_blur_zoom0.02,motion_blur,0.02,1
c734eb0a-9d6807cb.jpg,19.831535075377243,0.0,7.0352404134134545,0.23808812767097048,0.9050750732421875,4,0.0949249267578125,motion_blur_zoom0.02,motion_blur,0.02,1
c737e602-e8793fdc.jpg,88.8881077363756,0.0006944444444444445,7.425076548294738,0.4699076631897604,0.9138790369033813,11,0.08612096309661865,motion_blur_zoom0.02,motion_blur,0.02,1
c7fee392-08329b19.jpg,96.17250813292988,0.00014214409722222222,7.52382421412633,0.5406810406214515,0.6910485625267029,9,0.3089514374732971,motion_blur_zoom0.02,motion_blur,0.02,1
c80cf60a-9a7aabc6.jpg,47.46163953662332,0.041383463541666665,7.606661090646822,0.31959871997871564,0.9099923372268677,14,0.09000766277313232,motion_blur_zoom0.02,motion_blur,0.02,1
c8152bfa-28181ba4.jpg,103.34124904208241,4.8828125e-05,7.210303880194271,0.592819373488751,0.9066189527511597,7,0.09338104724884033,motion_blur_zoom0.02,motion_blur,0.02,1
c85ca3b9-72a968aa.jpg,27.61487389774558,0.0,7.520061392475433,0.3303673495229253,0.8869245052337646,2,0.11307549476623535,motion_blur_zoom0.02,motion_blur,0.02,1
c8792c3c-a42cb3f6.jpg,62.35849552464897,1.0850694444444444e-06,7.3750528233325445,0.42648052674500125,0.6795667409896851,17,0.32043325901031494,motion_blur_zoom0.02,motion_blur,0.02,1
c88b26c5-0a03ff8e.jpg,78.41672868680484,0.0007389322916666667,7.495678182416705,0.5305391109426939,0.8395376205444336,3,0.1604623794555664,motion_blur_zoom0.02,motion_blur,0.02,1
c897cc2b-2a1bc9f0.jpg,36.413800598086816,0.0037575954861111113,7.16187009098412,0.3311743422664878,0.7749621272087097,7,0.22503787279129028,motion_blur_zoom0.02,motion_blur,0.02,1
c8a5a379-cb506f54.jpg,113.19417126323438,1.953125e-05,7.227417199348855,0.5506479132001246,0.8120903968811035,13,0.18790960311889648,motion_blur_zoom0.02,motion_blur,0.02,1
c8a830e0-95b22cac.jpg,74.77990015550779,0.0002712673611111111,7.633188393657825,0.49060355551366436,0.7528322339057922,3,0.24716776609420776,motion_blur_zoom0.02,motion_blur,0.02,1
c8bad943-c78f2df3.jpg,49.471964079339976,0.0007790798611111111,7.337934529246612,0.23923316956099003,0.5259844064712524,4,0.47401559352874756,motion_blur_zoom0.02,motion_blur,0.02,1
c8e8f29f-09ac075a.jpg,47.994812822072305,0.00028211805555555553,7.254665367678833,0.31193149216604205,0.8619610071182251,4,0.1380389928817749,motion_blur_zoom0.02,motion_blur,0.02,1
c8ef1a34-e7c66c0c.jpg,36.2194257428911,0.027278645833333334,7.011652877037351,0.24934140814636335,0.7768524885177612,6,0.22314751148223877,motion_blur_zoom0.02,motion_blur,0.02,1
c90b5398-63556b1c.jpg,72.50057279760571,0.0037782118055555555,7.494944382438133,0.46058319781061713,0.8486092686653137,10,0.15139073133468628,motion_blur_zoom0.02,motion_blur,0.02,1
c911f50f-e7958776.jpg,186.0981437549544,0.00013129340277777778,7.409914425128376,0.7585693090258446,0.8878169059753418,9,0.1121830940246582,motion_blur_zoom0.02,motion_blur,0.02,1
c91a3cef-e63379c7.jpg,49.23671303148508,0.00020073784722222221,7.555509842444142,0.2950436039646524,0.8531711101531982,8,0.14682888984680176,motion_blur_zoom0.02,motion_blur,0.02,1
c9240f77-08db8836.jpg,32.458697851091536,0.000419921875,7.7169565547030246,0.3260184667660797,0.8664340972900391,10,0.13356590270996094,motion_blur_zoom0.02,motion_blur,0.02,1
c927d51b-cb5b7850.jpg,71.73458271958623,0.002262369791666667,7.411712293042029,0.45483658996336995,0.9092060923576355,9,0.0907939076423645,motion_blur_zoom0.02,motion_blur,0.02,1
c928749e-62bc39dd.jpg,30.165748654513894,0.015577256944444444,7.223886995767575,0.3451891541867767,0.9056690335273743,4,0.09433096647262573,motion_blur_zoom0.02,motion_blur,0.02,1
c9375798-85c143f7.jpg,52.679695638443505,0.002750651041666667,7.617623921054293,0.4189045835839972,0.8938906788825989,9,0.10610932111740112,motion_blur_zoom0.02,motion_blur,0.02,1
c9403737-55c6220f.jpg,64.2902072885725,0.00016276041666666666,6.965085670485967,0.28780115709964804,0.6187630891799927,1,0.3812369108200073,motion_blur_zoom0.02,motion_blur,0.02,1
c9403737-9675db60.jpg,129.21891299683247,0.0032313368055555554,7.571511654411742,0.695241435589555,0.9086056351661682,7,0.09139436483383179,motion_blur_zoom0.02,motion_blur,0.02,1
c9403737-bf414a95.jpg,16.1757180378808,0.0,7.218854157345753,0.17940142999088723,0.08313511312007904,0,0.916864886879921,motion_blur_zoom0.02,motion_blur,0.02,1
c96109b8-caf84a36.jpg,129.63097329381196,0.00020290798611111112,7.331165456183078,0.7621378332143032,0.9022651314735413,5,0.09773486852645874,motion_blur_zoom0.02,motion_blur,0.02,1
c992d89e-45d612c4.jpg,44.70656436868831,0.0001779513888888889,7.656660667096344,0.36116510644156236,0.6991135478019714,10,0.30088645219802856,motion_blur_zoom0.02,motion_blur,0.02,1
c9a9a2a9-57519e11.jpg,144.49922695943573,0.002171223958333333,7.639619295940527,0.6154764061471517,0.9046224355697632,7,0.09537756443023682,motion_blur_zoom0.02,motion_blur,0.02,1
c9b29647-95da8336.jpg,22.04296839537327,0.0002126736111111111,6.98221957860231,0.18460943562903182,0.47330987453460693,2,0.5266901254653931,motion_blur_zoom0.02,motion_blur,0.02,1
c9b82f4e-fd73af29.jpg,210.82774304078663,0.000595703125,7.556414504771426,1.1608191103518677,0.9357031583786011,6,0.06429684162139893,motion_blur_zoom0.02,motion_blur,0.02,1
c9c31e57-45b42452.jpg,139.92902870368488,9.114583333333334e-05,7.741120722030888,0.6609653009215146,0.8306007981300354,7,0.1693992018699646,motion_blur_zoom0.02,motion_blur,0.02,1
c9fb1a4c-0bd0ea9d.jpg,100.15271356209524,0.0,7.473458224785639,0.6134169242427766,0.45365631580352783,2,0.5463436841964722,motion_blur_zoom0.02,motion_blur,0.02,1
ca009e13-fdb666f6.jpg,104.65807084632682,0.009818793402777777,7.7476872868930435,0.5835165341492801,0.840252161026001,9,0.15974783897399902,motion_blur_zoom0.02,motion_blur,0.02,1
ca2c7c84-5902ee09.jpg,70.31459654603066,0.016174045138888888,7.174073453962174,0.39646768124520865,0.779095470905304,9,0.22090452909469604,motion_blur_zoom0.02,motion_blur,0.02,1
b1d7b3ac-36f2d3b7.jpg,11.309299964639866,0.0017816840277777779,7.2869864190531395,0.24756579646800303,0.7763001918792725,4,0.22369980812072754,motion_blur_zoom0.06,motion_blur,0.06,2
b20d494a-cdebe83e.jpg,9.37765421760347,0.0015993923611111111,7.380933015566509,0.17894887665542822,0.4389272928237915,3,0.5610727071762085,motion_blur_zoom0.06,motion_blur,0.06,2
b231a630-c4522992.jpg,17.208940498680533,0.0,7.413107969632932,0.32339033383958354,0.8545059561729431,6,0.14549404382705688,motion_blur_zoom0.06,motion_blur,0.06,2
b25fdb41-4644e3f7.jpg,64.7683404112816,0.003160807291666667,7.354184928418997,0.5500011807926604,0.9040623903274536,2,0.09593760967254639,motion_blur_zoom0.06,motion_blur,0.06,2
b27d5dcb-856c0b43.jpg,23.265877245913632,0.012045355902777779,7.6838202709935315,0.33225883124542477,0.6313579678535461,2,0.36864203214645386,motion_blur_zoom0.06,motion_blur,0.06,2
b2afce7f-0cb9967a.jpg,25.12636735041936,6.727430555555556e-05,7.544305893057158,0.35273231682448797,0.7186492085456848,3,0.2813507914543152,motion_blur_zoom0.06,motion_blur,0.06,2
b2e431b6-332c438d.jpg,15.858284361802799,3.2552083333333335e-06,6.900905979887266,0.25797975896158637,0.8574129939079285,6,0.14258700609207153,motion_blur_zoom0.06,motion_blur,0.06,2
b2f4a409-5ddff11a.jpg,23.158918670611907,0.008095703125,7.2825375853299485,0.30664904742292004,0.4996333420276642,2,0.5003666579723358,motion_blur_zoom0.06,motion_blur,0.06,2
b2fbf86d-d5de82a4.jpg,50.7317968658824,0.0,7.355667393677752,0.3841768061505893,0.8537641167640686,10,0.1462358832359314,motion_blur_zoom0.06,motion_blur,0.06,2
b3110036-a32dc26e.jpg,31.674930542326567,0.005276692708333333,7.5787312318462305,0.3376082028902696,0.8434145450592041,2,0.1565854549407959,motion_blur_zoom0.06,motion_blur,0.06,2
b3826fd8-774c2e0a.jpg,24.975292884186178,0.05690755208333333,7.114924117807981,0.305223094659683,0.9025329947471619,10,0.09746700525283813,motion_blur_zoom0.06,motion_blur,0.06,2
b3875c8d-cc4081eb.jpg,26.571976904221508,0.0031510416666666666,7.500563850187941,0.3470612862948325,0.8903638124465942,6,0.10963618755340576,motion_blur_zoom0.06,motion_blur,0.06,2
b3a3d166-3a6a258d.jpg,12.104186310142948,0.00013237847222222223,7.437539463137815,0.2378486477369147,0.8706910014152527,2,0.12930899858474731,motion_blur_zoom0.06,motion_blur,0.06,2
b3c26aff-417063a0.jpg,29.412512864090488,0.008234592013888889,7.443653480134443,0.27455759804683155,0.5520524978637695,6,0.44794750213623047,motion_blur_zoom0.06,motion_blur,0.06,2
b3f3c908-baffb699.jpg,51.34629274403133,0.002184244791666667,7.312331267904455,0.584483331943895,0.7707031965255737,5,0.22929680347442627,motion_blur_zoom0.06,motion_blur,0.06,2
b4110365-9ae12ee1.jpg,18.680301985446317,0.0037803819444444443,7.304315789809589,0.2524963058707731,0.8493986129760742,4,0.15060138702392578,motion_blur_zoom0.06,motion_blur,0.06,2
b4543c78-db967acc.jpg,34.96574305463249,0.0,7.5646978468784845,0.36781477217702174,0.8066621422767639,2,0.19333785772323608,motion_blur_zoom0.06,motion_blur,0.06,2
b46478b0-167fe009.jpg,6.794716449726953,0.0,7.620102557311173,0.20357478949410304,0.2014252245426178,0,0.7985747754573822,motion_blur_zoom0.06,motion_blur,0.06,2
b46478b0-1eb55806.jpg,15.203161825669838,0.01835720486111111,7.588995483303023,0.2526759158213149,0.7519172430038452,12,0.24808275699615479,motion_blur_zoom0.06,motion_blur,0.06,2
b472aeb8-f6353af9.jpg,26.1507562448843,4.774305555555556e-05,7.232675074589246,0.4009986780203476,0.7625762820243835,3,0.23742371797561646,motion_blur_zoom0.06,motion_blur,0.06,2
b47f85d4-c6562257.jpg,23.41875419800252,0.0003689236111111111,7.528162532047415,0.30778976410500514,0.6298842430114746,2,0.3701157569885254,motion_blur_zoom0.06,motion_blur,0.06,2
b48c7b5f-cec3fed8.jpg,19.108021192874425,0.0,7.441190629525211,0.32659599584659255,0.8596144914627075,8,0.14038550853729248,motion_blur_zoom0.06,motion_blur,0.06,2
b49698d7-1999d598.jpg,8.973196603251097,9.114583333333334e-05,7.482213738276276,0.2606577456005903,0.7436293959617615,6,0.2563706040382385,motion_blur_zoom0.06,motion_blur,0.06,2
b4b1aa64-e3cbad0f.jpg,30.388219414303627,0.00012912326388888888,7.49229051746584,0.3583707944733735,0.7032273411750793,5,0.29677265882492065,motion_blur_zoom0.06,motion_blur,0.06,2
b4ef573f-5122732a.jpg,24.70464659785047,4.340277777777778e-06,7.41928280724829,0.3320453025589758,0.6555202007293701,3,0.3444797992706299,motion_blur_zoom0.06,motion_blur,0.06,2
b4f2a76c-3ce3d91e.jpg,32.71360427897771,0.000107421875,7.537924983735598,0.2738236785531093,0.8837414979934692,8,0.11625850200653076,motion_blur_zoom0.06,motion_blur,0.06,2
b4f49565-abd6b20b.jpg,30.7974498754419,0.0,7.571632745105912,0.357258077821601,0.5172751545906067,3,0.4827248454093933,motion_blur_zoom0.06,motion_blur,0.06,2
b5032e1d-d2f24352.jpg,26.44003815797406,0.0004069010416666667,7.440993939299423,0.37282427353522657,0.8384757041931152,10,0.16152429580688477,motion_blur_zoom0.06,motion_blur,0.06,2
b54735e3-4c968f67.jpg,18.4069290629069,0.0023621961805555558,6.8985077374675345,0.3202531922319574,0.9098315834999084,7,0.09016841650009155,motion_blur_zoom0.06,motion_blur,0.06,2
b54a8089-d1989d8f.jpg,33.330124606651744,0.0002593315972222222,7.386036012549251,0.41004063902861326,0.9054254293441772,10,0.09457457065582275,motion_blur_zoom0.06,motion_blur,0.06,2
b565c328-1e663060.jpg,35.49583326886496,0.010335286458333334,7.564872639387962,0.3516532912660998,0.8261553645133972,5,0.17384463548660278,motion_blur_zoom0.06,motion_blur,0.06,2
b5961057-5e258e5e.jpg,54.329684726272376,0.00010091145833333333,7.593872015909303,0.45684257587487137,0.8942729830741882,7,0.10572701692581177,motion_blur_zoom0.06,motion_blur,0.06,2
b59d9baf-5fe6c3c0.jpg,24.85979696301943,0.008470052083333334,7.599781626582759,0.3539010335368857,0.6449585556983948,5,0.3550414443016052,motion_blur_zoom0.06,motion_blur,0.06,2
b5a52ea9-2e1f4066.jpg,14.01462332059012,0.0,7.409788843749095,0.3021972702457387,0.7526372075080872,2,0.24736279249191284,motion_blur_zoom0.06,motion_blur,0.06,2
b5b2f593-25b7b157.jpg,22.941963957002425,0.018250868055555557,7.714483031351431,0.3469281154189555,0.8875194787979126,3,0.1124805212020874,motion_blur_zoom0.06,motion_blur,0.06,2
b5b44d2d-60f87448.jpg,22.65330685643326,0.0012087673611111112,7.523274339291378,0.3378795527775267,0.7247416973114014,7,0.27525830268859863,motion_blur_zoom0.06,motion_blur,0.06,2
b5c30297-f0b3279b.jpg,21.405683265516505,0.0008279079861111111,7.559455221748471,0.3431672332986746,0.8906943798065186,3,0.10930562019348145,motion_blur_zoom0.06,motion_blur,0.06,2
b690e7dd-1a1d38d1.jpg,51.78576475602138,0.008110894097222222,7.45058160034873,0.4735517646958107,0.9217811822891235,6,0.07821881771087646,motion_blur_zoom0.06,motion_blur,0.06,2
b72812e8-c636249b.jpg,38.377359970600224,0.017418619791666666,7.556299633625247,0.36684592559970103,0.8993567228317261,9,0.10064327716827393,motion_blur_zoom0.06,motion_blur,0.06,2
b72b3974-9667b29a.jpg,47.73253700458737,0.012297092013888889,7.342415785870066,0.3488999549520269,0.7001633644104004,13,0.2998366355895996,motion_blur_zoom0.06,motion_blur,0.06,2
b736c477-fb345fa9.jpg,19.062879578568023,0.014358723958333333,7.584727743178957,0.2947890996240874,0.7279322147369385,2,0.2720677852630615,motion_blur_zoom0.06,motion_blur,0.06,2
b73a793e-ebf5917d.jpg,102.78510495667523,4.0147569444444445e-05,7.615877422790833,0.6724667117468321,0.8173338770866394,8,0.1826661229133606,motion_blur_zoom0.06,motion_blur,0.06,2
b7404583-b504d500.jpg,23.21561580346662,0.0026139322916666667,7.5192058795207295,0.2988290714774029,0.8640913963317871,7,0.1359086036682129,motion_blur_zoom0.06,motion_blur,0.06,2
b74111eb-d21a119b.jpg,51.77337456491255,2.2786458333333334e-05,7.611177842187848,0.3672283650381171,0.7321025729179382,2,0.26789742708206177,motion_blur_zoom0.06,motion_blur,0.06,2
b747b30e-991436c7.jpg,14.405702774005466,0.0,7.386794086209958,0.23479732736040934,0.13434810936450958,0,0.8656518906354904,motion_blur_zoom0.06,motion_blur,0.06,2
b784ff27-baf00daa.jpg,27.842973984130804,0.0,7.314172113350807,0.31229321613487726,0.8145310282707214,5,0.18546897172927856,motion_blur_zoom0.06,motion_blur,0.06,2
b79307e6-6cfc1c5b.jpg,23.300443722730797,0.0014225260416666668,7.581579760412241,0.32884282754728694,0.8532323837280273,3,0.14676761627197266,motion_blur_zoom0.06,motion_blur,0.06,2
b7d9a95e-f9901594.jpg,43.323197696091206,9.98263888888889e-05,7.323473333349614,0.45305528722193794,0.7668724656105042,7,0.23312753438949585,motion_blur_zoom0.06,motion_blur,0.06,2
b7eb6c3d-e1598570.jpg,26.2711098909684,0.03748480902777778,7.651280112104685,0.3424952325711721,0.9163033962249756,6,0.08369660377502441,motion_blur_zoom0.06,motion_blur,0.06,2
b7ec8e2f-b673fc33.jpg,11.647492820226411,0.0,7.242028310335201,0.19754271792318098,0.41468507051467896,1,0.585314929485321,motion_blur_zoom0.06,motion_blur,0.06,2
b7f452e4-1e8b6f3a.jpg,10.73147166871907,2.170138888888889e-06,7.635337847788273,0.2783712932324175,0.3662779629230499,2,0.6337220370769501,motion_blur_zoom0.06,motion_blur,0.06,2
b7fd2970-e46faf78.jpg,28.73148812464843,0.0012022569444444444,7.627295601615669,0.3513464291452755,0.8504878282546997,8,0.1495121717453003,motion_blur_zoom0.06,motion_blur,0.06,2
b89bf84d-d2c2e5a7.jpg,41.82596900288147,4.340277777777778e-06,7.615961002867863,0.4665722449447174,0.838649570941925,4,0.16135042905807495,motion_blur_zoom0.06,motion_blur,0.06,2
b8b15e54-2ccd7fd0.jpg,24.28633590206571,0.0,7.5933244404649685,0.3261627921255772,0.8228493332862854,16,0.1771506667137146,motion_blur_zoom0.06,motion_blur,0.06,2
b8c7c957-84df8251.jpg,12.047050410742814,5.859375e-05,7.512335213089836,0.23688799629041718,0.7847206592559814,5,0.21527934074401855,motion_blur_zoom0.06,motion_blur,0.06,2
b8ca6c5d-22de751a.jpg,37.00352862999057,0.001162109375,7.354150930628976,0.35241976364059197,0.5001955032348633,8,0.4998044967651367,motion_blur_zoom0.06,motion_blur,0.06,2
b8e63e55-369d821c.jpg,17.25056420890903,0.03872504340277778,7.149536322930977,0.2457710628177219,0.7347552180290222,7,0.2652447819709778,motion_blur_zoom0.06,motion_blur,0.06,2
b919f6f7-9c71d913.jpg,34.10554602999748,2.9296875e-05,7.589165674381401,0.38168457581024456,0.19928927719593048,0,0.8007107228040695,motion_blur_zoom0.06,motion_blur,0.06,2
b94daedc-7045933e.jpg,16.12783506977293,0.09373046875,7.192528173620804,0.2802215716582781,0.8317235112190247,3,0.16827648878097534,motion_blur_zoom0.06,motion_blur,0.06,2
b94f6bc8-32f10d36.jpg,23.735159474689574,0.0,7.534342466458619,0.3177165715996537,0.8514075875282288,3,0.14859241247177124,motion_blur_zoom0.06,motion_blur,0.06,2
b9597719-09a2458c.jpg,13.698098249345945,0.0,7.453356990210933,0.3070638120995832,0.1964293271303177,0,0.8035706728696823,motion_blur_zoom0.06,motion_blur,0.06,2
b9c2521e-2db68bde.jpg,50.330414600173334,0.0,7.214487138314149,0.330057072764258,0.8783780336380005,10,0.12162196636199951,motion_blur_zoom0.06,motion_blur,0.06,2
b9e4cb3d-975f9d1d.jpg,46.65342201826189,1.3020833333333334e-05,7.3870433011431675,0.5045015868197227,0.8340873122215271,3,0.1659126877784729,motion_blur_zoom0.06,motion_blur,0.06,2
b9e4cb3d-98ed4484.jpg,14.178115123155383,9.765625e-06,7.477335814358202,0.28299084294895166,0.6026701331138611,1,0.3973298668861389,motion_blur_zoom0.06,motion_blur,0.06,2
ba122c97-403fd75d.jpg,19.11977851449001,0.0,7.182845422677144,0.36648807155375457,0.7789868116378784,9,0.22101318836212158,motion_blur_zoom0.06,motion_blur,0.06,2
ba41a907-1793986f.jpg,25.544206750317556,0.0,7.463725270216935,0.28689605042873,0.7464418411254883,5,0.2535581588745117,motion_blur_zoom0.06,motion_blur,0.06,2
ba4bcdc5-3d4f7a56.jpg,18.91448068380356,0.04593532986111111,7.583883631435543,0.279511326986934,0.8642755150794983,5,0.1357244849205017,motion_blur_zoom0.06,motion_blur,0.06,2
ba4d05f6-24c9c3cf.jpg,16.44236070126663,0.0005045572916666667,7.471528333580093,0.24891207434823676,0.8207242488861084,8,0.1792757511138916,motion_blur_zoom0.06,motion_blur,0.06,2
bab692c9-3cd892ff.jpg,47.77489674388628,0.0,7.473227487765964,0.45851324435019014,0.861987829208374,7,0.13801217079162598,motion_blur_zoom0.06,motion_blur,0.06,2
bab692c9-a16f15b4.jpg,55.19999625522827,0.0,7.429521012796862,0.4806526179115919,0.8812787532806396,9,0.11872124671936035,motion_blur_zoom0.06,motion_blur,0.06,2
bae5905c-b009aff3.jpg,56.11241856934231,0.0,7.562265958765831,0.45976709936614,0.7353596091270447,6,0.2646403908729553,motion_blur_zoom0.06,motion_blur,0.06,2
baf870f0-a1a64cd6.jpg,31.175149848343427,0.015518663194444445,7.65121325070011,0.3332893689464424,0.6889339685440063,6,0.31106603145599365,motion_blur_zoom0.06,motion_blur,0.06,2
bb051d4e-49d5fed8.jpg,26.122027985465678,0.03356011284722222,7.528014023324462,0.35871658346560803,0.6572628617286682,4,0.3427371382713318,motion_blur_zoom0.06,motion_blur,0.06,2
bb4abf02-01cd2796.jpg,26.53809936155978,0.000341796875,7.395998668733723,0.2966127438747726,0.7884175777435303,2,0.21158242225646973,motion_blur_zoom0.06,motion_blur,0.06,2
bb725082-6cfb3269.jpg,15.08780297278887,0.0018120659722222223,7.488789898772315,0.28668411523994114,0.912602961063385,4,0.08739703893661499,motion_blur_zoom0.06,motion_blur,0.06,2
bb76c63a-f232154d.jpg,65.8240038790479,0.0004806857638888889,7.499065112842449,0.5474454381884358,0.8021883368492126,5,0.19781166315078735,motion_blur_zoom0.06,motion_blur,0.06,2
bb9071ac-8e2bc8fe.jpg,18.847084318701427,2.0616319444444445e-05,7.590759668923662,0.2600164766136748,0.7534645199775696,4,0.24653548002243042,motion_blur_zoom0.06,motion_blur,0.06,2
bb9f498e-5ea84006.jpg,55.658436229365556,0.000234375,7.4605978676392475,0.37508294264711,0.791172206401825,6,0.20882779359817505,motion_blur_zoom0.06,motion_blur,0.06,2
bb9f498e-62cc407e.jpg,61.40326010987903,0.0009657118055555556,7.692422294031018,0.5307758591664753,0.8129298090934753,10,0.18707019090652466,motion_blur_zoom0.06,motion_blur,0.06,2
bbb1289a-b49fe5de.jpg,13.73518526200188,0.0,7.311792218703947,0.2345341726039754,0.7262885570526123,7,0.2737114429473877,motion_blur_zoom0.06,motion_blur,0.06,2
bc24f222-f198b643.jpg,24.572532527669278,0.0,7.581775939041105,0.29340639894019505,0.8080969452857971,3,0.19190305471420288,motion_blur_zoom0.06,motion_blur,0.06,2
bc5fadac-96776d48.jpg,9.371202419863808,0.0025390625,7.1322141846519935,0.19083523098691343,0.17352913320064545,0,0.8264708667993546,motion_blur_zoom0.06,motion_blur,0.06,2
bc5fadac-fa6dd225.jpg,11.048696741258366,0.0,7.479263743414135,0.2245092511819713,0.24636907875537872,0,0.7536309212446213,motion_blur_zoom0.06,motion_blur,0.06,2
bcaa771b-806e4fcd.jpg,26.2897665583281,0.0,7.418999689447997,0.2699945036759684,0.5058927536010742,1,0.4941072463989258,motion_blur_zoom0.06,motion_blur,0.06,2
bcaf57de-8a71dbde.jpg,41.03098291173392,0.0,7.297268284240685,0.36291157987699574,0.7056879997253418,4,0.2943120002746582,motion_blur_zoom0.06,motion_blur,0.06,2
bcfdd6af-c3d0b55a.jpg,15.719557274712463,0.004397786458333333,7.588109625156117,0.3110238814273725,0.9006670713424683,3,0.09933292865753174,motion_blur_zoom0.06,motion_blur,0.06,2
bd338426-4b27de63.jpg,35.55633715366318,9.765625e-06,7.4152957161641115,0.2976778832392659,0.5782135128974915,4,0.42178648710250854,motion_blur_zoom0.06,motion_blur,0.06,2
bd5d35a0-1357b0da.jpg,29.748674691089583,0.003973524305555556,7.308419808178331,0.2693652997427648,0.5678074359893799,1,0.4321925640106201,motion_blur_zoom0.06,motion_blur,0.06,2
bd8f4dfa-4e126a95.jpg,35.218013006081975,0.0,7.471967306981769,0.37866922295235217,0.1530882716178894,0,0.8469117283821106,motion_blur_zoom0.06,motion_blur,0.06,2
bdfc0f1d-375eba4a.jpg,32.55925571567749,0.0,7.33204460034513,0.3683781874211169,0.8427788615226746,2,0.15722113847732544,motion_blur_zoom0.06,motion_blur,0.06,2
be047105-0662bd2d.jpg,24.71363061296912,0.0024229600694444446,7.513614282580133,0.3504415501168803,0.8773110508918762,5,0.12268894910812378,motion_blur_zoom0.06,motion_blur,0.06,2
be448414-11891b58.jpg,15.127003580445418,0.005275607638888889,7.427009114303377,0.26356997639562413,0.519541323184967,4,0.48045867681503296,motion_blur_zoom0.06,motion_blur,0.06,2
be8590fa-9ab10ced.jpg,20.282439204444415,0.011153428819444445,7.293809154576953,0.31436021024250693,0.6540020704269409,4,0.3459979295730591,motion_blur_zoom0.06,motion_blur,0.06,2
beaa0c22-9f7d6767.jpg,42.63660757547543,0.0016482204861111112,7.189275740378086,0.5168386733464839,0.42881491780281067,1,0.5711850821971893,motion_blur_zoom0.06,motion_blur,0.06,2
beb87fd7-6120b637.jpg,73.42098739450246,0.023130425347222223,7.567618572577052,0.4149379126230448,0.912206768989563,7,0.08779323101043701,motion_blur_zoom0.06,motion_blur,0.06,2
bed001a8-2339fb95.jpg,21.607713608625186,0.0,7.210939606691428,0.24777067473858308,0.8452057838439941,3,0.15479421615600586,motion_blur_zoom0.06,motion_blur,0.06,2
bee1f0a4-22dbabcd.jpg,42.08447019878905,0.0010633680555555555,7.501248717065578,0.4527151892927751,0.3902384638786316,3,0.6097615361213684,motion_blur_zoom0.06,motion_blur,0.06,2
bfaca2bb-f1c305a8.jpg,65.80035694215447,4.340277777777778e-06,7.565019377048618,0.5334076343733373,0.8757064938545227,4,0.1242935061454773,motion_blur_zoom0.06,motion_blur,0.06,2
bfd64d5f-a12327b4.jpg,23.091688962564348,0.03358940972222222,7.471252691742685,0.34699868460104416,0.9416097402572632,12,0.058390259742736816,motion_blur_zoom0.06,motion_blur,0.06,2
bfd64d5f-d141be33.jpg,31.207112130605434,0.019700520833333332,7.238854985243172,0.3594882916181262,0.8085536360740662,10,0.19144636392593384,motion_blur_zoom0.06,motion_blur,0.06,2
c022e075-de13593a.jpg,5.872778690139158,0.0,7.190142164249461,0.20281218704249956,0.5776922106742859,1,0.4223077893257141,motion_blur_zoom0.06,motion_blur,0.06,2
c02d18db-023c1955.jpg,25.87564273070819,0.002351345486111111,7.532227663534197,0.380548184336094,0.8251049518585205,9,0.1748950481414795,motion_blur_zoom0.06,motion_blur,0.06,2
c036f281-a0c90e9a.jpg,25.89786891276042,0.0,7.355129957242267,0.3923669288382878,0.8812184929847717,3,0.11878150701522827,motion_blur_zoom0.06,motion_blur,0.06,2
c05767da-e6e016b5.jpg,25.269566807074597,0.0006705729166666666,7.552732802531463,0.3229377805041245,0.8112854361534119,6,0.18871456384658813,motion_blur_zoom0.06,motion_blur,0.06,2
c0677163-8371743a.jpg,7.93597187635163,0.006384548611111111,7.435726066794577,0.271957465150648,0.7205209732055664,8,0.2794790267944336,motion_blur_zoom0.06,motion_blur,0.06,2
c0c954a7-0c7fa0bb.jpg,24.100901651169345,0.0,7.628672228537122,0.399276562334861,0.7953381538391113,6,0.20466184616088867,motion_blur_zoom0.06,motion_blur,0.06,2
c0e24bac-d541b20d.jpg,22.808574193864985,0.0036002604166666665,7.273926655657361,0.2471583163520716,0.7311744689941406,4,0.2688255310058594,motion_blur_zoom0.06,motion_blur,0.06,2
c0e74e90-9684bfc2.jpg,25.902257734452924,0.0,7.461494523170636,0.3927008804193332,0.5846579670906067,5,0.4153420329093933,motion_blur_zoom0.06,motion_blur,0.06,2
c11add12-bb59c2a1.jpg,48.34699575522622,0.005398220486111111,7.5929570594402644,0.46351136358225165,0.9295810461044312,2,0.07041895389556885,motion_blur_zoom0.06,motion_blur,0.06,2
c1211833-1ba939db.jpg,20.83967673949725,0.00046440972222222223,7.654323440036179,0.3072456984753537,0.7742361426353455,9,0.22576385736465454,motion_blur_zoom0.06,motion_blur,0.06,2
c12e6924-5860d30a.jpg,21.953932061649837,0.00994900173611111,7.570646304577036,0.2756896643130477,0.85728520154953,5,0.14271479845046997,motion_blur_zoom0.06,motion_blur,0.06,2
c15c29a5-74788f46.jpg,49.200059579118076,2.170138888888889e-06,7.518722152036082,0.48894722851728617,0.868353009223938,3,0.131646990776062,motion_blur_zoom0.06,motion_blur,0.06,2
c1757757-140fa8b6.jpg,20.65261501615548,0.005614149305555555,7.454079409908422,0.3251732300786756,0.8698217868804932,5,0.13017821311950684,motion_blur_zoom0.06,motion_blur,0.06,2
c197a2a7-20f63536.jpg,58.23576655092474,0.00107421875,7.367959503636847,0.5414736918860734,0.6545726656913757,2,0.34542733430862427,motion_blur_zoom0.06,motion_blur,0.06,2
c197a2a7-5b960a7f.jpg,29.69796271260462,0.005018446180555556,7.070487696781159,0.3869265001842963,0.5619227290153503,6,0.43807727098464966,motion_blur_zoom0.06,motion_blur,0.06,2
c1a07cae-73529cf4.jpg,28.30867729992219,0.0007161458333333333,7.440954777881043,0.3273991186672663,0.3647978901863098,1,0.6352021098136902,motion_blur_zoom0.06,motion_blur,0.06,2
c1b3582d-7a6b9124.jpg,25.215388270850248,2.170138888888889e-06,7.666897034511198,0.42472608582126753,0.46668392419815063,4,0.5333160758018494,motion_blur_zoom0.06,motion_blur,0.06,2
c1b3582d-b9c87c82.jpg,19.963343094432506,3.90625e-05,7.569697953754977,0.3526863330348689,0.36109980940818787,2,0.6389001905918121,motion_blur_zoom0.06,motion_blur,0.06,2
c1b5a91c-9e402e78.jpg,8.359776463445032,0.005123697916666667,7.419289101276471,0.23579667803579418,0.6172271966934204,5,0.3827728033065796,motion_blur_zoom0.06,motion_blur,0.06,2
c1bbc01a-42a391bd.jpg,30.836498762677035,0.0049479166666666664,7.4019077109365865,0.3150110402153829,0.7386950254440308,5,0.26130497455596924,motion_blur_zoom0.06,motion_blur,0.06,2
c1bd4140-1f2bd79e.jpg,22.28811210419337,0.000107421875,7.339425814375243,0.33823262633049295,0.7949512004852295,4,0.2050487995147705,motion_blur_zoom0.06,motion_blur,0.06,2
c1fdd182-0431866d.jpg,23.51326349281971,0.0,7.372231167746353,0.37137669473231716,0.5323574542999268,3,0.46764254570007324,motion_blur_zoom0.06,motion_blur,0.06,2
c242b4b8-0dab228f.jpg,11.143073667695788,0.0,7.517360806836352,0.23721124867288793,0.76127028465271,2,0.23872971534729004,motion_blur_zoom0.06,motion_blur,0.06,2
c292800e-4290dbb9.jpg,46.93148296299567,0.006857638888888889,7.285453348422375,0.3472242783412051,0.7495402693748474,5,0.2504597306251526,motion_blur_zoom0.06,motion_blur,0.06,2
c2987e05-cb9bfcee.jpg,32.353387970129646,0.0,7.534793786790196,0.3690078466393662,0.5016560554504395,3,0.49834394454956055,motion_blur_zoom0.06,motion_blur,0.06,2
c29d13ba-67447c50.jpg,11.367332325683407,0.0003374565972222222,7.685731318719292,0.2398254954054892,0.8306209444999695,5,0.16937905550003052,motion_blur_zoom0.06,motion_blur,0.06,2
c2b457e5-36e3ecee.jpg,29.840900557675774,0.005287543402777778,7.650491565826331,0.3618182128396669,0.5850650072097778,5,0.41493499279022217,motion_blur_zoom0.06,motion_blur,0.06,2
c2d051a0-31c90f75.jpg,45.680622825038554,0.01584743923611111,7.680865387952506,0.3587939819233827,0.6843752861022949,4,0.3156247138977051,motion_blur_zoom0.06,motion_blur,0.06,2
c2f88368-4292c1a0.jpg,26.123379892983856,0.0,7.632853755683345,0.33508865544718086,0.885358989238739,4,0.11464101076126099,motion_blur_zoom0.06,motion_blur,0.06,2
c2f8b141-5ef7d661.jpg,47.683450704474524,0.0020421006944444445,7.457934547973489,0.49275955784773495,0.8395453691482544,4,0.1604546308517456,motion_blur_zoom0.06,motion_blur,0.06,2
c30226a9-f882478c.jpg,26.665216967754596,0.004801432291666667,7.624084731476554,0.3349925903025311,0.6054294109344482,3,0.39457058906555176,motion_blur_zoom0.06,motion_blur,0.06,2
c3287e28-f6bcc9ef.jpg,19.843064817969008,0.0,7.627881364502432,0.37612509011679385,0.6863995790481567,3,0.31360042095184326,motion_blur_zoom0.06,motion_blur,0.06,2
c3436372-070af78a.jpg,32.05316519221083,0.005567491319444445,7.7084293094496825,0.4598984491018341,0.24564990401268005,0,0.75435009598732,motion_blur_zoom0.06,motion_blur,0.06,2
c3436372-eb18934d.jpg,22.201803263341635,0.0,7.478736835958775,0.28903771128386,0.3952862322330475,2,0.6047137677669525,motion_blur_zoom0.06,motion_blur,0.06,2
c352d9c5-d0019b8b.jpg,23.36905472081386,0.014930555555555556,7.680882753426155,0.33331281612629765,0.8167140483856201,2,0.18328595161437988,motion_blur_zoom0.06,motion_blur,0.06,2
c3668a3d-22233f64.jpg,25.425101988992573,0.0008409288194444445,7.398571235372505,0.29692916698155736,0.7936978340148926,3,0.20630216598510742,motion_blur_zoom0.06,motion_blur,0.06,2
c366973d-c03525b0.jpg,43.063155790310155,0.0,7.5029266046218,0.415330368332467,0.8548923134803772,3,0.1451076865196228,motion_blur_zoom0.06,motion_blur,0.06,2
c3804a06-26cf84ff.jpg,63.61945078125002,0.0008930121527777777,7.378053613175833,0.6131016393486062,0.8709428310394287,4,0.1290571689605713,motion_blur_zoom0.06,motion_blur,0.06,2
c389631f-a4b2d909.jpg,32.047018240803865,0.0,7.502841609966984,0.4465478980632702,0.23275981843471527,0,0.7672401815652847,motion_blur_zoom0.06,motion_blur,0.06,2
c389631f-b7bb20cb.jpg,42.84745629369949,0.0,7.453430086766279,0.4137753422587645,0.45704302191734314,1,0.5429569780826569,motion_blur_zoom0.06,motion_blur,0.06,2
c39ddb2c-db949106.jpg,26.6176969943388,0.00030924479166666665,7.2654432155533755,0.2942919283541465,0.913645327091217,11,0.08635467290878296,motion_blur_zoom0.06,motion_blur,0.06,2
c3c28990-04db5664.jpg,25.349314706165412,1.0850694444444444e-06,7.451216679142318,0.3630641003673164,0.8102261424064636,9,0.18977385759353638,motion_blur_zoom0.06,motion_blur,0.06,2
c3e87419-dd6f2321.jpg,3.7100591035525006,0.018267144097222222,7.338677813714322,0.2159435183315428,0.7534340620040894,3,0.24656593799591064,motion_blur_zoom0.06,motion_blur,0.06,2
c41203a6-f2bee3f0.jpg,31.439027760823592,0.0029817708333333332,7.647882786836601,0.42287239275756394,0.483336478471756,2,0.516663521528244,motion_blur_zoom0.06,motion_blur,0.06,2
c414ea72-128822b2.jpg,34.961130723571785,1.0850694444444445e-05,7.3619082277234655,0.3546014895797465,0.826007604598999,4,0.17399239540100098,motion_blur_zoom0.06,motion_blur,0.06,2
c43052f6-d90711e9.jpg,42.33883159352997,0.00012369791666666668,7.554441927503607,0.4727903004568215,0.8964378237724304,6,0.10356217622756958,motion_blur_zoom0.06,motion_blur,0.06,2
c43c290b-61f94939.jpg,29.753106292714012,0.00150390625,7.434578023873474,0.2604389811361154,0.7933639287948608,6,0.20663607120513916,motion_blur_zoom0.06,motion_blur,0.06,2
c4a9c191-20e1a3c3.jpg,15.80205905531777,0.07730685763888889,7.269894245171044,0.29659271133276033,0.776761531829834,3,0.22323846817016602,motion_blur_zoom0.06,motion_blur,0.06,2
c4d83625-8af1c66e.jpg,19.947504968373575,2.170138888888889e-06,7.1887578304946045,0.35813700560238937,0.7829418182373047,8,0.2170581817626953,motion_blur_zoom0.06,motion_blur,0.06,2
c4f65761-92ca62d4.jpg,25.026638452581707,0.008313802083333334,7.512543318099468,0.3437586485730823,0.7050971388816833,3,0.29490286111831665,motion_blur_zoom0.06,motion_blur,0.06,2
c5578df5-1318c8a5.jpg,38.11910155338236,0.02052300347222222,7.676001831486731,0.3964319413691186,0.6384250521659851,3,0.3615749478340149,motion_blur_zoom0.06,motion_blur,0.06,2
c5584f14-7fcc4797.jpg,2.5558385786821813,0.13253363715277777,6.998949798350072,0.18108165945216642,0.13310359418392181,0,0.8668964058160782,motion_blur_zoom0.06,motion_blur,0.06,2
c55ab634-b93da9ef.jpg,39.85896105843885,0.0,7.576568671292529,0.3918731722061899,0.752842366695404,7,0.24715763330459595,motion_blur_zoom0.06,motion_blur,0.06,2
c563b8a0-c21b10e8.jpg,35.73639612692256,0.0005338541666666666,7.589379212160122,0.40455604772518566,0.8482816219329834,9,0.1517183780670166,motion_blur_zoom0.06,motion_blur,0.06,2
c564c92b-2f727c05.jpg,28.343888601566846,0.026146918402777778,7.557897202002684,0.3597812675450556,0.8780741691589355,5,0.12192583084106445,motion_blur_zoom0.06,motion_blur,0.06,2
c5b2506d-1241a008.jpg,30.60217870187641,0.01696506076388889,7.375687114708432,0.3740180309251396,0.8948285579681396,5,0.10517144203186035,motion_blur_zoom0.06,motion_blur,0.06,2
c5b7db86-88bceca0.jpg,61.38386008690726,0.0009309895833333334,7.529598563582371,0.5603500375247038,0.9134474396705627,6,0.08655256032943726,motion_blur_zoom0.06,motion_blur,0.06,2
c5b80ec1-6efedb0e.jpg,43.31736510500379,0.00248046875,7.195903154542263,0.32332613864813514,0.2837197482585907,1,0.7162802517414093,motion_blur_zoom0.06,motion_blur,0.06,2
c5c9ead6-dab2dae6.jpg,12.30189050547164,0.002482638888888889,7.702512841023385,0.29092555072599363,0.6856366991996765,3,0.3143633008003235,motion_blur_zoom0.06,motion_blur,0.06,2
c5dd7de4-53608747.jpg,18.413136969661714,0.0020540364583333335,7.381416362764404,0.2605141031686614,0.8167997002601624,3,0.18320029973983765,motion_blur_zoom0.06,motion_blur,0.06,2
c5e8ab3b-6e92761c.jpg,6.549967446711034,0.0,6.95599899891135,0.18876413931387212,0.8811079859733582,2,0.11889201402664185,motion_blur_zoom0.06,motion_blur,0.06,2
c5f2e071-fcf05969.jpg,26.291151210162084,6.618923611111112e-05,7.329661908838295,0.2464528521737077,0.8473288416862488,3,0.15267115831375122,motion_blur_zoom0.06,motion_blur,0.06,2
c640ffda-035e5b98.jpg,14.428501228274829,0.00390625,7.669316932297669,0.30042256913746984,0.8485571146011353,3,0.15144288539886475,motion_blur_zoom0.06,motion_blur,0.06,2
c675081b-df5291b4.jpg,23.848040897198683,0.0,7.187544145121025,0.2990239334769768,0.5986722111701965,7,0.40132778882980347,motion_blur_zoom0.06,motion_blur,0.06,2
c6758a15-46130d04.jpg,23.19056690613428,0.0,7.634094558307089,0.31847462120079983,0.8394660353660583,3,0.16053396463394165,motion_blur_zoom0.06,motion_blur,0.06,2
c685aea9-2f9e84d2.jpg,59.242347992621525,0.00010525173611111111,7.416575476653907,0.4545645571485442,0.6188557744026184,3,0.3811442255973816,motion_blur_zoom0.06,motion_blur,0.06,2
c71de7ef-ad5d9110.jpg,44.81395442113872,1.0850694444444445e-05,7.55820190078008,0.41526162029056124,0.9063252806663513,4,0.09367471933364868,motion_blur_zoom0.06,motion_blur,0.06,2
c734eb0a-9d6807cb.jpg,7.643273546420201,0.0,7.034623412248889,0.20740282615862962,0.9144647121429443,4,0.08553528785705566,motion_blur_zoom0.06,motion_blur,0.06,2
c737e602-e8793fdc.jpg,34.755677893743396,0.00037760416666666666,7.385026191996051,0.34512882891821706,0.8751452565193176,9,0.12485474348068237,motion_blur_zoom0.06,motion_blur,0.06,2
c7fee392-08329b19.jpg,32.512481330923386,5.4253472222222224e-06,7.495455123347054,0.3867355081076111,0.6296200752258301,5,0.3703799247741699,motion_blur_zoom0.06,motion_blur,0.06,2
c80cf60a-9a7aabc6.jpg,17.722664779658377,0.032386067708333334,7.591591637008232,0.26285517887382265,0.9166744351387024,9,0.08332556486129761,motion_blur_zoom0.06,motion_blur,0.06,2
c8152bfa-28181ba4.jpg,43.46052941110394,0.0,7.209179550533678,0.4436946266816589,0.8695204257965088,5,0.1304795742034912,motion_blur_zoom0.06,motion_blur,0.06,2
c85ca3b9-72a968aa.jpg,10.513020568805274,0.0,7.504741629509546,0.2777072599932153,0.8870681524276733,1,0.11293184757232666,motion_blur_zoom0.06,motion_blur,0.06,2
c8792c3c-a42cb3f6.jpg,24.81980581730972,0.0,7.3085705284480165,0.32734311860664106,0.6420308351516724,9,0.35796916484832764,motion_blur_zoom0.06,motion_blur,0.06,2
c88b26c5-0a03ff8e.jpg,25.90054019328812,0.00015950520833333333,7.4511916414266155,0.3944282318828458,0.8305033445358276,2,0.16949665546417236,motion_blur_zoom0.06,motion_blur,0.06,2
c897cc2b-2a1bc9f0.jpg,13.190781842209388,0.004057074652777778,7.1328090141680045,0.2725258885302462,0.684644877910614,3,0.315355122089386,motion_blur_zoom0.06,motion_blur,0.06,2
c8a5a379-cb506f54.jpg,36.97600216606518,1.0850694444444444e-06,7.2116787540512215,0.3755131870153281,0.6868519186973572,5,0.3131480813026428,motion_blur_zoom0.06,motion_blur,0.06,2
c8a830e0-95b22cac.jpg,30.25970919142358,3.255208333333333e-05,7.608833630077715,0.3718253781448874,0.7510279417037964,2,0.2489720582962036,motion_blur_zoom0.06,motion_blur,0.06,2
c8bad943-c78f2df3.jpg,26.202344522799972,0.00036458333333333335,7.330856943902572,0.20157381171810468,0.5508279800415039,5,0.4491720199584961,motion_blur_zoom0.06,motion_blur,0.06,2
c8e8f29f-09ac075a.jpg,18.681919287023423,8.680555555555556e-06,7.211221390962062,0.25452573896212977,0.8459111452102661,4,0.1540888547897339,motion_blur_zoom0.06,motion_blur,0.06,2
c8ef1a34-e7c66c0c.jpg,14.31841490577298,0.02281467013888889,7.024244959353744,0.21883913122240733,0.8025956153869629,3,0.1974043846130371,motion_blur_zoom0.06,motion_blur,0.06,2
c90b5398-63556b1c.jpg,25.87596674143356,0.0008713107638888889,7.443921213950357,0.3558749218526629,0.7884501814842224,2,0.2115498185157776,motion_blur_zoom0.06,motion_blur,0.06,2
c911f50f-e7958776.jpg,70.59620528731048,1.0850694444444444e-06,7.370423945041623,0.509089949510624,0.8726548552513123,8,0.12734514474868774,motion_blur_zoom0.06,motion_blur,0.06,2
c91a3cef-e63379c7.jpg,19.00304783262911,5.3168402777777775e-05,7.589560504944856,0.24348598717318587,0.7791928648948669,4,0.22080713510513306,motion_blur_zoom0.06,motion_blur,0.06,2
c9240f77-08db8836.jpg,13.87216769294268,9.98263888888889e-05,7.706934445303203,0.2794639773421777,0.7948599457740784,7,0.20514005422592163,motion_blur_zoom0.06,motion_blur,0.06,2
c927d51b-cb5b7850.jpg,25.611053560373517,0.0011306423611111111,7.398703046236493,0.34574027673463703,0.8769143223762512,9,0.12308567762374878,motion_blur_zoom0.06,motion_blur,0.06,2
c928749e-62bc39dd.jpg,11.866478943030028,0.010299479166666667,7.216528840058913,0.28215789895778237,0.910486102104187,2,0.08951389789581299,motion_blur_zoom0.06,motion_blur,0.06,2
c9375798-85c143f7.jpg,20.549292624673743,0.0016395399305555555,7.585008119493511,0.33362673516533087,0.8668044805526733,6,0.13319551944732666,motion_blur_zoom0.06,motion_blur,0.06,2
c9403737-55c6220f.jpg,18.783077849153823,0.0,6.924218693948934,0.2131879055922413,0.07937435060739517,0,0.9206256493926048,motion_blur_zoom0.06,motion_blur,0.06,2
c9403737-9675db60.jpg,41.5125433874766,0.0023404947916666665,7.577796460297775,0.4622329231738322,0.8417026996612549,6,0.15829730033874512,motion_blur_zoom0.06,motion_blur,0.06,2
c9403737-bf414a95.jpg,6.038670332956902,0.0,7.183667433242068,0.15228192095673052,,0,0.0,motion_blur_zoom0.06,motion_blur,0.06,2
c96109b8-caf84a36.jpg,43.135059157684694,9.114583333333334e-05,7.285822944338084,0.5153218912166231,0.8498347997665405,5,0.15016520023345947,motion_blur_zoom0.06,motion_blur,0.06,2
c992d89e-45d612c4.jpg,17.386702221109843,0.00011935763888888888,7.645623338561475,0.2928527723245832,0.6563279032707214,6,0.34367209672927856,motion_blur_zoom0.06,motion_blur,0.06,2
c9a9a2a9-57519e11.jpg,54.7085935787048,0.0015516493055555555,7.637625802497638,0.44417791175770494,0.898256778717041,5,0.10174322128295898,motion_blur_zoom0.06,motion_blur,0.06,2
c9b29647-95da8336.jpg,10.992854929375357,0.0,6.936250553002022,0.16728675020896674,0.25506868958473206,1,0.7449313104152679,motion_blur_zoom0.06,motion_blur,0.06,2
c9b82f4e-fd73af29.jpg,70.4687379530165,0.00016710069444444444,7.509955098120645,0.7332538669854065,0.9183540940284729,5,0.0816459059715271,motion_blur_zoom0.06,motion_blur,0.06,2
c9c31e57-45b42452.jpg,49.80642683426537,0.0,7.668080804206701,0.4698106874750192,0.7423925399780273,2,0.25760746002197266,motion_blur_zoom0.06,motion_blur,0.06,2
c9fb1a4c-0bd0ea9d.jpg,33.85674236155853,0.0,7.43164278154191,0.41403826937267557,0.45302197337150574,2,0.5469780266284943,motion_blur_zoom0.06,motion_blur,0.06,2
ca009e13-fdb666f6.jpg,34.99563987748887,0.0004524739583333333,7.714673494325149,0.4145591154649946,0.730229914188385,4,0.269770085811615,motion_blur_zoom0.06,motion_blur,0.06,2
ca2c7c84-5902ee09.jpg,27.13980250147949,0.013729383680555556,7.164164288562542,0.30608062404332187,0.7744308114051819,8,0.22556918859481812,motion_blur_zoom0.06,motion_blur,0.06,2
b1d7b3ac-36f2d3b7.jpg,6.967243491236369,0.0012445746527777778,7.244421132480013,0.22078684064805487,0.815317690372467,3,0.18468230962753296,motion_blur_zoom0.1,motion_blur,0.1,3
b20d494a-cdebe83e.jpg,7.256508961052365,0.0010416666666666667,7.360121466326697,0.17132786027489655,0.3831948935985565,2,0.6168051064014435,motion_blur_zoom0.1,motion_blur,0.1,3
b231a630-c4522992.jpg,11.085507958700623,0.0,7.392924207446972,0.2946306604281722,0.7428595423698425,5,0.25714045763015747,motion_blur_zoom0.1,motion_blur,0.1,3
b25fdb41-4644e3f7.jpg,37.86562927907307,0.0013715277777777777,7.306912101219938,0.4427990809967013,0.8027390837669373,2,0.19726091623306274,motion_blur_zoom0.1,motion_blur,0.1,3
b27d5dcb-856c0b43.jpg,14.099363902334526,0.00823025173611111,7.679226619526794,0.2958023364933671,0.2445763200521469,0,0.7554236799478531,motion_blur_zoom0.1,motion_blur,0.1,3
b2afce7f-0cb9967a.jpg,14.670961065292353,0.0,7.498041216657752,0.3115299307557052,0.20636101067066193,0,0.7936389893293381,motion_blur_zoom0.1,motion_blur,0.1,3
b2e431b6-332c438d.jpg,9.851560266490038,1.0850694444444444e-06,6.878389921587186,0.2227108752513243,0.7538312077522278,4,0.24616879224777222,motion_blur_zoom0.1,motion_blur,0.1,3
b2f4a409-5ddff11a.jpg,14.05673393012152,7.921006944444444e-05,7.251879316519177,0.26426496901793617,0.31485170125961304,1,0.685148298740387,motion_blur_zoom0.1,motion_blur,0.1,3
b2fbf86d-d5de82a4.jpg,34.60496074723138,0.0,7.312106781115029,0.3417053130168246,0.6021019816398621,9,0.39789801836013794,motion_blur_zoom0.1,motion_blur,0.1,3
b3110036-a32dc26e.jpg,18.403950769264313,0.003708767361111111,7.538760539612738,0.3020299529914317,0.6485228538513184,1,0.35147714614868164,motion_blur_zoom0.1,motion_blur,0.1,3
b3826fd8-774c2e0a.jpg,16.647735323163023,0.05601671006944445,7.072210689926033,0.2813313289572533,0.8811765909194946,9,0.11882340908050537,motion_blur_zoom0.1,motion_blur,0.1,3
b3875c8d-cc4081eb.jpg,15.625565157373453,0.0028233506944444443,7.474273126834003,0.28784531974908417,0.8836584091186523,3,0.11634159088134766,motion_blur_zoom0.1,motion_blur,0.1,3
b3a3d166-3a6a258d.jpg,7.930928672356072,6.184895833333334e-05,7.435441903449439,0.22174521566932373,0.8122281432151794,2,0.18777185678482056,motion_blur_zoom0.1,motion_blur,0.1,3
b3c26aff-417063a0.jpg,18.102182364188298,0.005146484375,7.439556433681274,0.23628770295761767,0.3196601867675781,2,0.6803398132324219,motion_blur_zoom0.1,motion_blur,0.1,3
b3f3c908-baffb699.jpg,28.83944707737557,0.002287326388888889,7.304642590898705,0.44746734621312884,0.7761855125427246,5,0.2238144874572754,motion_blur_zoom0.1,motion_blur,0.1,3
b4110365-9ae12ee1.jpg,12.988860001509865,0.002439236111111111,7.270862289274676,0.23442922940093386,0.8572075963020325,3,0.14279240369796753,motion_blur_zoom0.1,motion_blur,0.1,3
b4543c78-db967acc.jpg,21.459095963229665,0.0,7.500775425391929,0.3268664351637582,0.832455039024353,1,0.16754496097564697,motion_blur_zoom0.1,motion_blur,0.1,3
b46478b0-167fe009.jpg,4.46968934190538,0.0,7.609429180708267,0.19404658405699407,0.09835045784711838,0,0.9016495421528816,motion_blur_zoom0.1,motion_blur,0.1,3
b46478b0-1eb55806.jpg,9.483815881798586,0.014232855902777777,7.564893595750577,0.2357138161574707,0.45724722743034363,5,0.5427527725696564,motion_blur_zoom0.1,motion_blur,0.1,3
b472aeb8-f6353af9.jpg,14.832404231200979,1.0850694444444445e-05,7.18005540500495,0.3332010436475701,0.5401169657707214,1,0.45988303422927856,motion_blur_zoom0.1,motion_blur,0.1,3
b47f85d4-c6562257.jpg,14.976793522771196,0.0003125,7.5116699350156555,0.28012140894821674,0.25286877155303955,1,0.7471312284469604,motion_blur_zoom0.1,motion_blur,0.1,3
b48c7b5f-cec3fed8.jpg,11.285376927688977,0.0,7.3965086838144,0.29163101490435756,0.8230946660041809,5,0.1769053339958191,motion_blur_zoom0.1,motion_blur,0.1,3
b49698d7-1999d598.jpg,5.525721706809526,4.991319444444445e-05,7.438116971044709,0.24404052435888918,0.6939551830291748,4,0.3060448169708252,motion_blur_zoom0.1,motion_blur,0.1,3
b4b1aa64-e3cbad0f.jpg,17.60868940319368,8.680555555555556e-06,7.464141780294862,0.29786045254260507,0.4916718304157257,1,0.5083281695842743,motion_blur_zoom0.1,motion_blur,0.1,3
b4ef573f-5122732a.jpg,15.308177950465824,0.0,7.386689038047429,0.2918857468874454,0.22477252781391144,0,0.7752274721860886,motion_blur_zoom0.1,motion_blur,0.1,3
b4f2a76c-3ce3d91e.jpg,21.828549630707876,7.8125e-05,7.543188895575939,0.24429389048683983,0.8459505438804626,6,0.15404945611953735,motion_blur_zoom0.1,motion_blur,0.1,3
b4f49565-abd6b20b.jpg,18.285193955031744,0.0,7.550463285440175,0.3112151011465805,0.1939544826745987,0,0.8060455173254013,motion_blur_zoom0.1,motion_blur,0.1,3
b5032e1d-d2f24352.jpg,15.544575334897448,0.0,7.361651351990732,0.33034982104866456,0.6806512475013733,6,0.3193487524986267,motion_blur_zoom0.1,motion_blur,0.1,3
b54735e3-4c968f67.jpg,11.366288167242361,0.0014312065972222222,6.894424346758157,0.29032889967356,0.856463611125946,5,0.14353638887405396,motion_blur_zoom0.1,motion_blur,0.1,3
b54a8089-d1989d8f.jpg,20.532523851630117,0.00013020833333333333,7.346691241368761,0.3561062066558955,0.8592301607131958,5,0.1407698392868042,motion_blur_zoom0.1,motion_blur,0.1,3
b565c328-1e663060.jpg,23.7401960973092,0.006829427083333333,7.552252176975115,0.31593777292597325,0.8511942625045776,3,0.14880573749542236,motion_blur_zoom0.1,motion_blur,0.1,3
b5961057-5e258e5e.jpg,34.943109127297824,4.0147569444444445e-05,7.5734726283650815,0.3940674184841021,0.8655593395233154,5,0.13444066047668457,motion_blur_zoom0.1,motion_blur,0.1,3
b59d9baf-5fe6c3c0.jpg,13.960740752550993,0.007414279513888889,7.534349505335948,0.3150916256684777,0.33310267329216003,1,0.66689732670784,motion_blur_zoom0.1,motion_blur,0.1,3
b5a52ea9-2e1f4066.jpg,8.739265181081088,0.0,7.370635691944676,0.26884058372755704,0.5012977123260498,4,0.4987022876739502,motion_blur_zoom0.1,motion_blur,0.1,3
b5b2f593-25b7b157.jpg,13.245825648808184,0.014545355902777777,7.698863075439744,0.3078471300207676,0.8515052199363708,2,0.14849478006362915,motion_blur_zoom0.1,motion_blur,0.1,3
b5b44d2d-60f87448.jpg,13.464920758051933,0.0007834201388888888,7.500954512585933,0.30498475293824157,0.5217629075050354,4,0.4782370924949646,motion_blur_zoom0.1,motion_blur,0.1,3
b5c30297-f0b3279b.jpg,12.961650318794486,0.0005924479166666667,7.535059648429623,0.3002226990023929,0.8925595879554749,3,0.10744041204452515,motion_blur_zoom0.1,motion_blur,0.1,3
b690e7dd-1a1d38d1.jpg,29.788842230637876,0.0062348090277777775,7.419579254603432,0.3955147696444886,0.9070825576782227,3,0.09291744232177734,motion_blur_zoom0.1,motion_blur,0.1,3
b72812e8-c636249b.jpg,23.295265725188802,0.015184461805555556,7.529044731316622,0.3257869543203243,0.8588499426841736,6,0.14115005731582642,motion_blur_zoom0.1,motion_blur,0.1,3
b72b3974-9667b29a.jpg,31.59492791351978,0.008961588541666666,7.291186992029422,0.30566107887367855,0.7178131341934204,9,0.2821868658065796,motion_blur_zoom0.1,motion_blur,0.1,3
b736c477-fb345fa9.jpg,11.161947451602096,0.011015625,7.57120129569453,0.269030209949105,0.5466970205307007,2,0.4533029794692993,motion_blur_zoom0.1,motion_blur,0.1,3
b73a793e-ebf5917d.jpg,63.6229471797048,5.4253472222222224e-06,7.5690340152254,0.5398535600508311,0.6963458061218262,7,0.30365419387817383,motion_blur_zoom0.1,motion_blur,0.1,3
b7404583-b504d500.jpg,15.503077143798643,0.0017350260416666666,7.510942280420781,0.27100387062235937,0.8911192417144775,3,0.10888075828552246,motion_blur_zoom0.1,motion_blur,0.1,3
b74111eb-d21a119b.jpg,32.76708333014972,9.765625e-06,7.591127044283054,0.3254753117065197,0.5728135704994202,3,0.42718642950057983,motion_blur_zoom0.1,motion_blur,0.1,3
b747b30e-991436c7.jpg,8.2675937263477,0.0,7.369210791181187,0.20826468075020296,0.06280574947595596,0,0.937194250524044,motion_blur_zoom0.1,motion_blur,0.1,3
b784ff27-baf00daa.jpg,17.023658654314197,0.0,7.282043937322326,0.27543288354725404,0.6712115406990051,3,0.3287884593009949,motion_blur_zoom0.1,motion_blur,0.1,3
b79307e6-6cfc1c5b.jpg,14.097392567499188,0.0008062065972222223,7.5718124652619805,0.289258069245995,0.698110044002533,2,0.30188995599746704,motion_blur_zoom0.1,motion_blur,0.1,3
b7d9a95e-f9901594.jpg,24.83768870742114,0.0,7.2553746676850235,0.38294844709720055,0.7119607925415039,7,0.2880392074584961,motion_blur_zoom0.1,motion_blur,0.1,3
b7eb6c3d-e1598570.jpg,15.398397641966069,0.03273763020833333,7.6296220684103915,0.3060139247841219,0.904373824596405,6,0.09562617540359497,motion_blur_zoom0.1,motion_blur,0.1,3
b7ec8e2f-b673fc33.jpg,6.396468689643013,0.0,7.205246694759614,0.17955190169850213,0.29978328943252563,1,0.7002167105674744,motion_blur_zoom0.1,motion_blur,0.1,3
b7f452e4-1e8b6f3a.jpg,6.540527301335037,0.0,7.616643543645685,0.2605628186685549,0.3208343982696533,1,0.6791656017303467,motion_blur_zoom0.1,motion_blur,0.1,3
b7fd2970-e46faf78.jpg,17.642858071781674,0.0005946180555555556,7.585321299605729,0.3094180910710707,0.8414780497550964,3,0.15852195024490356,motion_blur_zoom0.1,motion_blur,0.1,3
b89bf84d-d2c2e5a7.jpg,24.78212166845535,0.0,7.594816538960247,0.3953576963037106,0.831382155418396,5,0.168617844581604,motion_blur_zoom0.1,motion_blur,0.1,3
b8b15e54-2ccd7fd0.jpg,14.701709843571987,0.0,7.574258469655706,0.2947963841848191,0.6659220457077026,7,0.33407795429229736,motion_blur_zoom0.1,motion_blur,0.1,3
b8c7c957-84df8251.jpg,9.176527510484064,0.0,7.493064112730442,0.22353016069112158,0.7560859322547913,2,0.24391406774520874,motion_blur_zoom0.1,motion_blur,0.1,3
b8ca6c5d-22de751a.jpg,24.465637976521613,0.0008062065972222223,7.338662241733042,0.30225167680870385,0.3337504267692566,1,0.6662495732307434,motion_blur_zoom0.1,motion_blur,0.1,3
b8e63e55-369d821c.jpg,10.798861758054338,0.03723958333333333,7.1612443359534,0.22276915173717818,0.8345834612846375,5,0.16541653871536255,motion_blur_zoom0.1,motion_blur,0.1,3
b919f6f7-9c71d913.jpg,19.178183436410222,0.0,7.512467069921451,0.33072201657355166,0.20204730331897736,0,0.7979526966810226,motion_blur_zoom0.1,motion_blur,0.1,3
b94daedc-7045933e.jpg,9.994849510659112,0.08689453125,7.190931064276644,0.25658977371696223,0.882334291934967,2,0.11766570806503296,motion_blur_zoom0.1,motion_blur,0.1,3
b94f6bc8-32f10d36.jpg,14.364429240243224,0.0,7.517728622993365,0.2863758872639796,0.8464913368225098,2,0.15350866317749023,motion_blur_zoom0.1,motion_blur,0.1,3
b9597719-09a2458c.jpg,8.4723833223025,0.0,7.448302574584323,0.27821239875145654,0.07579135149717331,0,0.9242086485028267,motion_blur_zoom0.1,motion_blur,0.1,3
b9c2521e-2db68bde.jpg,33.573842253390666,0.0,7.190631005815305,0.2807162388604675,0.891415536403656,8,0.108584463596344,motion_blur_zoom0.1,motion_blur,0.1,3
b9e4cb3d-975f9d1d.jpg,28.789118330071275,0.0,7.33791236839787,0.4126521540509402,0.8461605310440063,2,0.15383946895599365,motion_blur_zoom0.1,motion_blur,0.1,3
b9e4cb3d-98ed4484.jpg,9.354234223399926,0.0,7.463063636349305,0.26259657696784605,0.5472476482391357,1,0.45275235176086426,motion_blur_zoom0.1,motion_blur,0.1,3
ba122c97-403fd75d.jpg,11.170971068769626,0.0,7.158489949657691,0.3142498036189166,0.6573864221572876,5,0.3426135778427124,motion_blur_zoom0.1,motion_blur,0.1,3
ba41a907-1793986f.jpg,15.84342551280716,0.0,7.464835897202315,0.24934527806925208,0.5081145763397217,3,0.4918854236602783,motion_blur_zoom0.1,motion_blur,0.1,3
ba4bcdc5-3d4f7a56.jpg,12.298876779396151,0.042852647569444444,7.578332543088497,0.24937487159722477,0.8420992493629456,7,0.15790075063705444,motion_blur_zoom0.1,motion_blur,0.1,3
ba4d05f6-24c9c3cf.jpg,10.668076059457999,0.0005924479166666667,7.479587027699321,0.23516565296240768,0.795548141002655,6,0.20445185899734497,motion_blur_zoom0.1,motion_blur,0.1,3
bab692c9-3cd892ff.jpg,28.09874074582229,0.0,7.470725031675135,0.37718863598362706,0.8369038701057434,3,0.1630961298942566,motion_blur_zoom0.1,motion_blur,0.1,3
bab692c9-a16f15b4.jpg,31.485434701612274,0.0,7.409442079498094,0.3826984956070929,0.5660660862922668,4,0.43393391370773315,motion_blur_zoom0.1,motion_blur,0.1,3
bae5905c-b009aff3.jpg,34.48764176824947,0.0,7.540172820822791,0.3885400303863755,0.7500153183937073,4,0.24998468160629272,motion_blur_zoom0.1,motion_blur,0.1,3
baf870f0-a1a64cd6.jpg,19.37900377532111,0.0016731770833333334,7.605559645200148,0.2938673750490001,0.5493847131729126,5,0.4506152868270874,motion_blur_zoom0.1,motion_blur,0.1,3
bb051d4e-49d5fed8.jpg,15.65149848027994,0.023594835069444445,7.54091293588619,0.29886481135349297,0.6751568913459778,2,0.3248431086540222,motion_blur_zoom0.1,motion_blur,0.1,3
bb4abf02-01cd2796.jpg,16.235076936075426,0.00010199652777777778,7.336512310932443,0.26789427376000013,0.4612125754356384,1,0.5387874245643616,motion_blur_zoom0.1,motion_blur,0.1,3
bb725082-6cfb3269.jpg,8.976506014495424,0.0,7.4832373367187195,0.25830642598190007,0.8991585373878479,5,0.1008414626121521,motion_blur_zoom0.1,motion_blur,0.1,3
bb76c63a-f232154d.jpg,38.41337454545766,0.0003483072916666667,7.478732200790186,0.44326825223632954,0.5629099011421204,2,0.43709009885787964,motion_blur_zoom0.1,motion_blur,0.1,3
bb9071ac-8e2bc8fe.jpg,11.678968083924431,0.0,7.564660544191447,0.2384789898827326,0.5048037171363831,5,0.49519628286361694,motion_blur_zoom0.1,motion_blur,0.1,3
bb9f498e-5ea84006.jpg,37.02469804205247,5.750868055555555e-05,7.438298790034873,0.31803003535364116,0.7933088541030884,7,0.20669114589691162,motion_blur_zoom0.1,motion_blur,0.1,3
bb9f498e-62cc407e.jpg,38.21299152739723,0.00016059027777777778,7.655569470325288,0.4399861023416373,0.823920488357544,5,0.17607951164245605,motion_blur_zoom0.1,motion_blur,0.1,3
bbb1289a-b49fe5de.jpg,8.63350581188437,0.0,7.303780515047804,0.22146999585917787,0.6711509227752686,5,0.32884907722473145,motion_blur_zoom0.1,motion_blur,0.1,3
bc24f222-f198b643.jpg,15.69317486225646,1.0850694444444444e-06,7.563373658347317,0.268521201267975,0.6183061003684998,2,0.38169389963150024,motion_blur_zoom0.1,motion_blur,0.1,3
bc5fadac-96776d48.jpg,5.620738454861113,0.001896701388888889,7.095941508831456,0.17314968338539882,0.08313364535570145,0,0.9168663546442986,motion_blur_zoom0.1,motion_blur,0.1,3
bc5fadac-fa6dd225.jpg,6.8552506326451725,0.0,7.46998248767553,0.2047341728630632,0.16915066540241241,0,0.8308493345975876,motion_blur_zoom0.1,motion_blur,0.1,3
bcaa771b-806e4fcd.jpg,17.65202253214047,0.0,7.385070656645172,0.24027304060544516,0.37179794907569885,1,0.6282020509243011,motion_blur_zoom0.1,motion_blur,0.1,3
bcaf57de-8a71dbde.jpg,27.618047915299734,0.0,7.260727191110186,0.31791052302913614,0.4641355574131012,1,0.5358644425868988,motion_blur_zoom0.1,motion_blur,0.1,3
bcfdd6af-c3d0b55a.jpg,9.510352219465041,0.003429904513888889,7.523982663075604,0.2868361804452161,0.8428134918212891,3,0.15718650817871094,motion_blur_zoom0.1,motion_blur,0.1,3
bd338426-4b27de63.jpg,26.50614193939869,0.0,7.391056814252713,0.265471019104084,0.19175446033477783,0,0.8082455396652222,motion_blur_zoom0.1,motion_blur,0.1,3
bd5d35a0-1357b0da.jpg,22.406247784532155,0.00185546875,7.292553344790669,0.2508866455915826,0.5699578523635864,1,0.4300421476364136,motion_blur_zoom0.1,motion_blur,0.1,3
bd8f4dfa-4e126a95.jpg,22.576863965341772,0.0,7.45679548520405,0.3166628143613037,0.4712555408477783,1,0.5287444591522217,motion_blur_zoom0.1,motion_blur,0.1,3
bdfc0f1d-375eba4a.jpg,24.446539621893567,0.0,7.315325293252145,0.32296100004145695,0.8102722764015198,2,0.18972772359848022,motion_blur_zoom0.1,motion_blur,0.1,3
be047105-0662bd2d.jpg,14.24438909292221,0.0019140625,7.484162619440783,0.30754982888590365,0.8184022307395935,3,0.1815977692604065,motion_blur_zoom0.1,motion_blur,0.1,3
be448414-11891b58.jpg,9.970426018268677,0.002896050347222222,7.371956793375066,0.24362211740186016,0.4446233808994293,3,0.5553766191005707,motion_blur_zoom0.1,motion_blur,0.1,3
be8590fa-9ab10ced.jpg,12.19541665950351,0.008225911458333334,7.2847343967947715,0.27942368461563033,0.5993204712867737,3,0.4006795287132263,motion_blur_zoom0.1,motion_blur,0.1,3
beaa0c22-9f7d6767.jpg,24.693990315077038,0.0013585069444444445,7.142010144180064,0.4240042313812572,0.07563328742980957,0,0.9243667125701904,motion_blur_zoom0.1,motion_blur,0.1,3
beb87fd7-6120b637.jpg,48.41455806203653,0.011688368055555556,7.526772956390625,0.3503188507970551,0.7098497152328491,5,0.2901502847671509,motion_blur_zoom0.1,motion_blur,0.1,3
bed001a8-2339fb95.jpg,13.941737018018886,0.0,7.184902427736523,0.21688208845332224,0.7956058382987976,1,0.2043941617012024,motion_blur_zoom0.1,motion_blur,0.1,3
bee1f0a4-22dbabcd.jpg,26.84055896965193,0.0007150607638888889,7.441675765559545,0.37759247381919264,0.3116128146648407,2,0.6883871853351593,motion_blur_zoom0.1,motion_blur,0.1,3
bfaca2bb-f1c305a8.jpg,39.98246738671196,0.0,7.54452369846908,0.4366520499517315,0.76140958070755,4,0.23859041929244995,motion_blur_zoom0.1,motion_blur,0.1,3
bfd64d5f-a12327b4.jpg,14.904342978148994,0.027555338541666665,7.440783247344996,0.3155041139199122,0.944023609161377,7,0.05597639083862305,motion_blur_zoom0.1,motion_blur,0.1,3
bfd64d5f-d141be33.jpg,20.07252711806003,0.017045355902777778,7.179907321351552,0.315917740383961,0.684265673160553,6,0.315734326839447,motion_blur_zoom0.1,motion_blur,0.1,3
c022e075-de13593a.jpg,3.855284240152807,0.0,7.1573916335870384,0.18848482193831465,0.5951499938964844,1,0.4048500061035156,motion_blur_zoom0.1,motion_blur,0.1,3
c02d18db-023c1955.jpg,14.876196349344138,0.0014594184027777778,7.487866349717384,0.34154095511531485,0.8013666868209839,6,0.1986333131790161,motion_blur_zoom0.1,motion_blur,0.1,3
c036f281-a0c90e9a.jpg,14.721368222120077,0.0,7.356143501356722,0.3328161001414025,0.7943391799926758,3,0.20566082000732422,motion_blur_zoom0.1,motion_blur,0.1,3
c05767da-e6e016b5.jpg,15.978030223110574,0.000234375,7.512907261401062,0.2978665988907224,0.832497775554657,5,0.16750222444534302,motion_blur_zoom0.1,motion_blur,0.1,3
c0677163-8371743a.jpg,5.884587235509614,0.004338107638888889,7.431203597336449,0.2600731596018686,0.7953886985778809,5,0.20461130142211914,motion_blur_zoom0.1,motion_blur,0.1,3
c0c954a7-0c7fa0bb.jpg,13.973545127104535,0.0,7.604420907578991,0.3414237192160385,0.6303423047065735,4,0.3696576952934265,motion_blur_zoom0.1,motion_blur,0.1,3
c0e24bac-d541b20d.jpg,15.429209772311317,0.001787109375,7.2608330168298005,0.2288321826912101,0.7415910363197327,3,0.25840896368026733,motion_blur_zoom0.1,motion_blur,0.1,3
c0e74e90-9684bfc2.jpg,15.317836422897857,0.0,7.456034712713253,0.3297067309215661,0.45309072732925415,3,0.5469092726707458,motion_blur_zoom0.1,motion_blur,0.1,3
c11add12-bb59c2a1.jpg,27.877284558518735,0.004069010416666667,7.557915409111679,0.3963734372407418,0.9278402924537659,2,0.07215970754623413,motion_blur_zoom0.1,motion_blur,0.1,3
c1211833-1ba939db.jpg,12.480757744113307,0.00014214409722222222,7.632437669066805,0.277596853369625,0.6483210921287537,7,0.35167890787124634,motion_blur_zoom0.1,motion_blur,0.1,3
c12e6924-5860d30a.jpg,14.72800190941022,0.005730251736111111,7.554995330781127,0.25223428932695346,0.8602568507194519,5,0.1397431492805481,motion_blur_zoom0.1,motion_blur,0.1,3
c15c29a5-74788f46.jpg,28.03733583492586,0.0,7.495014089388616,0.40152430460564686,0.6825106739997864,2,0.3174893260002136,motion_blur_zoom0.1,motion_blur,0.1,3
c1757757-140fa8b6.jpg,12.013944182660847,0.00048177083333333335,7.431354334385395,0.28660375742936917,0.5216570496559143,3,0.4783429503440857,motion_blur_zoom0.1,motion_blur,0.1,3
c197a2a7-20f63536.jpg,36.99257403187222,0.0007693142361111111,7.311418384008351,0.45025869882852043,0.4385177195072174,1,0.5614822804927826,motion_blur_zoom0.1,motion_blur,0.1,3
c197a2a7-5b960a7f.jpg,18.141904643419057,0.003841145833333333,7.076594916757373,0.33009782077585115,0.3562620282173157,2,0.6437379717826843,motion_blur_zoom0.1,motion_blur,0.1,3
c1a07cae-73529cf4.jpg,16.063936606847495,0.00042100694444444444,7.415535368755128,0.29163625068238347,0.07587068527936935,0,0.9241293147206306,motion_blur_zoom0.1,motion_blur,0.1,3
c1b3582d-7a6b9124.jpg,14.108474939811375,0.0,7.663690429284041,0.3570311182263029,0.43470290303230286,2,0.5652970969676971,motion_blur_zoom0.1,motion_blur,0.1,3
c1b3582d-b9c87c82.jpg,11.873811066915964,0.0,7.516534866079477,0.31937471973621484,0.09572718292474747,0,0.9042728170752525,motion_blur_zoom0.1,motion_blur,0.1,3
c1b5a91c-9e402e78.jpg,5.196543734231407,0.003693576388888889,7.391637346065883,0.21746986144736408,0.21350783109664917,0,0.7864921689033508,motion_blur_zoom0.1,motion_blur,0.1,3
c1bbc01a-42a391bd.jpg,20.07976866954168,0.002431640625,7.340439449091673,0.2809040439418325,0.7436025142669678,4,0.2563974857330322,motion_blur_zoom0.1,motion_blur,0.1,3
c1bd4140-1f2bd79e.jpg,13.016062584092875,5.099826388888889e-05,7.30985560309894,0.298140680488254,0.5261088013648987,4,0.4738911986351013,motion_blur_zoom0.1,motion_blur,0.1,3
c1fdd182-0431866d.jpg,14.679791019382003,0.0,7.312670216860528,0.323982204399037,0.238785520195961,0,0.761214479804039,motion_blur_zoom0.1,motion_blur,0.1,3
c242b4b8-0dab228f.jpg,6.715921694150381,0.0,7.504979741960644,0.2166182507693197,0.08959370851516724,0,0.9104062914848328,motion_blur_zoom0.1,motion_blur,0.1,3
c292800e-4290dbb9.jpg,29.914746885775347,0.004855685763888889,7.2559408306643105,0.30123138302121527,0.6776956915855408,2,0.32230430841445923,motion_blur_zoom0.1,motion_blur,0.1,3
c2987e05-cb9bfcee.jpg,19.781357147215626,0.0,7.517343999449635,0.3188140362023941,0.35207778215408325,1,0.6479222178459167,motion_blur_zoom0.1,motion_blur,0.1,3
c29d13ba-67447c50.jpg,6.857657940895175,0.00019639756944444444,7.647957849512965,0.22888681689669813,0.7527291774749756,3,0.24727082252502441,motion_blur_zoom0.1,motion_blur,0.1,3
c2b457e5-36e3ecee.jpg,18.494845410377586,0.004016927083333333,7.634886466384972,0.3283738839501815,0.37807780504226685,3,0.6219221949577332,motion_blur_zoom0.1,motion_blur,0.1,3
c2d051a0-31c90f75.jpg,28.743404926139934,0.01148220486111111,7.662025267005958,0.3215241204371223,0.5913188457489014,1,0.40868115425109863,motion_blur_zoom0.1,motion_blur,0.1,3
c2f88368-4292c1a0.jpg,15.506218516313293,0.0,7.619296071616413,0.3001309590656776,0.8983662724494934,6,0.10163372755050659,motion_blur_zoom0.1,motion_blur,0.1,3
c2f8b141-5ef7d661.jpg,27.800709525171904,0.00033203125,7.4286780806359625,0.40872395467635225,0.8096805810928345,2,0.19031941890716553,motion_blur_zoom0.1,motion_blur,0.1,3
c30226a9-f882478c.jpg,15.450716512749528,0.0013107638888888889,7.603180157770063,0.29974214563662127,0.4261781573295593,1,0.5738218426704407,motion_blur_zoom0.1,motion_blur,0.1,3
c3287e28-f6bcc9ef.jpg,11.314068053340911,0.0,7.59280324593752,0.3237094886566427,0.3757290542125702,2,0.6242709457874298,motion_blur_zoom0.1,motion_blur,0.1,3
c3436372-070af78a.jpg,17.897272802164526,0.00022026909722222223,7.671308053030431,0.38129143717325376,0.3267192542552948,1,0.6732807457447052,motion_blur_zoom0.1,motion_blur,0.1,3
c3436372-eb18934d.jpg,13.144213174597427,0.0,7.458866764536442,0.26287566670088064,0.08993323892354965,0,0.9100667610764503,motion_blur_zoom0.1,motion_blur,0.1,3
c352d9c5-d0019b8b.jpg,13.769913484350841,0.009908854166666667,7.679168429599677,0.2936513422947996,0.6007322072982788,2,0.3992677927017212,motion_blur_zoom0.1,motion_blur,0.1,3
c3668a3d-22233f64.jpg,15.708370116886096,0.00037000868055555555,7.3615816081320204,0.2701083249374017,0.3916606307029724,1,0.6083393692970276,motion_blur_zoom0.1,motion_blur,0.1,3
c366973d-c03525b0.jpg,25.635800683476003,0.0,7.487830495633284,0.3578959321706735,0.8813021779060364,3,0.11869782209396362,motion_blur_zoom0.1,motion_blur,0.1,3
c3804a06-26cf84ff.jpg,38.12585404251945,0.00030164930555555555,7.350397653072974,0.4807489106987645,0.8119569420814514,4,0.18804305791854858,motion_blur_zoom0.1,motion_blur,0.1,3
c389631f-a4b2d909.jpg,18.73593379050243,0.0,7.489661732214417,0.3688498627284967,0.1940324604511261,0,0.8059675395488739,motion_blur_zoom0.1,motion_blur,0.1,3
c389631f-b7bb20cb.jpg,24.297633302889928,0.0,7.417025775078695,0.34799234421335734,0.342731773853302,2,0.657268226146698,motion_blur_zoom0.1,motion_blur,0.1,3
c39ddb2c-db949106.jpg,16.977951978046516,1.8446180555555556e-05,7.254225278832154,0.25837562930885155,0.8877921104431152,11,0.11220788955688477,motion_blur_zoom0.1,motion_blur,0.1,3
c3c28990-04db5664.jpg,14.532882669659605,0.0,7.377590174580002,0.30835067528134874,0.44650131464004517,2,0.5534986853599548,motion_blur_zoom0.1,motion_blur,0.1,3
c3e87419-dd6f2321.jpg,2.6539685804390625,0.0137890625,7.327918992629517,0.20282857730414597,0.5937592387199402,1,0.4062407612800598,motion_blur_zoom0.1,motion_blur,0.1,3
c41203a6-f2bee3f0.jpg,18.5131846264015,0.0023079427083333333,7.622234855183038,0.3535937161310156,0.3811821937561035,2,0.6188178062438965,motion_blur_zoom0.1,motion_blur,0.1,3
c414ea72-128822b2.jpg,22.558927460365513,4.340277777777778e-06,7.341611766865597,0.30602712805044824,0.7746824622154236,3,0.22531753778457642,motion_blur_zoom0.1,motion_blur,0.1,3
c43052f6-d90711e9.jpg,24.470772792557135,0.0,7.544354851842273,0.39593704652440637,0.7915462851524353,8,0.2084537148475647,motion_blur_zoom0.1,motion_blur,0.1,3
c43c290b-61f94939.jpg,19.27348967081235,0.0008387586805555556,7.403838108456483,0.23594123103781456,0.7835679650306702,5,0.21643203496932983,motion_blur_zoom0.1,motion_blur,0.1,3
c4a9c191-20e1a3c3.jpg,9.540079368957475,0.06981119791666666,7.271051174218069,0.2656276371598163,0.6343911290168762,2,0.3656088709831238,motion_blur_zoom0.1,motion_blur,0.1,3
c4d83625-8af1c66e.jpg,12.7798417676184,0.0,7.174448983456739,0.3143597549574612,0.5777687430381775,6,0.4222312569618225,motion_blur_zoom0.1,motion_blur,0.1,3
c4f65761-92ca62d4.jpg,14.873987594970657,0.006286892361111111,7.476370456357312,0.3051028994076094,0.8121864199638367,2,0.18781358003616333,motion_blur_zoom0.1,motion_blur,0.1,3
c5578df5-1318c8a5.jpg,22.52404508293527,0.01727864583333333,7.650034713103141,0.3461470739229998,0.5610870122909546,2,0.4389129877090454,motion_blur_zoom0.1,motion_blur,0.1,3
c5584f14-7fcc4797.jpg,1.978307069900889,0.12971788194444445,7.021319788896441,0.17394415579020364,0.1211971566081047,0,0.8788028433918953,motion_blur_zoom0.1,motion_blur,0.1,3
c55ab634-b93da9ef.jpg,24.069182848413504,0.0,7.5646892256366165,0.3284699490948313,0.5896680951118469,4,0.4103319048881531,motion_blur_zoom0.1,motion_blur,0.1,3
c563b8a0-c21b10e8.jpg,22.570029282368555,0.0001540798611111111,7.564381508071498,0.3444905192840988,0.6630586385726929,6,0.33694136142730713,motion_blur_zoom0.1,motion_blur,0.1,3
c564c92b-2f727c05.jpg,16.892701532150795,0.015516493055555556,7.565545239821694,0.29888393332541374,0.7140387296676636,3,0.2859612703323364,motion_blur_zoom0.1,motion_blur,0.1,3
c5b2506d-1241a008.jpg,17.927723498516315,0.015975477430555555,7.36913756415446,0.3303942113406236,0.8683308959007263,5,0.13166910409927368,motion_blur_zoom0.1,motion_blur,0.1,3
c5b7db86-88bceca0.jpg,33.98484386222628,0.0003591579861111111,7.515180901724472,0.45247047358069337,0.8436905741691589,4,0.15630942583084106,motion_blur_zoom0.1,motion_blur,0.1,3
c5b80ec1-6efedb0e.jpg,26.115968608262794,0.0007476128472222222,7.1688528658804165,0.28707429452413463,0.0615231953561306,0,0.9384768046438694,motion_blur_zoom0.1,motion_blur,0.1,3
c5c9ead6-dab2dae6.jpg,8.040400848270933,0.0020377604166666665,7.6926977407298125,0.27067970766979715,0.4333174526691437,3,0.5666825473308563,motion_blur_zoom0.1,motion_blur,0.1,3
c5dd7de4-53608747.jpg,12.005853001870046,0.0009027777777777777,7.346158685971256,0.24162205019595326,0.6658363342285156,2,0.3341636657714844,motion_blur_zoom0.1,motion_blur,0.1,3
c5e8ab3b-6e92761c.jpg,4.301338975652059,0.0,6.93234900222568,0.17259514619969551,0.8256848454475403,2,0.17431515455245972,motion_blur_zoom0.1,motion_blur,0.1,3
c5f2e071-fcf05969.jpg,16.095659528148314,0.0,7.329302803867968,0.21907200952329997,0.8667447566986084,2,0.1332552433013916,motion_blur_zoom0.1,motion_blur,0.1,3
c640ffda-035e5b98.jpg,9.106297610378265,0.0,7.626277962295639,0.2805773769215188,0.821622908115387,4,0.17837709188461304,motion_blur_zoom0.1,motion_blur,0.1,3
c675081b-df5291b4.jpg,14.886633379783163,0.0,7.154952656521715,0.2676547938259443,0.8340926170349121,6,0.1659073829650879,motion_blur_zoom0.1,motion_blur,0.1,3
c6758a15-46130d04.jpg,14.925195305336846,0.0,7.6244354534883865,0.28640001737140347,0.8299017548561096,3,0.17009824514389038,motion_blur_zoom0.1,motion_blur,0.1,3
c685aea9-2f9e84d2.jpg,36.395408492616966,6.510416666666667e-05,7.384310724125726,0.3716915243414418,0.26686039566993713,1,0.7331396043300629,motion_blur_zoom0.1,motion_blur,0.1,3
c71de7ef-ad5d9110.jpg,27.409857373413054,0.0,7.532609844094003,0.3512209981151759,0.9242540001869202,4,0.07574599981307983,motion_blur_zoom0.1,motion_blur,0.1,3
c734eb0a-9d6807cb.jpg,5.2503102031943225,0.0,7.030375778654907,0.19156960576568144,0.9216861128807068,4,0.07831388711929321,motion_blur_zoom0.1,motion_blur,0.1,3
c737e602-e8793fdc.jpg,22.31301149403136,0.00022352430555555556,7.362537780151834,0.29565345828341233,0.853044867515564,4,0.14695513248443604,motion_blur_zoom0.1,motion_blur,0.1,3
c7fee392-08329b19.jpg,19.796377514308183,0.0,7.484494625560809,0.3317404892208573,0.4684348702430725,3,0.5315651297569275,motion_blur_zoom0.1,motion_blur,0.1,3
c80cf60a-9a7aabc6.jpg,11.777248397402115,0.023479817708333333,7.56464688065372,0.2438399712962436,0.904077410697937,8,0.09592258930206299,motion_blur_zoom0.1,motion_blur,0.1,3
c8152bfa-28181ba4.jpg,29.599052691470256,0.0,7.2108425135721,0.3779551083581193,0.8592617511749268,4,0.14073824882507324,motion_blur_zoom0.1,motion_blur,0.1,3
c85ca3b9-72a968aa.jpg,6.602939366657351,0.0,7.490010943709624,0.25548934976142457,0.8457179665565491,2,0.15428203344345093,motion_blur_zoom0.1,motion_blur,0.1,3
c8792c3c-a42cb3f6.jpg,15.240516399425927,0.0,7.277203991935816,0.28607585441884126,0.7273495197296143,4,0.27265048027038574,motion_blur_zoom0.1,motion_blur,0.1,3
c88b26c5-0a03ff8e.jpg,15.475954637296695,0.0,7.4016297799625335,0.3406845639442903,0.42055031657218933,1,0.5794496834278107,motion_blur_zoom0.1,motion_blur,0.1,3
c897cc2b-2a1bc9f0.jpg,7.924441517012799,0.0038302951388888887,7.093780286774239,0.24920345677750613,0.40815049409866333,3,0.5918495059013367,motion_blur_zoom0.1,motion_blur,0.1,3
c8a5a379-cb506f54.jpg,21.852321887428385,0.0,7.2030516482347515,0.3076752599160032,0.6468600630760193,4,0.3531399369239807,motion_blur_zoom0.1,motion_blur,0.1,3
c8a830e0-95b22cac.jpg,19.47545928827804,0.0,7.5949443038495845,0.32673053257760676,0.7356135845184326,2,0.2643864154815674,motion_blur_zoom0.1,motion_blur,0.1,3
c8bad943-c78f2df3.jpg,20.023884382176107,0.00028211805555555553,7.329357615047154,0.1837450769697069,0.6114954948425293,5,0.3885045051574707,motion_blur_zoom0.1,motion_blur,0.1,3
c8e8f29f-09ac075a.jpg,12.096794765037961,0.0,7.182362053518101,0.2306483147386407,0.7148045897483826,4,0.28519541025161743,motion_blur_zoom0.1,motion_blur,0.1,3
c8ef1a34-e7c66c0c.jpg,9.01417316837546,0.01911349826388889,7.019376398035028,0.20223511324703247,0.8516235947608948,3,0.14837640523910522,motion_blur_zoom0.1,motion_blur,0.1,3
c90b5398-63556b1c.jpg,14.864776473617555,0.0005392795138888888,7.390526687482335,0.31246258217189005,0.6845660209655762,1,0.31543397903442383,motion_blur_zoom0.1,motion_blur,0.1,3
c911f50f-e7958776.jpg,43.06312498775059,0.0,7.342299385549035,0.4223098880835603,0.8146138191223145,5,0.18538618087768555,motion_blur_zoom0.1,motion_blur,0.1,3
c91a3cef-e63379c7.jpg,12.392488853443997,1.8446180555555556e-05,7.6119816602856085,0.22545442293691387,0.8251035213470459,4,0.1748964786529541,motion_blur_zoom0.1,motion_blur,0.1,3
c9240f77-08db8836.jpg,9.205691554312057,1.3020833333333334e-05,7.696925259339974,0.25840249112654984,0.7695923447608948,4,0.23040765523910522,motion_blur_zoom0.1,motion_blur,0.1,3
c927d51b-cb5b7850.jpg,15.908480902608236,0.0008181423611111111,7.381514202373457,0.30296624668798244,0.874577522277832,4,0.12542247772216797,motion_blur_zoom0.1,motion_blur,0.1,3
c928749e-62bc39dd.jpg,7.711886836062539,0.005020616319444444,7.195285673866376,0.262499373610582,0.9100046753883362,2,0.08999532461166382,motion_blur_zoom0.1,motion_blur,0.1,3
c9375798-85c143f7.jpg,12.724254745441016,0.0010188802083333332,7.560297329336308,0.30235502651408536,0.8025097846984863,4,0.19749021530151367,motion_blur_zoom0.1,motion_blur,0.1,3
c9403737-55c6220f.jpg,9.854303335453555,0.0,6.910367087190785,0.17875333172828572,,0,0.0,motion_blur_zoom0.1,motion_blur,0.1,3
c9403737-9675db60.jpg,24.342796172529383,0.0016937934027777778,7.570105649037068,0.3769887658485501,0.8223796486854553,5,0.17762035131454468,motion_blur_zoom0.1,motion_blur,0.1,3
c9403737-bf414a95.jpg,3.5617955060876456,0.0,7.134658179294307,0.1383668164614572,,0,0.0,motion_blur_zoom0.1,motion_blur,0.1,3
c96109b8-caf84a36.jpg,24.513935207771965,5.5338541666666664e-05,7.2568865485850065,0.41056194040597804,0.7765493392944336,5,0.2234506607055664,motion_blur_zoom0.1,motion_blur,0.1,3
c992d89e-45d612c4.jpg,10.759041301810889,4.557291666666667e-05,7.624510372389333,0.2713694645140833,0.6919525265693665,2,0.30804747343063354,motion_blur_zoom0.1,motion_blur,0.1,3
c9a9a2a9-57519e11.jpg,34.012421860230994,0.0012087673611111112,7.629119203743471,0.3830609025034967,0.8997941613197327,3,0.10020583868026733,motion_blur_zoom0.1,motion_blur,0.1,3
c9b29647-95da8336.jpg,7.300023623953926,0.0,6.90784183389359,0.15611428282919154,0.09249331802129745,0,0.9075066819787025,motion_blur_zoom0.1,motion_blur,0.1,3
c9b82f4e-fd73af29.jpg,39.3189039134261,1.0850694444444445e-05,7.478817539930516,0.5596550449023917,0.6638107299804688,3,0.33618927001953125,motion_blur_zoom0.1,motion_blur,0.1,3
c9c31e57-45b42452.jpg,30.057814378145018,0.0,7.610266053800255,0.40013887221148003,0.4277968108654022,2,0.5722031891345978,motion_blur_zoom0.1,motion_blur,0.1,3
c9fb1a4c-0bd0ea9d.jpg,19.76076049757593,0.0,7.38761174435926,0.33664072216808605,0.2689562439918518,1,0.7310437560081482,motion_blur_zoom0.1,motion_blur,0.1,3
ca009e13-fdb666f6.jpg,20.280112828530214,1.0850694444444444e-06,7.6829036357810665,0.3548553109927429,0.47330841422080994,3,0.5266915857791901,motion_blur_zoom0.1,motion_blur,0.1,3
ca2c7c84-5902ee09.jpg,17.878763585237813,0.011340060763888889,7.136517903528852,0.27295431175828133,0.7943000793457031,5,0.20569992065429688,motion_blur_zoom0.1,motion_blur,0.1,3
b1d7b3ac-36f2d3b7.jpg,3704.1711566922745,0.003002387152777778,7.615870967969472,13.330278561332491,0.7811684608459473,3,0.21883153915405273,noise_sigma20.4,noise,20.4,1
b20d494a-cdebe83e.jpg,3587.4465288250663,0.012063802083333333,7.69285571428116,13.303045231036903,0.45418018102645874,1,0.5458198189735413,noise_sigma20.4,noise,20.4,1
b231a630-c4522992.jpg,3906.7357778862097,0.005458984375,7.630178183986247,13.740881477392586,0.8919225931167603,7,0.10807740688323975,noise_sigma20.4,noise,20.4,1
b25fdb41-4644e3f7.jpg,4685.250586921171,0.020571831597222222,7.654667933458052,13.855281178476545,0.8851040601730347,5,0.11489593982696533,noise_sigma20.4,noise,20.4,1
b27d5dcb-856c0b43.jpg,3819.433279935953,0.016694878472222223,7.826423139823528,13.417588346910266,0.7529825568199158,7,0.24701744318008423,noise_sigma20.4,noise,20.4,1
b2afce7f-0cb9967a.jpg,4099.122945499844,0.006024305555555555,7.744220787920769,13.904878793146128,0.5678001642227173,4,0.4321998357772827,noise_sigma20.4,noise,20.4,1
b2e431b6-332c438d.jpg,3596.9721557599796,0.026946614583333334,7.246207033848847,13.14139604790673,0.8336145281791687,3,0.1663854718208313,noise_sigma20.4,noise,20.4,1
b2f4a409-5ddff11a.jpg,3746.8767238654987,0.025533854166666668,7.47195862272978,13.337753886498389,0.47243696451187134,5,0.5275630354881287,noise_sigma20.4,noise,20.4,1
b2fbf86d-d5de82a4.jpg,4189.031754553984,0.002726779513888889,7.640942968393486,13.783232775274277,0.8458901643753052,13,0.15410983562469482,noise_sigma20.4,noise,20.4,1
b3110036-a32dc26e.jpg,4246.8819249063945,0.011043836805555556,7.792815426338105,13.79388963233976,0.8849796652793884,5,0.11502033472061157,noise_sigma20.4,noise,20.4,1
b3826fd8-774c2e0a.jpg,3743.380430763509,0.03606011284722222,7.504390473632775,13.363632516140399,0.7941265106201172,14,0.2058734893798828,noise_sigma20.4,noise,20.4,1
b3875c8d-cc4081eb.jpg,3857.7825920503305,0.019114583333333334,7.7215655465278275,13.385244214333797,0.8885923624038696,6,0.11140763759613037,noise_sigma20.4,noise,20.4,1
b3a3d166-3a6a258d.jpg,3882.72279336237,0.0008127170138888889,7.712098515679202,13.792067126301689,0.8609651327133179,2,0.13903486728668213,noise_sigma20.4,noise,20.4,1
b3c26aff-417063a0.jpg,3897.2532682445085,0.01623046875,7.668313628204502,13.475888279944,0.8153331279754639,6,0.18466687202453613,noise_sigma20.4,noise,20.4,1
b3f3c908-baffb699.jpg,4311.084620996094,0.024074435763888888,7.591931319280874,13.61306816829123,0.6879155039787292,4,0.31208449602127075,noise_sigma20.4,noise,20.4,1
b4110365-9ae12ee1.jpg,3891.152075642987,0.009024522569444445,7.614355310858494,13.703964234174247,0.8396886587142944,3,0.16031134128570557,noise_sigma20.4,noise,20.4,1
b4543c78-db967acc.jpg,4187.115308112628,0.0060568576388888885,7.756625097192393,13.873055506661977,0.7656850218772888,2,0.23431497812271118,noise_sigma20.4,noise,20.4,1
b46478b0-167fe009.jpg,3734.521275703412,0.013816189236111111,7.851760654919737,13.574151996079598,0.3091566264629364,1,0.6908433735370636,noise_sigma20.4,noise,20.4,1
b46478b0-1eb55806.jpg,3753.3409851560195,0.02336697048611111,7.828075570184678,13.446966980341353,0.8410924673080444,16,0.15890753269195557,noise_sigma20.4,noise,20.4,1
b472aeb8-f6353af9.jpg,4156.037623157471,0.007947048611111111,7.48821390216192,13.871179732273555,0.6425656676292419,6,0.35743433237075806,noise_sigma20.4,noise,20.4,1
b47f85d4-c6562257.jpg,3886.577967239868,0.01613498263888889,7.821400666285598,13.522156850359181,0.857828676700592,3,0.14217132329940796,noise_sigma20.4,noise,20.4,1
b48c7b5f-cec3fed8.jpg,3887.3332204056305,0.004645182291666667,7.721882170992774,13.634725167346676,0.8299360871315002,10,0.17006391286849976,noise_sigma20.4,noise,20.4,1
b49698d7-1999d598.jpg,3883.4524745682133,0.006000434027777778,7.713347806457385,13.763256005680109,0.8001183271408081,7,0.1998816728591919,noise_sigma20.4,noise,20.4,1
b4b1aa64-e3cbad0f.jpg,4168.768773064338,0.011270616319444444,7.7062284312464175,13.706277765134141,0.8579047322273254,16,0.14209526777267456,noise_sigma20.4,noise,20.4,1
b4ef573f-5122732a.jpg,4102.8110823833285,0.0004926215277777778,7.614236638020362,13.96330802713285,0.709650456905365,6,0.290349543094635,noise_sigma20.4,noise,20.4,1
b4f2a76c-3ce3d91e.jpg,3913.7168093578007,0.007209201388888889,7.752842115925335,13.623884375122719,0.8734514117240906,7,0.12654858827590942,noise_sigma20.4,noise,20.4,1
b4f49565-abd6b20b.jpg,4051.9429976391775,0.013726128472222222,7.814148037208768,13.575000192119798,0.6786960363388062,7,0.32130396366119385,noise_sigma20.4,noise,20.4,1
b5032e1d-d2f24352.jpg,4111.440555053257,0.011884765625,7.698336049090575,13.767465571212961,0.8646307587623596,11,0.13536924123764038,noise_sigma20.4,noise,20.4,1
b54735e3-4c968f67.jpg,3601.7399239207894,0.011088324652777778,7.151790221453332,13.06292880848719,0.938981294631958,9,0.06101870536804199,noise_sigma20.4,noise,20.4,1
b54a8089-d1989d8f.jpg,3889.531068339011,0.012990451388888888,7.546230904236465,13.45419303694471,0.9014989137649536,13,0.09850108623504639,noise_sigma20.4,noise,20.4,1
b565c328-1e663060.jpg,3949.2295777228037,0.012660590277777778,7.75000194363323,13.601328871029516,0.838525652885437,8,0.161474347114563,noise_sigma20.4,noise,20.4,1
b5961057-5e258e5e.jpg,4261.895572167288,0.008838975694444445,7.783205740359955,13.750844252405848,0.896556556224823,11,0.103443443775177,noise_sigma20.4,noise,20.4,1
b59d9baf-5fe6c3c0.jpg,4017.300601859621,0.013768446180555555,7.802647422086465,13.772696568745914,0.6703357100486755,14,0.32966428995132446,noise_sigma20.4,noise,20.4,1
b5a52ea9-2e1f4066.jpg,3909.2042560347954,0.004696180555555556,7.640137999533625,13.795839390548114,0.8543272018432617,3,0.14567279815673828,noise_sigma20.4,noise,20.4,1
b5b2f593-25b7b157.jpg,3851.261451280803,0.03233181423611111,7.804175463782572,13.315415781014526,0.8480064868927002,6,0.1519935131072998,noise_sigma20.4,noise,20.4,1
b5b44d2d-60f87448.jpg,3941.8021653293085,0.011212022569444445,7.793915393020296,13.636843608664474,0.8719484806060791,13,0.1280515193939209,noise_sigma20.4,noise,20.4,1
b5c30297-f0b3279b.jpg,3919.660497091335,0.0035850694444444445,7.741834319075288,13.575540615469084,0.8377072811126709,8,0.1622927188873291,noise_sigma20.4,noise,20.4,1
b690e7dd-1a1d38d1.jpg,4288.449847444179,0.01802951388888889,7.6655375961265815,13.698762602526742,0.9068373441696167,7,0.0931626558303833,noise_sigma20.4,noise,20.4,1
b72812e8-c636249b.jpg,3887.940484082934,0.03159939236111111,7.7017852558363895,13.308054049467538,0.9540984034538269,9,0.045901596546173096,noise_sigma20.4,noise,20.4,1
b72b3974-9667b29a.jpg,4220.299337580306,0.012415364583333333,7.619980682462639,13.811105553416601,0.7580921649932861,20,0.24190783500671387,noise_sigma20.4,noise,20.4,1
b736c477-fb345fa9.jpg,3811.75042424966,0.03132052951388889,7.74446940054669,13.46313529052796,0.5503173470497131,3,0.44968265295028687,noise_sigma20.4,noise,20.4,1
b73a793e-ebf5917d.jpg,4833.759973478188,0.022942708333333332,7.844482916449577,13.909618993399782,0.7167739868164062,11,0.28322601318359375,noise_sigma20.4,noise,20.4,1
b7404583-b504d500.jpg,3946.889575629753,0.014048394097222222,7.687517113305202,13.714023301974681,0.8759189248085022,10,0.1240810751914978,noise_sigma20.4,noise,20.4,1
b74111eb-d21a119b.jpg,4275.26960583492,0.009640842013888888,7.798922430925884,13.658440737736408,0.8884294629096985,19,0.11157053709030151,noise_sigma20.4,noise,20.4,1
b747b30e-991436c7.jpg,3999.137202190465,0.00396484375,7.551074691137168,13.821521109407843,0.6631730198860168,6,0.33682698011398315,noise_sigma20.4,noise,20.4,1
b784ff27-baf00daa.jpg,4132.510516142437,0.000517578125,7.571523509989062,13.727369072520265,0.8641411662101746,7,0.13585883378982544,noise_sigma20.4,noise,20.4,1
b79307e6-6cfc1c5b.jpg,4044.160967933314,0.005088975694444445,7.791524864447878,13.836342686429171,0.8974148631095886,4,0.10258513689041138,noise_sigma20.4,noise,20.4,1
b7d9a95e-f9901594.jpg,4311.241273836825,0.010240885416666666,7.58864624087277,13.825276755750098,0.9030632972717285,11,0.09693670272827148,noise_sigma20.4,noise,20.4,1
b7eb6c3d-e1598570.jpg,3885.332887576775,0.027771267361111112,7.85247569620402,13.45917590412774,0.8896428346633911,6,0.11035716533660889,noise_sigma20.4,noise,20.4,1
b7ec8e2f-b673fc33.jpg,3969.8551785868303,0.00030598958333333335,7.456470418284004,13.831294941127126,0.3728894591331482,1,0.6271105408668518,noise_sigma20.4,noise,20.4,1
b7f452e4-1e8b6f3a.jpg,3805.177325006263,0.008590494791666667,7.793387598614293,13.59635169490956,0.36889782547950745,2,0.6311021745204926,noise_sigma20.4,noise,20.4,1
b7fd2970-e46faf78.jpg,4022.1863636414696,0.009827473958333333,7.784845348365662,13.800353997061606,0.9008045196533203,10,0.09919548034667969,noise_sigma20.4,noise,20.4,1
b89bf84d-d2c2e5a7.jpg,4260.48269384613,0.010291883680555556,7.820278584669026,13.795017828683086,0.8521865010261536,14,0.14781349897384644,noise_sigma20.4,noise,20.4,1
b8b15e54-2ccd7fd0.jpg,3951.6302524367356,0.007379557291666667,7.791957667631692,13.641685109840804,0.8888676166534424,14,0.11113238334655762,noise_sigma20.4,noise,20.4,1
b8c7c957-84df8251.jpg,3782.592312855164,0.0043174913194444445,7.746672467665258,13.683912342547533,0.8022510409355164,5,0.19774895906448364,noise_sigma20.4,noise,20.4,1
b8ca6c5d-22de751a.jpg,3859.9392981850415,0.012547743055555555,7.52427634836456,13.337591805022107,0.8496606945991516,6,0.1503393054008484,noise_sigma20.4,noise,20.4,1
b8e63e55-369d821c.jpg,3676.2976152611213,0.02822265625,7.494446830293185,13.251201922879238,0.8904359936714172,10,0.10956400632858276,noise_sigma20.4,noise,20.4,1
b919f6f7-9c71d913.jpg,4126.36845859386,0.014602864583333333,7.814339743992651,13.603046661507069,0.1438378542661667,0,0.8561621457338333,noise_sigma20.4,noise,20.4,1
b94daedc-7045933e.jpg,3603.39817021269,0.05653211805555555,7.589661319634903,13.106318611558198,0.8598828911781311,3,0.1401171088218689,noise_sigma20.4,noise,20.4,1
b94f6bc8-32f10d36.jpg,4007.602470787472,0.008410373263888889,7.758146356668046,13.641366182666268,0.8805614709854126,7,0.1194385290145874,noise_sigma20.4,noise,20.4,1
b9597719-09a2458c.jpg,3913.7376929982447,0.00302734375,7.695300088305399,13.741763819811219,0.7662432193756104,2,0.23375678062438965,noise_sigma20.4,noise,20.4,1
b9c2521e-2db68bde.jpg,4013.8063303019067,0.003511284722222222,7.611037407573317,13.761297369413365,0.824407696723938,9,0.175592303276062,noise_sigma20.4,noise,20.4,1
b9e4cb3d-975f9d1d.jpg,4235.010319965202,0.008365885416666666,7.653891251074494,13.808126395719844,0.8425249457359314,3,0.1574750542640686,noise_sigma20.4,noise,20.4,1
b9e4cb3d-98ed4484.jpg,3909.1883426987815,0.0008854166666666666,7.707835440134432,13.81294536028641,0.7124958038330078,5,0.2875041961669922,noise_sigma20.4,noise,20.4,1
ba122c97-403fd75d.jpg,4181.23134393077,0.0005349392361111111,7.455170241814548,14.053025587674986,0.8824440836906433,9,0.11755591630935669,noise_sigma20.4,noise,20.4,1
ba41a907-1793986f.jpg,3908.3678314377353,0.005144314236111111,7.775306495480754,13.56421813166674,0.6784523725509644,6,0.32154762744903564,noise_sigma20.4,noise,20.4,1
ba4bcdc5-3d4f7a56.jpg,3806.1737521610207,0.02758355034722222,7.773650070987254,13.47107933164844,0.8824410438537598,7,0.11755895614624023,noise_sigma20.4,noise,20.4,1
ba4d05f6-24c9c3cf.jpg,3582.5253341988996,0.03947916666666667,7.687420990867883,13.116772866778328,0.8053379654884338,8,0.19466203451156616,noise_sigma20.4,noise,20.4,1
bab692c9-3cd892ff.jpg,4334.792647935084,0.0034375,7.775542340531167,13.950317834207985,0.7667924165725708,9,0.2332075834274292,noise_sigma20.4,noise,20.4,1
bab692c9-a16f15b4.jpg,4321.952328549911,0.015257161458333333,7.671582612354053,13.571595115262758,0.9005560278892517,15,0.09944397211074829,noise_sigma20.4,noise,20.4,1
bae5905c-b009aff3.jpg,4408.3614583327635,0.006426866319444445,7.771823446154037,13.848148910592608,0.7657341957092285,8,0.23426580429077148,noise_sigma20.4,noise,20.4,1
baf870f0-a1a64cd6.jpg,4009.1639630566997,0.018104383680555555,7.827303758679482,13.643387875911847,0.8064810633659363,8,0.19351893663406372,noise_sigma20.4,noise,20.4,1
bb051d4e-49d5fed8.jpg,3998.7911619026754,0.024665798611111112,7.714356933006145,13.581089857249006,0.7871764302253723,5,0.21282356977462769,noise_sigma20.4,noise,20.4,1
bb4abf02-01cd2796.jpg,4067.2453551981193,0.006263020833333333,7.723431840333339,13.788881041551646,0.786296546459198,5,0.213703453540802,noise_sigma20.4,noise,20.4,1
bb725082-6cfb3269.jpg,3820.9546841931656,0.012186414930555556,7.730714800874799,13.526977863708453,0.909711480140686,6,0.09028851985931396,noise_sigma20.4,noise,20.4,1
bb76c63a-f232154d.jpg,4358.994163216428,0.020200737847222223,7.676990187899611,13.70445844609139,0.9338304400444031,4,0.06616955995559692,noise_sigma20.4,noise,20.4,1
bb9071ac-8e2bc8fe.jpg,3861.758692322427,0.010233289930555556,7.779241776666721,13.640462897135532,0.8638095855712891,7,0.13619041442871094,noise_sigma20.4,noise,20.4,1
bb9f498e-5ea84006.jpg,4241.876930174735,0.0071994357638888885,7.679515097235415,13.816578990236406,0.7756425142288208,10,0.2243574857711792,noise_sigma20.4,noise,20.4,1
bb9f498e-62cc407e.jpg,4302.114894124631,0.02005425347222222,7.823512019232048,13.647878807602961,0.8669739961624146,8,0.13302600383758545,noise_sigma20.4,noise,20.4,1
bbb1289a-b49fe5de.jpg,3719.3377314766767,0.013989800347222222,7.614630446906746,13.464502511520298,0.8672361373901367,9,0.13276386260986328,noise_sigma20.4,noise,20.4,1
bc24f222-f198b643.jpg,3983.6009265837447,0.002541232638888889,7.789330234536308,13.783503897519012,0.857302725315094,1,0.142697274684906,noise_sigma20.4,noise,20.4,1
bc5fadac-96776d48.jpg,3905.889597291829,0.004225260416666667,7.486958715765587,13.80708584174782,0.3643566966056824,2,0.6356433033943176,noise_sigma20.4,noise,20.4,1
bc5fadac-fa6dd225.jpg,3905.670491536457,0.001550564236111111,7.735680484946023,13.803453805295481,0.2300209403038025,0,0.7699790596961975,noise_sigma20.4,noise,20.4,1
bcaa771b-806e4fcd.jpg,4116.403927448131,0.0018435329861111111,7.679266979807241,13.864106196160519,0.6511815786361694,2,0.34881842136383057,noise_sigma20.4,noise,20.4,1
bcaf57de-8a71dbde.jpg,4159.620154238608,0.001174045138888889,7.682830681414132,13.82682290376541,0.7555362582206726,10,0.2444637417793274,noise_sigma20.4,noise,20.4,1
bcfdd6af-c3d0b55a.jpg,3879.135305546218,0.013756510416666666,7.801198663751286,13.648497084695068,0.8465256690979004,3,0.1534743309020996,noise_sigma20.4,noise,20.4,1
bd338426-4b27de63.jpg,4037.577980484909,0.008531901041666666,7.727511953347479,13.815282110783636,0.6677006483078003,5,0.3322993516921997,noise_sigma20.4,noise,20.4,1
bd5d35a0-1357b0da.jpg,3913.525114465068,0.005151909722222223,7.622224160933374,13.717923728961479,0.5051105618476868,1,0.49488943815231323,noise_sigma20.4,noise,20.4,1
bd8f4dfa-4e126a95.jpg,4086.8220040349297,0.003100043402777778,7.765629776525315,13.763466119728715,0.14650292694568634,0,0.8534970730543137,noise_sigma20.4,noise,20.4,1
bdfc0f1d-375eba4a.jpg,4059.197068063989,0.0006521267361111111,7.625818779388461,13.901070106096046,0.7659645676612854,3,0.2340354323387146,noise_sigma20.4,noise,20.4,1
be047105-0662bd2d.jpg,3986.4627147419833,0.014940321180555556,7.7957498685088495,13.526156984770996,0.9116522073745728,7,0.08834779262542725,noise_sigma20.4,noise,20.4,1
be448414-11891b58.jpg,3907.156092939071,0.009688585069444445,7.643097478770022,13.767866222053206,0.7129702568054199,11,0.2870297431945801,noise_sigma20.4,noise,20.4,1
be8590fa-9ab10ced.jpg,3903.1758658082567,0.014759114583333333,7.588621547257287,13.60729264984358,0.7924019694328308,5,0.2075980305671692,noise_sigma20.4,noise,20.4,1
beaa0c22-9f7d6767.jpg,4434.192128969827,0.0030902777777777777,7.481610053854996,14.063890282363845,0.28572800755500793,1,0.7142719924449921,noise_sigma20.4,noise,20.4,1
beb87fd7-6120b637.jpg,4146.858880696604,0.025563151041666666,7.749769094467583,13.580679417780278,0.8720752596855164,7,0.12792474031448364,noise_sigma20.4,noise,20.4,1
bed001a8-2339fb95.jpg,3867.6338861451795,0.005942925347222222,7.580620584906047,13.635265590695962,0.8801044225692749,6,0.1198955774307251,noise_sigma20.4,noise,20.4,1
bee1f0a4-22dbabcd.jpg,4239.691776067465,0.009899088541666667,7.735680109365274,13.901861163863009,0.7676953077316284,2,0.23230469226837158,noise_sigma20.4,noise,20.4,1
bfaca2bb-f1c305a8.jpg,4522.954347610355,0.011673177083333333,7.786588219468301,13.837120996214853,0.8982929587364197,8,0.10170704126358032,noise_sigma20.4,noise,20.4,1
bfd64d5f-a12327b4.jpg,3853.2539159018606,0.026587456597222222,7.7368939577533276,13.49683253026035,0.9126149415969849,15,0.08738505840301514,noise_sigma20.4,noise,20.4,1
bfd64d5f-d141be33.jpg,4035.334443534902,0.022629123263888887,7.526108010213162,13.63391931281573,0.8618944883346558,15,0.13810551166534424,noise_sigma20.4,noise,20.4,1
c022e075-de13593a.jpg,3646.3477809205697,0.011995442708333333,7.620746468484061,13.475571856837215,0.5572503209114075,1,0.44274967908859253,noise_sigma20.4,noise,20.4,1
c02d18db-023c1955.jpg,4071.4672665494163,0.010130208333333333,7.733418950741908,13.765602089520774,0.7830779552459717,11,0.21692204475402832,noise_sigma20.4,noise,20.4,1
c036f281-a0c90e9a.jpg,3980.2040611838715,0.006179470486111111,7.5978880911767535,13.62528118964303,0.8638438582420349,8,0.1361561417579651,noise_sigma20.4,noise,20.4,1
c05767da-e6e016b5.jpg,3915.0709863037087,0.008280164930555556,7.756383501248861,13.681536665178896,0.6949871778488159,6,0.3050128221511841,noise_sigma20.4,noise,20.4,1
c0677163-8371743a.jpg,3696.6434239153637,0.012378472222222223,7.653585890293567,13.53017237123184,0.8190565705299377,9,0.18094342947006226,noise_sigma20.4,noise,20.4,1
c0c954a7-0c7fa0bb.jpg,4049.796478557822,0.007477213541666666,7.843426335899917,13.76552787805832,0.8400872349739075,5,0.15991276502609253,noise_sigma20.4,noise,20.4,1
c0e24bac-d541b20d.jpg,3933.3601699922233,0.006212022569444444,7.653917908250798,13.755167866842655,0.7130290269851685,2,0.28697097301483154,noise_sigma20.4,noise,20.4,1
c0e74e90-9684bfc2.jpg,4070.466376725259,0.00236328125,7.712129114477097,13.858238027206061,0.6761313676834106,5,0.32386863231658936,noise_sigma20.4,noise,20.4,1
c11add12-bb59c2a1.jpg,4463.373653151871,0.01197048611111111,7.789769466277265,13.832095104595002,0.9079810380935669,2,0.0920189619064331,noise_sigma20.4,noise,20.4,1
c1211833-1ba939db.jpg,3925.2040564542694,0.019471571180555557,7.863122979931951,13.576566827962168,0.6980534791946411,9,0.3019465208053589,noise_sigma20.4,noise,20.4,1
c12e6924-5860d30a.jpg,3947.313483856762,0.013087022569444445,7.79722555838242,13.692606921065904,0.8392382264137268,8,0.1607617735862732,noise_sigma20.4,noise,20.4,1
c15c29a5-74788f46.jpg,4445.557090080165,0.01644314236111111,7.710134163286486,13.745376734291636,0.8782346248626709,11,0.1217653751373291,noise_sigma20.4,noise,20.4,1
c1757757-140fa8b6.jpg,3986.5176930800785,0.016905381944444443,7.679220972272489,13.608612065906113,0.903822124004364,11,0.09617787599563599,noise_sigma20.4,noise,20.4,1
c197a2a7-20f63536.jpg,4407.751813780438,0.006759982638888889,7.622950151699693,13.968574764541895,0.48203885555267334,3,0.5179611444473267,noise_sigma20.4,noise,20.4,1
c197a2a7-5b960a7f.jpg,3895.9029080637897,0.015426432291666667,7.39726025371204,13.475992540219472,0.7905295491218567,9,0.2094704508781433,noise_sigma20.4,noise,20.4,1
c1a07cae-73529cf4.jpg,4062.883883746446,0.005595703125,7.757052461756842,13.635208680065245,0.6060226559638977,2,0.3939773440361023,noise_sigma20.4,noise,20.4,1
c1b3582d-7a6b9124.jpg,4024.844747219054,0.008323567708333333,7.816315812196193,13.64006884792845,0.6779518723487854,11,0.3220481276512146,noise_sigma20.4,noise,20.4,1
c1b3582d-b9c87c82.jpg,3957.7854733817467,0.011233723958333334,7.783193398025526,13.64263847672657,0.6201416850090027,6,0.3798583149909973,noise_sigma20.4,noise,20.4,1
c1b5a91c-9e402e78.jpg,3747.2288735076495,0.013047960069444444,7.633249681624255,13.54202412389985,0.8208950757980347,5,0.17910492420196533,noise_sigma20.4,noise,20.4,1
c1bbc01a-42a391bd.jpg,4073.786644947752,0.011614583333333333,7.730648538661665,13.795399357551412,0.816798985004425,7,0.18320101499557495,noise_sigma20.4,noise,20.4,1
c1bd4140-1f2bd79e.jpg,3991.557224300765,0.004606119791666667,7.584729355033138,13.679369053076158,0.8564320206642151,3,0.1435679793357849,noise_sigma20.4,noise,20.4,1
c1fdd182-0431866d.jpg,4089.3724440005726,0.0016156684027777777,7.609513307586435,13.900446137940868,0.7758179903030396,4,0.22418200969696045,noise_sigma20.4,noise,20.4,1
c242b4b8-0dab228f.jpg,3903.6602044229276,0.0004416232638888889,7.717246446195991,13.814518597761941,0.7426348328590393,4,0.2573651671409607,noise_sigma20.4,noise,20.4,1
c292800e-4290dbb9.jpg,4152.212379242593,0.01140407986111111,7.643690158507566,13.728097528593437,0.7511447668075562,10,0.24885523319244385,noise_sigma20.4,noise,20.4,1
c2987e05-cb9bfcee.jpg,4000.631988395106,0.007027994791666666,7.74430410582213,13.629341876965926,0.4576420485973358,3,0.5423579514026642,noise_sigma20.4,noise,20.4,1
c29d13ba-67447c50.jpg,3790.162035900962,0.007637803819444444,7.849301147437229,13.602443408821472,0.8569654226303101,5,0.14303457736968994,noise_sigma20.4,noise,20.4,1
c2b457e5-36e3ecee.jpg,4040.9085259785966,0.013224826388888888,7.794505783865441,13.6030778485327,0.837117612361908,7,0.16288238763809204,noise_sigma20.4,noise,20.4,1
c2d051a0-31c90f75.jpg,3965.069248949171,0.03466796875,7.874741492617738,13.364589752949055,0.7994553446769714,8,0.20054465532302856,noise_sigma20.4,noise,20.4,1
c2f88368-4292c1a0.jpg,3935.021584575643,0.005228949652777778,7.889290449024356,13.56765894839987,0.8810001015663147,5,0.1189998984336853,noise_sigma20.4,noise,20.4,1
c2f8b141-5ef7d661.jpg,4294.917422857609,0.018773871527777777,7.784133232871405,13.678373117038618,0.8816050887107849,7,0.11839491128921509,noise_sigma20.4,noise,20.4,1
c30226a9-f882478c.jpg,4148.418595012184,0.010139973958333333,7.843580790261331,13.646721245374184,0.7984536290168762,4,0.20154637098312378,noise_sigma20.4,noise,20.4,1
c3287e28-f6bcc9ef.jpg,4032.9716881190548,0.005501302083333334,7.834542052945502,13.85417233174766,0.8531104922294617,5,0.14688950777053833,noise_sigma20.4,noise,20.4,1
c3436372-070af78a.jpg,4171.130501004818,0.015109592013888888,7.8432154953184945,13.79303847694676,0.27573058009147644,1,0.7242694199085236,noise_sigma20.4,noise,20.4,1
c3436372-eb18934d.jpg,3921.3928587661558,0.002449001736111111,7.726497415742349,13.729918441133849,0.6157640814781189,1,0.3842359185218811,noise_sigma20.4,noise,20.4,1
c352d9c5-d0019b8b.jpg,3871.840453983589,0.03074435763888889,7.821783644415001,13.503883757406147,0.8250316381454468,4,0.17496836185455322,noise_sigma20.4,noise,20.4,1
c3668a3d-22233f64.jpg,4040.6365195075978,0.005944010416666667,7.697597650393404,13.812098302458821,0.8018559217453003,8,0.1981440782546997,noise_sigma20.4,noise,20.4,1
c366973d-c03525b0.jpg,4256.7545583739075,0.007403428819444445,7.731331809867176,13.698906472601195,0.9147422313690186,9,0.08525776863098145,noise_sigma20.4,noise,20.4,1
c3804a06-26cf84ff.jpg,4727.70387570647,0.007279730902777778,7.595966074356484,14.17241976571064,0.8992673754692078,4,0.10073262453079224,noise_sigma20.4,noise,20.4,1
c389631f-a4b2d909.jpg,4207.428243741518,0.003820529513888889,7.716886912144945,13.91269990730426,0.15467041730880737,0,0.8453295826911926,noise_sigma20.4,noise,20.4,1
c389631f-b7bb20cb.jpg,4274.23585332585,0.0007508680555555555,7.6426355432612745,14.01371286218852,0.39964985847473145,2,0.6003501415252686,noise_sigma20.4,noise,20.4,1
c39ddb2c-db949106.jpg,3762.2113849933953,0.023919270833333332,7.49767312825143,13.306595088538486,0.8953150510787964,14,0.10468494892120361,noise_sigma20.4,noise,20.4,1
c3c28990-04db5664.jpg,4121.304819246587,0.011196831597222222,7.693458356369506,13.82276039530233,0.8873661756515503,9,0.11263382434844971,noise_sigma20.4,noise,20.4,1
c3e87419-dd6f2321.jpg,3714.949050929313,0.015531684027777777,7.645578855305773,13.620825314900436,0.8627339601516724,5,0.13726603984832764,noise_sigma20.4,noise,20.4,1
c41203a6-f2bee3f0.jpg,4097.588256291961,0.016727430555555554,7.809904623697291,13.605346533915592,0.8331214189529419,5,0.1668785810470581,noise_sigma20.4,noise,20.4,1
c414ea72-128822b2.jpg,4179.099655188329,0.0013661024305555555,7.733145004657873,13.925309026645849,0.8324655294418335,9,0.1675344705581665,noise_sigma20.4,noise,20.4,1
c43052f6-d90711e9.jpg,4227.027999810902,0.010557725694444445,7.765826828854719,13.718004086772051,0.8863828182220459,13,0.1136171817779541,noise_sigma20.4,noise,20.4,1
c43c290b-61f94939.jpg,4015.4798815474305,0.0036447482638888888,7.624352893743865,13.838905258309083,0.7997809648513794,5,0.2002190351486206,noise_sigma20.4,noise,20.4,1
c4a9c191-20e1a3c3.jpg,3750.6893360262275,0.04706271701388889,7.627865269344609,13.294629969894089,0.9011028409004211,4,0.09889715909957886,noise_sigma20.4,noise,20.4,1
c4d83625-8af1c66e.jpg,4114.683950229636,0.00020073784722222221,7.505099114441262,14.032764492569758,0.7072009444236755,10,0.29279905557632446,noise_sigma20.4,noise,20.4,1
c4f65761-92ca62d4.jpg,3939.9258259358526,0.015338541666666667,7.684705903299632,13.61592143967284,0.8927819728851318,9,0.10721802711486816,noise_sigma20.4,noise,20.4,1
c5578df5-1318c8a5.jpg,4149.738684914142,0.017847222222222223,7.851181987061382,13.639135968869743,0.8586524724960327,10,0.14134752750396729,noise_sigma20.4,noise,20.4,1
c5584f14-7fcc4797.jpg,3192.9707538077173,0.07769205729166667,7.398383909681101,12.483108278339174,0.28719544410705566,2,0.7128045558929443,noise_sigma20.4,noise,20.4,1
c55ab634-b93da9ef.jpg,4042.355948930639,0.005028211805555556,7.749181570328719,13.809907470818752,0.7470243573188782,8,0.2529756426811218,noise_sigma20.4,noise,20.4,1
c563b8a0-c21b10e8.jpg,4085.7456982276362,0.009651692708333333,7.778057398875835,13.72740754410663,0.8579643964767456,13,0.1420356035232544,noise_sigma20.4,noise,20.4,1
c564c92b-2f727c05.jpg,3683.939324600779,0.04674153645833334,7.668143321185255,12.964501417377651,0.8668632507324219,3,0.13313674926757812,noise_sigma20.4,noise,20.4,1
c5b2506d-1241a008.jpg,3920.1367653818497,0.027518446180555555,7.553065131820388,13.352038682450798,0.8572185039520264,7,0.14278149604797363,noise_sigma20.4,noise,20.4,1
c5b7db86-88bceca0.jpg,4485.060327705711,0.032560763888888886,7.671985674762457,13.478278981719146,0.8563343286514282,9,0.14366567134857178,noise_sigma20.4,noise,20.4,1
c5b80ec1-6efedb0e.jpg,4116.983089295819,0.006985677083333333,7.4593752808667695,13.822122768595781,0.2416585385799408,0,0.7583414614200592,noise_sigma20.4,noise,20.4,1
c5c9ead6-dab2dae6.jpg,3876.0085943926483,0.00693359375,7.87268916804574,13.743676472288344,0.402383416891098,2,0.597616583108902,noise_sigma20.4,noise,20.4,1
c5dd7de4-53608747.jpg,3866.5964420516866,0.005844184027777778,7.570884695783192,13.657727078427222,0.6892573833465576,3,0.3107426166534424,noise_sigma20.4,noise,20.4,1
c5e8ab3b-6e92761c.jpg,3892.5521767367827,0.0014529079861111112,7.2071196407138025,13.897534134788359,0.8758131265640259,5,0.12418687343597412,noise_sigma20.4,noise,20.4,1
c5f2e071-fcf05969.jpg,3985.705724198349,0.007227647569444444,7.660332792710829,13.719828413950305,0.8510246872901917,9,0.14897531270980835,noise_sigma20.4,noise,20.4,1
c640ffda-035e5b98.jpg,3833.2299467001817,0.013260633680555555,7.812647981157905,13.606968942176062,0.7464334964752197,3,0.2535665035247803,noise_sigma20.4,noise,20.4,1
c675081b-df5291b4.jpg,3950.9552529652506,0.00623046875,7.496875130990346,13.644942674343026,0.7324807047843933,15,0.2675192952156067,noise_sigma20.4,noise,20.4,1
c6758a15-46130d04.jpg,4009.0249757074384,0.003620876736111111,7.813109942670298,13.787951804773304,0.7711789011955261,3,0.22882109880447388,noise_sigma20.4,noise,20.4,1
c685aea9-2f9e84d2.jpg,4495.14686864624,0.0016872829861111112,7.688760727500524,14.114645914547252,0.7291562557220459,4,0.2708437442779541,noise_sigma20.4,noise,20.4,1
c71de7ef-ad5d9110.jpg,4235.641341039866,0.007927517361111112,7.761012858765299,13.787689788229486,0.9095678925514221,8,0.09043210744857788,noise_sigma20.4,noise,20.4,1
c734eb0a-9d6807cb.jpg,3744.0547954847116,0.0008713107638888889,7.484424308272244,13.628245322933276,0.8741157054901123,4,0.1258842945098877,noise_sigma20.4,noise,20.4,1
c737e602-e8793fdc.jpg,4184.2086387336985,0.0012554253472222222,7.668104202598702,13.956065352625323,0.9112910032272339,17,0.08870899677276611,noise_sigma20.4,noise,20.4,1
c7fee392-08329b19.jpg,4174.7212315534825,0.002790798611111111,7.73574323900021,13.85748521338294,0.6807913780212402,6,0.31920862197875977,noise_sigma20.4,noise,20.4,1
c80cf60a-9a7aabc6.jpg,3796.2337161016585,0.03256944444444444,7.843220409212586,13.411388275157469,0.8775706887245178,12,0.12242931127548218,noise_sigma20.4,noise,20.4,1
c8152bfa-28181ba4.jpg,3969.8174240603375,0.010463324652777778,7.435539684451776,13.433365794885113,0.8682188987731934,9,0.13178110122680664,noise_sigma20.4,noise,20.4,1
c85ca3b9-72a968aa.jpg,3836.7195733671306,0.003364800347222222,7.714104119003467,13.72916813137848,0.8329976797103882,2,0.16700232028961182,noise_sigma20.4,noise,20.4,1
c8792c3c-a42cb3f6.jpg,3995.112087522877,0.0038834635416666666,7.592399188777731,13.784832646924984,0.7164656519889832,11,0.28353434801101685,noise_sigma20.4,noise,20.4,1
c88b26c5-0a03ff8e.jpg,4079.767824194156,0.006184895833333333,7.701294525535102,13.71996704824673,0.8142586946487427,2,0.18574130535125732,noise_sigma20.4,noise,20.4,1
c897cc2b-2a1bc9f0.jpg,3891.0853737571138,0.008938802083333334,7.397610522216773,13.714787725566467,0.7250734567642212,9,0.2749265432357788,noise_sigma20.4,noise,20.4,1
c8a5a379-cb506f54.jpg,4032.4982580822407,0.0061773003472222225,7.585428554167014,13.549593920712736,0.7195289134979248,9,0.2804710865020752,noise_sigma20.4,noise,20.4,1
c8a830e0-95b22cac.jpg,4081.4214043082616,0.002599826388888889,7.778622747211603,13.869852576365243,0.8130542039871216,5,0.18694579601287842,noise_sigma20.4,noise,20.4,1
c8bad943-c78f2df3.jpg,3953.6607797456813,0.00240234375,7.618197267885029,13.87636315251923,0.558477520942688,3,0.441522479057312,noise_sigma20.4,noise,20.4,1
c8e8f29f-09ac075a.jpg,3907.646793133006,0.0017805989583333333,7.609738887924884,13.746759890260574,0.7783592343330383,6,0.22164076566696167,noise_sigma20.4,noise,20.4,1
c8ef1a34-e7c66c0c.jpg,3524.4559517948687,0.034817708333333336,7.329128320412819,13.029257520002407,0.7295340895652771,5,0.2704659104347229,noise_sigma20.4,noise,20.4,1
c90b5398-63556b1c.jpg,4032.86549425478,0.004437934027777778,7.675229885301853,13.802789999698803,0.7937241792678833,8,0.2062758207321167,noise_sigma20.4,noise,20.4,1
c911f50f-e7958776.jpg,4434.145138211982,0.008845486111111111,7.663364073895059,13.855549341368482,0.8975792527198792,10,0.10242074728012085,noise_sigma20.4,noise,20.4,1
c91a3cef-e63379c7.jpg,3916.6096214696518,0.0021104600694444443,7.77971889109344,13.686257288175582,0.8457827568054199,7,0.15421724319458008,noise_sigma20.4,noise,20.4,1
c9240f77-08db8836.jpg,3727.674838440223,0.0069249131944444445,7.88894203435404,13.523932917322588,0.8738846182823181,7,0.12611538171768188,noise_sigma20.4,noise,20.4,1
c927d51b-cb5b7850.jpg,3940.4471689736156,0.013162977430555556,7.63828759291368,13.514127898577673,0.8967472910881042,7,0.10325270891189575,noise_sigma20.4,noise,20.4,1
c928749e-62bc39dd.jpg,3711.2667052100655,0.020482855902777777,7.442371901311505,13.48919170898033,0.8972238898277283,2,0.10277611017227173,noise_sigma20.4,noise,20.4,1
c9375798-85c143f7.jpg,3947.4905628193037,0.006366102430555556,7.806125843628762,13.760582799534086,0.8058592677116394,9,0.1941407322883606,noise_sigma20.4,noise,20.4,1
c9403737-55c6220f.jpg,4172.573804110887,0.0025564236111111113,7.3540546859631934,13.914517632849352,0.6014518737792969,2,0.3985481262207031,noise_sigma20.4,noise,20.4,1
c9403737-9675db60.jpg,4356.180597926152,0.010192057291666667,7.8072652006786605,13.82770205918872,0.8823771476745605,7,0.11762285232543945,noise_sigma20.4,noise,20.4,1
c9403737-bf414a95.jpg,3878.4721906078007,0.0017881944444444445,7.42352348144845,13.829519557091288,,0,0.0,noise_sigma20.4,noise,20.4,1
c96109b8-caf84a36.jpg,4435.942088656937,0.005313585069444444,7.56150699812901,14.045298034593753,0.8834880590438843,9,0.11651194095611572,noise_sigma20.4,noise,20.4,1
c992d89e-45d612c4.jpg,3785.0146838052524,0.008923611111111111,7.823209597924938,13.49560713055976,0.7566177248954773,15,0.2433822751045227,noise_sigma20.4,noise,20.4,1
c9a9a2a9-57519e11.jpg,4254.876391044781,0.018483072916666666,7.7823607490936215,13.619896078122094,0.8897870779037476,9,0.11021292209625244,noise_sigma20.4,noise,20.4,1
c9b29647-95da8336.jpg,3736.81310250699,0.0057074652777777775,7.518464424982401,13.569571373234474,0.5114730596542358,2,0.48852694034576416,noise_sigma20.4,noise,20.4,1
c9b82f4e-fd73af29.jpg,4754.951873564996,0.010642361111111111,7.6766074743596855,14.118628520484805,0.9358692765235901,6,0.06413072347640991,noise_sigma20.4,noise,20.4,1
c9c31e57-45b42452.jpg,4333.519636208567,0.010461154513888888,7.8709514002393695,13.800564794037781,0.7901154160499573,7,0.20988458395004272,noise_sigma20.4,noise,20.4,1
c9fb1a4c-0bd0ea9d.jpg,4248.614141549416,0.0009255642361111112,7.734949356893685,13.92847598942397,0.5106902718544006,2,0.48930972814559937,noise_sigma20.4,noise,20.4,1
ca009e13-fdb666f6.jpg,4183.032078919922,0.01423068576388889,7.849156527660373,13.72081023615143,0.8509816527366638,10,0.14901834726333618,noise_sigma20.4,noise,20.4,1
ca2c7c84-5902ee09.jpg,3804.7066557633716,0.02687717013888889,7.429066474459495,13.350300631788711,0.742329478263855,8,0.257670521736145,noise_sigma20.4,noise,20.4,1
b1d7b3ac-36f2d3b7.jpg,15224.775100454872,0.0069607204861111115,7.861893936400138,27.279928947663432,0.751599907875061,3,0.24840009212493896,noise_sigma45.9,noise,45.9,2
b20d494a-cdebe83e.jpg,13989.320881121117,0.02600368923611111,7.886064245385219,26.229003809940423,0.12088769674301147,0,0.8791123032569885,noise_sigma45.9,noise,45.9,2
b231a630-c4522992.jpg,15627.144797363413,0.01662326388888889,7.74193256801185,27.742969546508395,0.8662229776382446,5,0.13377702236175537,noise_sigma45.9,noise,45.9,2
b25fdb41-4644e3f7.jpg,16961.381119384696,0.019641927083333333,7.73485994237061,28.299397986291673,0.8513606190681458,4,0.14863938093185425,noise_sigma45.9,noise,45.9,2
b27d5dcb-856c0b43.jpg,15377.782178651209,0.020443793402777778,7.891583473373153,27.344893570839133,0.6322069764137268,5,0.3677930235862732,noise_sigma45.9,noise,45.9,2
b2afce7f-0cb9967a.jpg,16920.673719693867,0.009737413194444445,7.8258500001816955,28.85755172875576,0.3281365633010864,4,0.6718634366989136,noise_sigma45.9,noise,45.9,2
b2e431b6-332c438d.jpg,13149.438627318761,0.04210503472222222,7.475644510300978,25.335951038250702,0.8373980522155762,3,0.16260194778442383,noise_sigma45.9,noise,45.9,2
b2f4a409-5ddff11a.jpg,14127.809884413546,0.033173828125,7.599637155498158,26.25819668707285,0.2823072671890259,1,0.7176927328109741,noise_sigma45.9,noise,45.9,2
b2fbf86d-d5de82a4.jpg,16571.841930111153,0.010653211805555556,7.767289280606601,28.392075810201167,0.8794346451759338,8,0.12056535482406616,noise_sigma45.9,noise,45.9,2
b3110036-a32dc26e.jpg,16700.539862236416,0.011702473958333333,7.901677682250256,28.474417070074853,0.7331709861755371,3,0.2668290138244629,noise_sigma45.9,noise,45.9,2
b3826fd8-774c2e0a.jpg,15117.569641111062,0.03291558159722222,7.651697480513439,27.171176147001706,0.7813583016395569,7,0.21864169836044312,noise_sigma45.9,noise,45.9,2
b3875c8d-cc4081eb.jpg,14249.72087222247,0.029192708333333334,7.82783785651337,26.27640854418723,0.911396861076355,4,0.08860313892364502,noise_sigma45.9,noise,45.9,2
b3a3d166-3a6a258d.jpg,16071.43072298159,0.005085720486111111,7.856584826335758,28.263418857910068,0.7973134517669678,2,0.20268654823303223,noise_sigma45.9,noise,45.9,2
b3c26aff-417063a0.jpg,14698.741977747539,0.02255099826388889,7.8353034814294285,26.77301343953123,0.7773945927619934,5,0.2226054072380066,noise_sigma45.9,noise,45.9,2
b3f3c908-baffb699.jpg,15285.469358325674,0.024054904513888888,7.670794037338523,27.009314573397695,0.6375713348388672,2,0.3624286651611328,noise_sigma45.9,noise,45.9,2
b4110365-9ae12ee1.jpg,16609.365286816017,0.00993381076388889,7.764548476959081,28.632209988867665,0.8092668652534485,2,0.1907331347465515,noise_sigma45.9,noise,45.9,2
b4543c78-db967acc.jpg,16961.095107407884,0.010326605902777777,7.8557449467645295,28.80576373773115,0.6961618661880493,2,0.3038381338119507,noise_sigma45.9,noise,45.9,2
b46478b0-167fe009.jpg,15570.1022249211,0.017432725694444446,7.926764995447995,27.713817645030083,0.5260189175605774,1,0.4739810824394226,noise_sigma45.9,noise,45.9,2
b46478b0-1eb55806.jpg,15222.898321545814,0.023155381944444445,7.928522271863207,27.338616328271083,0.757207453250885,17,0.242792546749115,noise_sigma45.9,noise,45.9,2
b472aeb8-f6353af9.jpg,16865.095796652855,0.01074001736111111,7.623664724724392,28.744338728143504,0.48019179701805115,3,0.5198082029819489,noise_sigma45.9,noise,45.9,2
b47f85d4-c6562257.jpg,15731.923912386139,0.017307942708333333,7.9177840299597735,27.717090006296292,0.622236967086792,2,0.377763032913208,noise_sigma45.9,noise,45.9,2
b48c7b5f-cec3fed8.jpg,15629.861541677854,0.012300347222222223,7.825086762830489,27.71364827899307,0.8359346389770508,5,0.16406536102294922,noise_sigma45.9,noise,45.9,2
b49698d7-1999d598.jpg,16618.51069487573,0.010036892361111112,7.80995529423503,28.665684138927645,0.780935525894165,5,0.21906447410583496,noise_sigma45.9,noise,45.9,2
b4b1aa64-e3cbad0f.jpg,15917.303703314456,0.017076822916666668,7.836392005656877,27.803859823809827,0.7576093077659607,10,0.2423906922340393,noise_sigma45.9,noise,45.9,2
b4ef573f-5122732a.jpg,17226.570826278494,0.002697482638888889,7.747176223632346,29.212129771155652,0.6175833344459534,2,0.38241666555404663,noise_sigma45.9,noise,45.9,2
b4f2a76c-3ce3d91e.jpg,15330.300516479323,0.0162109375,7.858178436829161,27.435994059707685,0.7685975432395935,7,0.2314024567604065,noise_sigma45.9,noise,45.9,2
b4f49565-abd6b20b.jpg,15244.471063359011,0.022935112847222223,7.880358563669786,27.143080962114542,0.3317505419254303,1,0.6682494580745697,noise_sigma45.9,noise,45.9,2
b5032e1d-d2f24352.jpg,16728.05028148931,0.014457465277777777,7.805505019897126,28.56212409185503,0.843840479850769,9,0.15615952014923096,noise_sigma45.9,noise,45.9,2
b54735e3-4c968f67.jpg,13187.676771448734,0.023952907986111112,7.337906498573621,25.339859888010846,0.8997078537940979,8,0.1002921462059021,noise_sigma45.9,noise,45.9,2
b54a8089-d1989d8f.jpg,15211.427428311717,0.018289930555555556,7.622627788498838,27.254024366773816,0.8625401258468628,13,0.1374598741531372,noise_sigma45.9,noise,45.9,2
b565c328-1e663060.jpg,15666.159264359081,0.019544270833333332,7.816711789474722,27.641942022502672,0.8144865036010742,6,0.18551349639892578,noise_sigma45.9,noise,45.9,2
b5961057-5e258e5e.jpg,15973.47385787803,0.01920355902777778,7.855271363294815,27.770420275413322,0.8301270604133606,7,0.1698729395866394,noise_sigma45.9,noise,45.9,2
b59d9baf-5fe6c3c0.jpg,16933.08710171542,0.013549262152777778,7.882300966676603,28.83980312417541,0.4760141968727112,4,0.5239858031272888,noise_sigma45.9,noise,45.9,2
b5a52ea9-2e1f4066.jpg,16376.415330793076,0.008174913194444444,7.771459384127871,28.49893508035769,0.6481003761291504,2,0.3518996238708496,noise_sigma45.9,noise,45.9,2
b5b2f593-25b7b157.jpg,14802.543648363277,0.03306857638888889,7.84333389815972,26.73491700804444,0.8155147433280945,7,0.18448525667190552,noise_sigma45.9,noise,45.9,2
b5b44d2d-60f87448.jpg,15542.282194786774,0.018929036458333333,7.8758118639434995,27.598312511855084,0.8681265711784363,10,0.13187342882156372,noise_sigma45.9,noise,45.9,2
b5c30297-f0b3279b.jpg,15669.213635722968,0.006830512152777778,7.830452833450168,27.697434212659367,0.7368327975273132,7,0.26316720247268677,noise_sigma45.9,noise,45.9,2
b690e7dd-1a1d38d1.jpg,16086.887279935147,0.02228515625,7.762583625878722,27.772013545430866,0.8245571255683899,8,0.1754428744316101,noise_sigma45.9,noise,45.9,2
b72812e8-c636249b.jpg,15203.490567286137,0.03177625868055556,7.757591561679321,27.061595410484312,0.908621609210968,7,0.09137839078903198,noise_sigma45.9,noise,45.9,2
b72b3974-9667b29a.jpg,16958.677456012392,0.011942274305555556,7.782212456943267,28.74119703368542,0.7528830766677856,22,0.24711692333221436,noise_sigma45.9,noise,45.9,2
b736c477-fb345fa9.jpg,15613.380089979328,0.027377387152777776,7.798296718602069,27.630938693517386,0.4593081772327423,2,0.5406918227672577,noise_sigma45.9,noise,45.9,2
b73a793e-ebf5917d.jpg,16753.691487246837,0.023729383680555556,7.880606356972064,28.0147184911081,0.6839281320571899,6,0.31607186794281006,noise_sigma45.9,noise,45.9,2
b7404583-b504d500.jpg,16380.32012477968,0.015103081597222222,7.781590710117668,28.402848082025745,0.8353751301765442,9,0.1646248698234558,noise_sigma45.9,noise,45.9,2
b74111eb-d21a119b.jpg,16143.44382117919,0.017165798611111113,7.878527523808732,27.83741023411497,0.7286770343780518,11,0.27132296562194824,noise_sigma45.9,noise,45.9,2
b747b30e-991436c7.jpg,16902.740181486755,0.005932074652777778,7.689851742876422,28.88539195401731,0.3527999520301819,2,0.6472000479698181,noise_sigma45.9,noise,45.9,2
b784ff27-baf00daa.jpg,16608.03947149627,0.0025368923611111113,7.740748162707641,28.528301648735063,0.8316710591316223,6,0.16832894086837769,noise_sigma45.9,noise,45.9,2
b79307e6-6cfc1c5b.jpg,16366.46794655214,0.010365668402777778,7.897752298043513,28.38635856823937,0.8376952409744263,4,0.16230475902557373,noise_sigma45.9,noise,45.9,2
b7d9a95e-f9901594.jpg,15782.112557168859,0.01703342013888889,7.7386212677702835,27.626278623431784,0.875315248966217,11,0.12468475103378296,noise_sigma45.9,noise,45.9,2
b7eb6c3d-e1598570.jpg,16069.472708840824,0.024345703125,7.898608471881573,27.990514399864296,0.8732045292854309,5,0.1267954707145691,noise_sigma45.9,noise,45.9,2
b7ec8e2f-b673fc33.jpg,16988.116243126013,0.0012022569444444444,7.621432734209436,29.002897382040743,0.292548805475235,1,0.707451194524765,noise_sigma45.9,noise,45.9,2
b7f452e4-1e8b6f3a.jpg,15765.587856546568,0.016055772569444446,7.8568468850272435,27.833911140895985,0.13797616958618164,0,0.8620238304138184,noise_sigma45.9,noise,45.9,2
b7fd2970-e46faf78.jpg,16636.199293608704,0.013311631944444444,7.851609131369489,28.588168217611166,0.8469300270080566,8,0.15306997299194336,noise_sigma45.9,noise,45.9,2
b89bf84d-d2c2e5a7.jpg,15927.444171275045,0.018675130208333335,7.90682888444944,27.754602079426885,0.8181648254394531,10,0.18183517456054688,noise_sigma45.9,noise,45.9,2
b8b15e54-2ccd7fd0.jpg,16098.889945575927,0.014905598958333334,7.858281181819357,28.060898508581882,0.8509753942489624,15,0.1490246057510376,noise_sigma45.9,noise,45.9,2
b8c7c957-84df8251.jpg,15749.459880352986,0.012060546875,7.833732830806383,27.955328150389832,0.6808290481567383,3,0.3191709518432617,noise_sigma45.9,noise,45.9,2
b8ca6c5d-22de751a.jpg,14830.209208671797,0.019606119791666668,7.616156668926045,26.87267579132732,0.8247655034065247,5,0.17523449659347534,noise_sigma45.9,noise,45.9,2
b8e63e55-369d821c.jpg,14440.366794971373,0.030907118055555554,7.800182493002804,26.537893998000964,0.776202917098999,3,0.22379708290100098,noise_sigma45.9,noise,45.9,2
b919f6f7-9c71d913.jpg,15839.76093372915,0.020891927083333334,7.860360557750353,27.6393380196836,0.10355356335639954,0,0.8964464366436005,noise_sigma45.9,noise,45.9,2
b94daedc-7045933e.jpg,14870.406968586172,0.04430013020833334,7.76644598566712,26.86324729331523,0.8516420722007751,3,0.14835792779922485,noise_sigma45.9,noise,45.9,2
b94f6bc8-32f10d36.jpg,16201.88138098252,0.016788194444444446,7.864739883350333,28.06305428327343,0.8654813766479492,5,0.13451862335205078,noise_sigma45.9,noise,45.9,2
b9597719-09a2458c.jpg,15765.740393898272,0.010962456597222222,7.844289610008123,27.88364124351388,,0,0.0,noise_sigma45.9,noise,45.9,2
b9c2521e-2db68bde.jpg,15533.537700649516,0.00861545138888889,7.857610314952067,27.64874238758827,0.8249973654747009,8,0.17500263452529907,noise_sigma45.9,noise,45.9,2
b9e4cb3d-975f9d1d.jpg,16161.386379166774,0.019015842013888888,7.77182538279694,27.98127871506907,0.7336382865905762,2,0.26636171340942383,noise_sigma45.9,noise,45.9,2
b9e4cb3d-98ed4484.jpg,16445.81416872656,0.00447265625,7.868981568659011,28.551880861253597,0.5675328969955444,2,0.43246710300445557,noise_sigma45.9,noise,45.9,2
ba122c97-403fd75d.jpg,17148.74056862597,0.004792751736111111,7.651229477172933,29.12677293078155,0.8705356121063232,7,0.12946438789367676,noise_sigma45.9,noise,45.9,2
ba41a907-1793986f.jpg,14851.483048122152,0.016087239583333333,7.903089768111318,26.975663089812404,0.2342449575662613,0,0.7657550424337387,noise_sigma45.9,noise,45.9,2
ba4bcdc5-3d4f7a56.jpg,16062.39355860688,0.021410590277777777,7.845734511552299,28.02954052341447,0.8429776430130005,5,0.1570223569869995,noise_sigma45.9,noise,45.9,2
ba4d05f6-24c9c3cf.jpg,14371.840453378109,0.03954861111111111,7.734363102821618,26.431749297723723,0.8155320882797241,6,0.18446791172027588,noise_sigma45.9,noise,45.9,2
bab692c9-3cd892ff.jpg,16168.461993030964,0.01279079861111111,7.8741654900989575,28.050689879643926,0.569058358669281,7,0.430941641330719,noise_sigma45.9,noise,45.9,2
bab692c9-a16f15b4.jpg,15028.435397082503,0.027074652777777777,7.774641209733025,26.71510118171394,0.7279231548309326,7,0.2720768451690674,noise_sigma45.9,noise,45.9,2
bae5905c-b009aff3.jpg,16200.904230392593,0.01342990451388889,7.855143158536049,27.916099424994304,0.4212992787361145,3,0.5787007212638855,noise_sigma45.9,noise,45.9,2
baf870f0-a1a64cd6.jpg,16285.140086976788,0.018344184027777776,7.875777386078516,28.182834087742823,0.6908628344535828,4,0.30913716554641724,noise_sigma45.9,noise,45.9,2
bb051d4e-49d5fed8.jpg,15737.852147889875,0.022444661458333334,7.865364458009713,27.664112583089707,0.7209563851356506,7,0.27904361486434937,noise_sigma45.9,noise,45.9,2
bb4abf02-01cd2796.jpg,16705.02696728204,0.010677083333333334,7.8340173364562915,28.642355105541743,0.826747477054596,2,0.17325252294540405,noise_sigma45.9,noise,45.9,2
bb725082-6cfb3269.jpg,14811.50667715463,0.0235546875,7.8647008709322135,26.92253656075334,0.8666365146636963,5,0.1333634853363037,noise_sigma45.9,noise,45.9,2
bb76c63a-f232154d.jpg,15556.887867878842,0.029760199652777777,7.747053552896908,27.229089087746562,0.9322464466094971,2,0.06775355339050293,noise_sigma45.9,noise,45.9,2
bb9071ac-8e2bc8fe.jpg,15921.565494357337,0.014524739583333333,7.879543010279347,28.023952582405663,0.8419740200042725,3,0.15802597999572754,noise_sigma45.9,noise,45.9,2
bb9f498e-5ea84006.jpg,16663.2909037354,0.011929253472222222,7.813559780301481,28.464468864183058,0.5703832507133484,11,0.4296167492866516,noise_sigma45.9,noise,45.9,2
bb9f498e-62cc407e.jpg,15796.481493496349,0.025366753472222222,7.889438804263383,27.49652466182299,0.7636058330535889,4,0.23639416694641113,noise_sigma45.9,noise,45.9,2
bbb1289a-b49fe5de.jpg,15737.33176987231,0.020343967013888888,7.792386584597429,27.825629505914094,0.7583134770393372,7,0.24168652296066284,noise_sigma45.9,noise,45.9,2
bc24f222-f198b643.jpg,16204.90693247868,0.008823784722222222,7.911362438967384,28.302711095569475,0.8283931612968445,1,0.17160683870315552,noise_sigma45.9,noise,45.9,2
bc5fadac-96776d48.jpg,16377.432909073037,0.006037326388888889,7.6864479914596275,28.49689654156542,0.39958348870277405,1,0.600416511297226,noise_sigma45.9,noise,45.9,2
bc5fadac-fa6dd225.jpg,16200.804285753044,0.0066807725694444445,7.883107210875446,28.367576238962684,,0,0.0,noise_sigma45.9,noise,45.9,2
bcaa771b-806e4fcd.jpg,16646.352986674672,0.005682508680555556,7.812920729375778,28.60298068893158,0.4846247434616089,1,0.5153752565383911,noise_sigma45.9,noise,45.9,2
bcaf57de-8a71dbde.jpg,16047.610885312,0.007531467013888889,7.852919720551119,28.01491107668244,0.7237457036972046,3,0.2762542963027954,noise_sigma45.9,noise,45.9,2
bcfdd6af-c3d0b55a.jpg,16405.049131787844,0.01759982638888889,7.857279002926319,28.38944676670458,0.7799632549285889,5,0.22003674507141113,noise_sigma45.9,noise,45.9,2
bd338426-4b27de63.jpg,16753.05431523073,0.009879557291666667,7.8419953338473665,28.709215308005355,0.41864192485809326,2,0.5813580751419067,noise_sigma45.9,noise,45.9,2
bd5d35a0-1357b0da.jpg,16449.055995008064,0.006745876736111111,7.791187257990329,28.45816316629965,0.5562868118286133,1,0.4437131881713867,noise_sigma45.9,noise,45.9,2
bd8f4dfa-4e126a95.jpg,15632.198910663587,0.01107421875,7.892372003496225,27.635903349298587,0.07552260905504227,0,0.9244773909449577,noise_sigma45.9,noise,45.9,2
bdfc0f1d-375eba4a.jpg,16576.111368272563,0.0049598524305555555,7.815073850439084,28.63919861431967,0.44198861718177795,1,0.558011382818222,noise_sigma45.9,noise,45.9,2
be047105-0662bd2d.jpg,15682.522179575031,0.019466145833333334,7.895095890563612,27.564971305028457,0.8779348731040955,6,0.12206512689590454,noise_sigma45.9,noise,45.9,2
be448414-11891b58.jpg,17037.422465579275,0.011433376736111112,7.7716707989571985,29.023085176253606,0.6193552613258362,6,0.3806447386741638,noise_sigma45.9,noise,45.9,2
be8590fa-9ab10ced.jpg,14759.036502306764,0.024390190972222222,7.779153363964775,26.881721622258475,0.3425084054470062,1,0.6574915945529938,noise_sigma45.9,noise,45.9,2
beaa0c22-9f7d6767.jpg,17442.595177305422,0.005572916666666667,7.652245559070583,29.157376736270706,0.09300731122493744,0,0.9069926887750626,noise_sigma45.9,noise,45.9,2
beb87fd7-6120b637.jpg,16089.592713821914,0.023360460069444443,7.816283310751091,27.843306175457215,0.8590099811553955,6,0.1409900188446045,noise_sigma45.9,noise,45.9,2
bed001a8-2339fb95.jpg,15043.49241212104,0.011931423611111111,7.813695998361924,27.244338632710882,0.8189237117767334,1,0.1810762882232666,noise_sigma45.9,noise,45.9,2
bee1f0a4-22dbabcd.jpg,17065.75108167083,0.011255425347222223,7.8112106139696476,28.862128481677995,0.7897690534591675,1,0.21023094654083252,noise_sigma45.9,noise,45.9,2
bfaca2bb-f1c305a8.jpg,15953.812796767805,0.01990234375,7.8514877361371616,27.583697861887043,0.8954089283943176,4,0.10459107160568237,noise_sigma45.9,noise,45.9,2
bfd64d5f-a12327b4.jpg,16715.517558613177,0.01974066840277778,7.848282832525939,28.563030564381087,0.8855065107345581,8,0.1144934892654419,noise_sigma45.9,noise,45.9,2
bfd64d5f-d141be33.jpg,16248.567843482046,0.022301432291666666,7.66823022377394,28.087661757067753,0.8013169169425964,12,0.19868308305740356,noise_sigma45.9,noise,45.9,2
c022e075-de13593a.jpg,14880.22878033485,0.021596137152777778,7.8024256643024765,27.13365178117488,0.5280245542526245,2,0.4719754457473755,noise_sigma45.9,noise,45.9,2
c02d18db-023c1955.jpg,16484.55066150663,0.014639756944444445,7.809843270690094,28.399851851139772,0.7308293581008911,10,0.2691706418991089,noise_sigma45.9,noise,45.9,2
c036f281-a0c90e9a.jpg,14953.523291502961,0.01703450520833333,7.741396140859453,27.020847626533694,0.7881141901016235,6,0.21188580989837646,noise_sigma45.9,noise,45.9,2
c05767da-e6e016b5.jpg,16596.013915111744,0.010361328125,7.83282140511562,28.56528536357008,0.6357170343399048,6,0.3642829656600952,noise_sigma45.9,noise,45.9,2
c0677163-8371743a.jpg,14961.19144645555,0.021097005208333332,7.785040648311987,27.195272563332193,0.6213578581809998,2,0.37864214181900024,noise_sigma45.9,noise,45.9,2
c0c954a7-0c7fa0bb.jpg,15941.185738250453,0.012240668402777778,7.926595573034421,27.918156858115974,0.7877177596092224,3,0.2122822403907776,noise_sigma45.9,noise,45.9,2
c0e24bac-d541b20d.jpg,15644.170119343846,0.012918836805555556,7.823530151219506,27.792277144603847,0.5486146807670593,2,0.4513853192329407,noise_sigma45.9,noise,45.9,2
c0e74e90-9684bfc2.jpg,16487.580693051175,0.010951605902777778,7.805187027460748,28.468154396628268,0.37466108798980713,1,0.6253389120101929,noise_sigma45.9,noise,45.9,2
c11add12-bb59c2a1.jpg,16588.80203023169,0.01809787326388889,7.847830349423134,28.216054416389806,0.8993129730224609,3,0.10068702697753906,noise_sigma45.9,noise,45.9,2
c1211833-1ba939db.jpg,16162.880297529371,0.019699435763888887,7.902369972969094,28.09807845127161,0.5439725518226624,6,0.45602744817733765,noise_sigma45.9,noise,45.9,2
c12e6924-5860d30a.jpg,15871.252618743036,0.014675564236111112,7.926756868053555,27.94394283725118,0.7769961357116699,7,0.22300386428833008,noise_sigma45.9,noise,45.9,2
c15c29a5-74788f46.jpg,15994.61724239349,0.024159071180555554,7.77222834552174,27.626799697166625,0.7932589650154114,6,0.20674103498458862,noise_sigma45.9,noise,45.9,2
c1757757-140fa8b6.jpg,15849.363242030156,0.020973307291666667,7.776677854683614,27.800130584000225,0.8877266645431519,10,0.11227333545684814,noise_sigma45.9,noise,45.9,2
c197a2a7-20f63536.jpg,16944.46536249189,0.012591145833333333,7.728597185147994,28.63763243376235,0.43142345547676086,2,0.5685765445232391,noise_sigma45.9,noise,45.9,2
c197a2a7-5b960a7f.jpg,14500.834395962274,0.031267361111111114,7.571614874731859,26.551498370452524,0.6018372178077698,7,0.3981627821922302,noise_sigma45.9,noise,45.9,2
c1a07cae-73529cf4.jpg,16242.713648271794,0.008327907986111112,7.83901421730523,28.173887964236684,0.2849351465702057,1,0.7150648534297943,noise_sigma45.9,noise,45.9,2
c1b3582d-7a6b9124.jpg,15420.25864620179,0.017450086805555556,7.874153326266295,27.410412503558014,0.645809531211853,5,0.354190468788147,noise_sigma45.9,noise,45.9,2
c1b3582d-b9c87c82.jpg,16179.631338695097,0.015567491319444444,7.869867094654659,28.133763465513674,0.6603214740753174,4,0.3396785259246826,noise_sigma45.9,noise,45.9,2
c1b5a91c-9e402e78.jpg,15218.700778966268,0.02014431423611111,7.808853471009824,27.39170575159892,0.7904650568962097,2,0.20953494310379028,noise_sigma45.9,noise,45.9,2
c1bbc01a-42a391bd.jpg,17099.971567916833,0.011571180555555555,7.826723651067099,28.953364645490176,0.5710217952728271,4,0.42897820472717285,noise_sigma45.9,noise,45.9,2
c1bd4140-1f2bd79e.jpg,15780.673946395953,0.011489800347222223,7.735449162221807,27.775587077754828,0.8365752696990967,3,0.16342473030090332,noise_sigma45.9,noise,45.9,2
c1fdd182-0431866d.jpg,17013.41335816093,0.004574652777777778,7.743276437464771,28.97310375629047,0.5107855796813965,3,0.4892144203186035,noise_sigma45.9,noise,45.9,2
c242b4b8-0dab228f.jpg,16629.21235396826,0.003324652777777778,7.82444726664695,28.72528982947254,0.5694032907485962,4,0.4305967092514038,noise_sigma45.9,noise,45.9,2
c292800e-4290dbb9.jpg,16035.496679842065,0.016139322916666667,7.830336968552628,27.91566007492517,0.439455509185791,5,0.560544490814209,noise_sigma45.9,noise,45.9,2
c2987e05-cb9bfcee.jpg,15248.263237980971,0.018680555555555554,7.860443336403412,27.2610177727188,0.09037192910909653,0,0.9096280708909035,noise_sigma45.9,noise,45.9,2
c29d13ba-67447c50.jpg,15708.932692645887,0.011896701388888889,7.915419338279821,27.862043203871853,0.7642219066619873,6,0.2357780933380127,noise_sigma45.9,noise,45.9,2
c2b457e5-36e3ecee.jpg,15704.97465949503,0.019950086805555555,7.870602612458275,27.611149729004584,0.7605167627334595,4,0.23948323726654053,noise_sigma45.9,noise,45.9,2
c2d051a0-31c90f75.jpg,15924.187468582575,0.029151475694444446,7.91577789583684,27.674217862322283,0.7579184174537659,6,0.24208158254623413,noise_sigma45.9,noise,45.9,2
c2f88368-4292c1a0.jpg,15342.419680130557,0.017445746527777778,7.965713610374363,27.318752469368256,0.8312861919403076,5,0.16871380805969238,noise_sigma45.9,noise,45.9,2
c2f8b141-5ef7d661.jpg,16310.931976983788,0.023651258680555554,7.903421647771429,27.969702865138775,0.7606841325759888,5,0.23931586742401123,noise_sigma45.9,noise,45.9,2
c30226a9-f882478c.jpg,16014.339559343083,0.015789930555555557,7.91266806641985,27.859688014330274,0.6914489269256592,4,0.3085510730743408,noise_sigma45.9,noise,45.9,2
c3287e28-f6bcc9ef.jpg,16346.620573923323,0.010034722222222223,7.9113090840368825,28.385756909051434,0.756594717502594,2,0.243405282497406,noise_sigma45.9,noise,45.9,2
c3436372-070af78a.jpg,16058.214919379787,0.01735134548611111,7.926934588430849,27.9248848328793,0.09616362303495407,0,0.9038363769650459,noise_sigma45.9,noise,45.9,2
c3436372-eb18934d.jpg,16196.149281271442,0.007572699652777778,7.8623544888637955,28.279055850448305,0.31644248962402344,1,0.6835575103759766,noise_sigma45.9,noise,45.9,2
c352d9c5-d0019b8b.jpg,15652.127701681962,0.028130425347222224,7.867504588503937,27.642616527297925,0.7146676778793335,2,0.2853323221206665,noise_sigma45.9,noise,45.9,2
c3668a3d-22233f64.jpg,16215.923068529293,0.00853732638888889,7.874398109632881,28.26846956256491,0.771895170211792,3,0.228104829788208,noise_sigma45.9,noise,45.9,2
c366973d-c03525b0.jpg,15994.368948486312,0.016142578125,7.836198405267853,27.7336585120381,0.9316733479499817,7,0.06832665205001831,noise_sigma45.9,noise,45.9,2
c3804a06-26cf84ff.jpg,16820.34775179846,0.015394965277777778,7.710248034314135,28.37477748253105,0.8560838103294373,5,0.14391618967056274,noise_sigma45.9,noise,45.9,2
c389631f-a4b2d909.jpg,16831.514064410825,0.009928385416666666,7.8290471727016575,28.683059409770493,0.07521254569292068,0,0.9247874543070793,noise_sigma45.9,noise,45.9,2
c389631f-b7bb20cb.jpg,17347.072248532328,0.0033702256944444444,7.761607423434773,29.1877201187137,0.1358671486377716,0,0.8641328513622284,noise_sigma45.9,noise,45.9,2
c39ddb2c-db949106.jpg,14041.118271034018,0.03260959201388889,7.6639996135208355,26.159708060124657,0.8797392845153809,7,0.12026071548461914,noise_sigma45.9,noise,45.9,2
c3c28990-04db5664.jpg,16663.752171698678,0.013640407986111111,7.774623389862612,28.569316457365005,0.8626871109008789,6,0.1373128890991211,noise_sigma45.9,noise,45.9,2
c3e87419-dd6f2321.jpg,15544.873705477723,0.017842881944444444,7.774154609006911,27.7984658342305,0.7828413844108582,4,0.21715861558914185,noise_sigma45.9,noise,45.9,2
c41203a6-f2bee3f0.jpg,15970.207477840173,0.02066623263888889,7.872463293543239,27.780260806391805,0.6828891634941101,1,0.3171108365058899,noise_sigma45.9,noise,45.9,2
c414ea72-128822b2.jpg,16601.799747079123,0.006444227430555556,7.868823698495012,28.54073343455134,0.8202638626098633,6,0.17973613739013672,noise_sigma45.9,noise,45.9,2
c43052f6-d90711e9.jpg,15835.021793641448,0.018618706597222222,7.853500591826437,27.617792110179312,0.8471494913101196,11,0.15285050868988037,noise_sigma45.9,noise,45.9,2
c43c290b-61f94939.jpg,16945.76835450935,0.004879557291666667,7.741198977255075,28.95570367241263,0.77428138256073,4,0.22571861743927002,noise_sigma45.9,noise,45.9,2
c4a9c191-20e1a3c3.jpg,15805.587462847807,0.033643663194444444,7.804405375401926,27.717789779411586,0.8748495578765869,4,0.12515044212341309,noise_sigma45.9,noise,45.9,2
c4d83625-8af1c66e.jpg,17255.83528420964,0.0031336805555555554,7.722299383492928,29.26999650046837,0.303745836019516,1,0.696254163980484,noise_sigma45.9,noise,45.9,2
c4f65761-92ca62d4.jpg,16081.960139068397,0.01844943576388889,7.75754454669074,28.02134402673613,0.7571847438812256,5,0.24281525611877441,noise_sigma45.9,noise,45.9,2
c5578df5-1318c8a5.jpg,15903.183407918252,0.021575520833333334,7.912889928817619,27.720506465279477,0.8088220357894897,6,0.19117796421051025,noise_sigma45.9,noise,45.9,2
c5584f14-7fcc4797.jpg,13346.08494189785,0.06072265625,7.5167749060988855,25.345051503387346,0.5621784925460815,1,0.43782150745391846,noise_sigma45.9,noise,45.9,2
c55ab634-b93da9ef.jpg,15947.751353217225,0.013731553819444445,7.823359990768408,27.971829729229917,0.4125520884990692,2,0.5874479115009308,noise_sigma45.9,noise,45.9,2
c563b8a0-c21b10e8.jpg,16081.111894787546,0.01441189236111111,7.85738039050221,28.015407792667336,0.6632556319236755,10,0.33674436807632446,noise_sigma45.9,noise,45.9,2
c564c92b-2f727c05.jpg,14084.009074362217,0.04174696180555556,7.720036898412739,25.95647564498495,0.7876845598220825,3,0.21231544017791748,noise_sigma45.9,noise,45.9,2
c5b2506d-1241a008.jpg,14776.31948632042,0.03365017361111111,7.634204234645544,26.681344299640557,0.7460727095603943,6,0.2539272904396057,noise_sigma45.9,noise,45.9,2
c5b7db86-88bceca0.jpg,14347.359460873013,0.04307942708333334,7.762668014095293,25.849213675205473,0.612692654132843,6,0.387307345867157,noise_sigma45.9,noise,45.9,2
c5b80ec1-6efedb0e.jpg,17428.701229169008,0.008707682291666666,7.681393338800402,29.205068983023892,0.21039263904094696,0,0.789607360959053,noise_sigma45.9,noise,45.9,2
c5c9ead6-dab2dae6.jpg,16004.211338627274,0.014200303819444444,7.925905964225294,28.126133798717273,0.24157987534999847,0,0.7584201246500015,noise_sigma45.9,noise,45.9,2
c5dd7de4-53608747.jpg,15923.671915687399,0.008855251736111111,7.697923060702568,28.002907714094203,0.5084999799728394,1,0.49150002002716064,noise_sigma45.9,noise,45.9,2
c5e8ab3b-6e92761c.jpg,17285.858022148812,0.0021799045138888888,7.494542323690033,29.416340821501166,0.8441592454910278,2,0.15584075450897217,noise_sigma45.9,noise,45.9,2
c5f2e071-fcf05969.jpg,15633.01797181892,0.009542100694444444,7.888416696448092,27.73692153996087,0.7786421179771423,5,0.22135788202285767,noise_sigma45.9,noise,45.9,2
c640ffda-035e5b98.jpg,16378.149983091975,0.015616319444444445,7.876203158613924,28.374741742654958,0.6257361173629761,2,0.3742638826370239,noise_sigma45.9,noise,45.9,2
c675081b-df5291b4.jpg,15423.770138810463,0.016889105902777778,7.631916150379344,27.468509834746396,0.5672478079795837,8,0.43275219202041626,noise_sigma45.9,noise,45.9,2
c6758a15-46130d04.jpg,16209.012215501189,0.009469401041666667,7.894955267104567,28.20562747827242,0.5816054940223694,2,0.4183945059776306,noise_sigma45.9,noise,45.9,2
c685aea9-2f9e84d2.jpg,17073.248487681518,0.006133897569444445,7.834986772304304,28.843370737793776,0.7473148107528687,2,0.25268518924713135,noise_sigma45.9,noise,45.9,2
c71de7ef-ad5d9110.jpg,15593.70582914343,0.019844835069444445,7.869162079321272,27.47488837823712,0.9160990118980408,6,0.08390098810195923,noise_sigma45.9,noise,45.9,2
c734eb0a-9d6807cb.jpg,14727.687442063216,0.008328993055555555,7.835374780935187,27.07756316760827,0.817145824432373,4,0.18285417556762695,noise_sigma45.9,noise,45.9,2
c737e602-e8793fdc.jpg,16838.10045649979,0.005695529513888889,7.802535549493847,28.78507126004509,0.8297733068466187,16,0.17022669315338135,noise_sigma45.9,noise,45.9,2
c7fee392-08329b19.jpg,16328.218569903194,0.009895833333333333,7.822962926665223,28.27286306325624,0.6505589485168457,4,0.3494410514831543,noise_sigma45.9,noise,45.9,2
c80cf60a-9a7aabc6.jpg,15914.385612113745,0.02666015625,7.922920013505496,27.879695060379984,0.8467769026756287,11,0.15322309732437134,noise_sigma45.9,noise,45.9,2
c8152bfa-28181ba4.jpg,14134.311133139292,0.022937282986111113,7.6124543193940255,26.148569739123314,0.815088152885437,8,0.184911847114563,noise_sigma45.9,noise,45.9,2
c85ca3b9-72a968aa.jpg,16016.956188535472,0.012110460069444445,7.8038996502658495,28.150958898763456,0.7098129987716675,2,0.2901870012283325,noise_sigma45.9,noise,45.9,2
c8792c3c-a42cb3f6.jpg,16080.768868416295,0.010380859375,7.763878107438594,28.153032722146772,0.7123361229896545,7,0.28766387701034546,noise_sigma45.9,noise,45.9,2
c88b26c5-0a03ff8e.jpg,15756.993722758762,0.015289713541666666,7.811240386490863,27.707497605667736,0.8405129909515381,3,0.15948700904846191,noise_sigma45.9,noise,45.9,2
c897cc2b-2a1bc9f0.jpg,15759.193761402497,0.012986111111111111,7.582760479959221,27.914678025081525,0.6147441267967224,2,0.3852558732032776,noise_sigma45.9,noise,45.9,2
c8a5a379-cb506f54.jpg,14913.234995469162,0.017991536458333332,7.776394043036442,26.856360651713462,0.6494190096855164,7,0.35058099031448364,noise_sigma45.9,noise,45.9,2
c8a830e0-95b22cac.jpg,16855.901974541393,0.008333333333333333,7.852446722822776,28.80750816238388,0.8134189248085022,3,0.1865810751914978,noise_sigma45.9,noise,45.9,2
c8bad943-c78f2df3.jpg,16775.942108533025,0.0040733506944444445,7.792443882369332,28.913044601840024,0.3609858453273773,1,0.6390141546726227,noise_sigma45.9,noise,45.9,2
c8e8f29f-09ac075a.jpg,15949.121792746975,0.005315755208333333,7.866816162289361,28.105322491634276,0.5861802697181702,7,0.41381973028182983,noise_sigma45.9,noise,45.9,2
c8ef1a34-e7c66c0c.jpg,13127.548166392795,0.045150824652777775,7.525383508668388,25.288044352240973,0.2988191843032837,1,0.7011808156967163,noise_sigma45.9,noise,45.9,2
c90b5398-63556b1c.jpg,16769.167774626072,0.006654730902777778,7.82892340089434,28.71896068440928,0.746342658996582,1,0.25365734100341797,noise_sigma45.9,noise,45.9,2
c911f50f-e7958776.jpg,16258.146921570162,0.01824435763888889,7.756368137611233,27.944934675723307,0.8798224329948425,6,0.12017756700515747,noise_sigma45.9,noise,45.9,2
c91a3cef-e63379c7.jpg,15371.678833046366,0.01033962673611111,7.922305173648292,27.529953055735874,0.7658548951148987,6,0.23414510488510132,noise_sigma45.9,noise,45.9,2
c9240f77-08db8836.jpg,15235.54406689284,0.014702690972222222,7.94612038477416,27.473094099871886,0.8177527785301208,6,0.18224722146987915,noise_sigma45.9,noise,45.9,2
c927d51b-cb5b7850.jpg,14677.782963296282,0.02331488715277778,7.7810356921463795,26.718162973646496,0.844315230846405,3,0.15568476915359497,noise_sigma45.9,noise,45.9,2
c928749e-62bc39dd.jpg,14491.369816099457,0.0300390625,7.614806692700702,26.759867766763247,0.6396560668945312,2,0.36034393310546875,noise_sigma45.9,noise,45.9,2
c9375798-85c143f7.jpg,16330.241021704935,0.014086371527777778,7.87699048694873,28.331068752285503,0.8726279139518738,9,0.12737208604812622,noise_sigma45.9,noise,45.9,2
c9403737-55c6220f.jpg,17096.35390841469,0.003716362847222222,7.6352922374215515,29.01314812484543,0.253728985786438,1,0.746271014213562,noise_sigma45.9,noise,45.9,2
c9403737-9675db60.jpg,15700.790685119164,0.018668619791666667,7.902460652286657,27.49816960669322,0.8400651216506958,7,0.1599348783493042,noise_sigma45.9,noise,45.9,2
c9403737-bf414a95.jpg,16487.626503974046,0.004461805555555556,7.613682781543603,28.6219326118878,0.1122303232550621,0,0.8877696767449379,noise_sigma45.9,noise,45.9,2
c96109b8-caf84a36.jpg,15972.336370036595,0.013587239583333334,7.721912725763475,27.8428222074536,0.8454583287239075,9,0.15454167127609253,noise_sigma45.9,noise,45.9,2
c992d89e-45d612c4.jpg,15215.863964060807,0.017731119791666666,7.886496656537208,27.334607771085924,0.6712103486061096,10,0.3287896513938904,noise_sigma45.9,noise,45.9,2
c9a9a2a9-57519e11.jpg,15664.790350017525,0.02710177951388889,7.839995528557386,27.419473814180723,0.8704525828361511,5,0.12954741716384888,noise_sigma45.9,noise,45.9,2
c9b29647-95da8336.jpg,15754.666309689657,0.010625,7.751876411965744,27.895484801051065,0.2364368736743927,0,0.7635631263256073,noise_sigma45.9,noise,45.9,2
c9b82f4e-fd73af29.jpg,16582.044095194047,0.01697048611111111,7.751431074849144,28.111327246102455,0.883586049079895,5,0.11641395092010498,noise_sigma45.9,noise,45.9,2
c9c31e57-45b42452.jpg,16652.24370380308,0.01587348090277778,7.912990523849982,28.341415104949796,0.7443575859069824,4,0.2556424140930176,noise_sigma45.9,noise,45.9,2
c9fb1a4c-0bd0ea9d.jpg,16632.26193439737,0.00501953125,7.873330541413759,28.452316623384863,0.16506709158420563,0,0.8349329084157944,noise_sigma45.9,noise,45.9,2
ca009e13-fdb666f6.jpg,16274.908413198496,0.015623914930555555,7.892718727439732,28.072533773210647,0.675172746181488,5,0.32482725381851196,noise_sigma45.9,noise,45.9,2
ca2c7c84-5902ee09.jpg,14209.340891935297,0.03678819444444444,7.5816875467931695,26.26812212871236,0.7093698382377625,4,0.29063016176223755,noise_sigma45.9,noise,45.9,2
b1d7b3ac-36f2d3b7.jpg,46116.83351387975,0.016112196180555555,7.968412391981417,47.78649280643933,0.38657525181770325,1,0.6134247481822968,noise_sigma96.9,noise,96.9,3
b20d494a-cdebe83e.jpg,42938.88096583611,0.029959852430555555,7.965227469305978,46.08178972516927,0.06202062591910362,0,0.9379793740808964,noise_sigma96.9,noise,96.9,3
b231a630-c4522992.jpg,46956.8693668873,0.0225,7.8497458662164625,48.344712792877566,0.05182095244526863,0,0.9481790475547314,noise_sigma96.9,noise,96.9,3
b25fdb41-4644e3f7.jpg,49414.62978061335,0.018225911458333334,7.8567855182922965,49.45480609221652,0.24557895958423615,0,0.7544210404157639,noise_sigma96.9,noise,96.9,3
b27d5dcb-856c0b43.jpg,46882.945305847315,0.02186306423611111,7.9272889707947165,48.193011132711625,0.4683821499347687,1,0.5316178500652313,noise_sigma96.9,noise,96.9,3
b2afce7f-0cb9967a.jpg,50520.07092728764,0.014469401041666666,7.914260999698106,50.29632332843949,,0,0.0,noise_sigma96.9,noise,96.9,3
b2e431b6-332c438d.jpg,40632.981936536686,0.03985894097222222,7.727398854714853,44.7507745931662,,0,0.0,noise_sigma96.9,noise,96.9,3
b2f4a409-5ddff11a.jpg,43132.06655300495,0.03135633680555556,7.7549945806559535,46.220496867202414,0.07720514386892319,0,0.9227948561310768,noise_sigma96.9,noise,96.9,3
b2fbf86d-d5de82a4.jpg,49121.46854785829,0.01689453125,7.88508127498547,49.4743737881971,0.5180623531341553,2,0.4819376468658447,noise_sigma96.9,noise,96.9,3
b3110036-a32dc26e.jpg,49179.85229645586,0.014405381944444445,7.952200268157055,49.48663985025672,0.19548846781253815,0,0.8045115321874619,noise_sigma96.9,noise,96.9,3
b3826fd8-774c2e0a.jpg,45852.878681278016,0.028151041666666668,7.816087205694606,47.68012638234481,,0,0.0,noise_sigma96.9,noise,96.9,3
b3875c8d-cc4081eb.jpg,43234.52196877739,0.02910373263888889,7.901631985680337,46.141646960701934,0.1612928807735443,0,0.8387071192264557,noise_sigma96.9,noise,96.9,3
b3a3d166-3a6a258d.jpg,48407.02309085886,0.013272569444444444,7.929609790646512,49.262738176968284,,0,0.0,noise_sigma96.9,noise,96.9,3
b3c26aff-417063a0.jpg,44181.726529093554,0.02321506076388889,7.919349537643357,46.78508742964308,0.38327017426490784,2,0.6167298257350922,noise_sigma96.9,noise,96.9,3
b3f3c908-baffb699.jpg,45179.01515412411,0.023297526041666666,7.788452151692494,47.234231363037125,0.1953727900981903,0,0.8046272099018097,noise_sigma96.9,noise,96.9,3
b4110365-9ae12ee1.jpg,49973.73859365568,0.012505425347222222,7.885888745127011,50.00600785967478,0.533589243888855,1,0.466410756111145,noise_sigma96.9,noise,96.9,3
b4543c78-db967acc.jpg,50357.70474531747,0.013458116319444444,7.934381455562383,50.19682647275753,0.5800772309303284,1,0.41992276906967163,noise_sigma96.9,noise,96.9,3
b46478b0-167fe009.jpg,47314.18609849944,0.019969618055555555,7.967103517355633,48.5026393378313,0.3625560700893402,1,0.6374439299106598,noise_sigma96.9,noise,96.9,3
b46478b0-1eb55806.jpg,46315.662005844446,0.021558159722222223,7.966672242863885,47.993464705302166,0.5736693143844604,6,0.42633068561553955,noise_sigma96.9,noise,96.9,3
b472aeb8-f6353af9.jpg,49980.6438993191,0.013932291666666667,7.814178160459981,49.979989229881205,,0,0.0,noise_sigma96.9,noise,96.9,3
b47f85d4-c6562257.jpg,47317.242897399694,0.017120225694444446,7.957987833250522,48.44920367022618,,0,0.0,noise_sigma96.9,noise,96.9,3
b48c7b5f-cec3fed8.jpg,47095.21757698035,0.01983181423611111,7.8989168830208065,48.43477796355212,0.736296534538269,1,0.26370346546173096,noise_sigma96.9,noise,96.9,3
b49698d7-1999d598.jpg,50164.75272456414,0.014753689236111112,7.905117770006118,50.07232126479847,0.5704993605613708,2,0.42950063943862915,noise_sigma96.9,noise,96.9,3
b4b1aa64-e3cbad0f.jpg,47085.632919346695,0.017438151041666666,7.9096984200981275,48.40756671458125,0.6461004614830017,3,0.3538995385169983,noise_sigma96.9,noise,96.9,3
b4ef573f-5122732a.jpg,51076.651735046355,0.007760416666666666,7.893936481496424,50.72570106157302,,0,0.0,noise_sigma96.9,noise,96.9,3
b4f2a76c-3ce3d91e.jpg,46119.77171213362,0.0182421875,7.916880085782218,47.926264860194436,0.27298668026924133,2,0.7270133197307587,noise_sigma96.9,noise,96.9,3
b4f49565-abd6b20b.jpg,45848.42278157513,0.025694444444444443,7.924032695425229,47.62095548901859,0.12837155163288116,0,0.8716284483671188,noise_sigma96.9,noise,96.9,3
b5032e1d-d2f24352.jpg,50074.51788872067,0.016995442708333332,7.90014469133798,49.965051327530695,0.7173697352409363,2,0.2826302647590637,noise_sigma96.9,noise,96.9,3
b54735e3-4c968f67.jpg,40944.512823601486,0.027708333333333335,7.608964291813617,44.92373738204033,0.11484002321958542,0,0.8851599767804146,noise_sigma96.9,noise,96.9,3
b54a8089-d1989d8f.jpg,45964.52624223047,0.020104166666666666,7.773258171155954,47.82918010468477,0.7956669330596924,4,0.20433306694030762,noise_sigma96.9,noise,96.9,3
b565c328-1e663060.jpg,47222.07099613665,0.02143771701388889,7.883802993219308,48.43956938337342,0.5588995814323425,1,0.44110041856765747,noise_sigma96.9,noise,96.9,3
b5961057-5e258e5e.jpg,47542.23185624411,0.02267578125,7.908518210304889,48.59985954064208,0.7595018148422241,4,0.24049818515777588,noise_sigma96.9,noise,96.9,3
b59d9baf-5fe6c3c0.jpg,50626.41390332043,0.015425347222222222,7.948182211681722,50.32365204095216,0.18150725960731506,0,0.8184927403926849,noise_sigma96.9,noise,96.9,3
b5a52ea9-2e1f4066.jpg,48941.91281560112,0.01253689236111111,7.884149203071151,49.554671045857965,,0,0.0,noise_sigma96.9,noise,96.9,3
b5b2f593-25b7b157.jpg,44976.93601476736,0.028988715277777778,7.901676078719917,47.121151988585794,,0,0.0,noise_sigma96.9,noise,96.9,3
b5b44d2d-60f87448.jpg,46753.35220390009,0.021319444444444443,7.922656817847379,48.239521004201045,0.26171714067459106,1,0.7382828593254089,noise_sigma96.9,noise,96.9,3
b5c30297-f0b3279b.jpg,47387.86352002835,0.012259114583333333,7.909305151471701,48.54338188600389,0.19760030508041382,0,0.8023996949195862,noise_sigma96.9,noise,96.9,3
b690e7dd-1a1d38d1.jpg,47832.07612910776,0.021852213541666665,7.8619279231443615,48.64737946200545,0.10456734150648117,0,0.8954326584935188,noise_sigma96.9,noise,96.9,3
b72812e8-c636249b.jpg,45931.64825755966,0.027684461805555557,7.851624777702374,47.63329166497526,0.5631958842277527,4,0.4368041157722473,noise_sigma96.9,noise,96.9,3
b72b3974-9667b29a.jpg,50337.123465046054,0.012369791666666666,7.918517840519621,50.13999642749394,0.6691072583198547,3,0.33089274168014526,noise_sigma96.9,noise,96.9,3
b736c477-fb345fa9.jpg,47227.3472249505,0.024215494791666667,7.8728031264432055,48.45280451965289,0.3800722360610962,1,0.6199277639389038,noise_sigma96.9,noise,96.9,3
b73a793e-ebf5917d.jpg,48516.55505692048,0.021146918402777777,7.926035409174707,48.9064758075417,,0,0.0,noise_sigma96.9,noise,96.9,3
b7404583-b504d500.jpg,48896.9308322459,0.016833767361111113,7.880668351757439,49.46398668752121,0.2917066216468811,2,0.7082933783531189,noise_sigma96.9,noise,96.9,3
b74111eb-d21a119b.jpg,47636.43937012074,0.020462239583333333,7.93231663661567,48.58183571625158,0.16897356510162354,0,0.8310264348983765,noise_sigma96.9,noise,96.9,3
b747b30e-991436c7.jpg,50178.45362233904,0.007095269097222222,7.8699815505261785,50.188850106398796,,0,0.0,noise_sigma96.9,noise,96.9,3
b784ff27-baf00daa.jpg,49194.865116526504,0.007912326388888889,7.8772838465763995,49.66022865606873,0.48339006304740906,1,0.5166099369525909,noise_sigma96.9,noise,96.9,3
b79307e6-6cfc1c5b.jpg,48829.42548121932,0.01688259548611111,7.9478300953074585,49.394706417397,0.20448289811611176,0,0.7955171018838882,noise_sigma96.9,noise,96.9,3
b7d9a95e-f9901594.jpg,46411.223239235755,0.022335069444444446,7.8533377670666376,47.98945614811701,0.2203844040632248,0,0.7796155959367752,noise_sigma96.9,noise,96.9,3
b7eb6c3d-e1598570.jpg,48839.43970967102,0.01972005208333333,7.942998835538057,49.326480587438716,0.7800658941268921,1,0.2199341058731079,noise_sigma96.9,noise,96.9,3
b7ec8e2f-b673fc33.jpg,50404.6802661743,0.004150390625,7.842285224135227,50.286594342297214,,0,0.0,noise_sigma96.9,noise,96.9,3
b7f452e4-1e8b6f3a.jpg,47901.71349166538,0.020001085069444445,7.913290058819467,48.829099658734265,,0,0.0,noise_sigma96.9,noise,96.9,3
b7fd2970-e46faf78.jpg,49676.46250562639,0.016278211805555557,7.9219955671485,49.825845876014995,0.23468638956546783,0,0.7653136104345322,noise_sigma96.9,noise,96.9,3
b89bf84d-d2c2e5a7.jpg,47242.69261250641,0.02152126736111111,7.946503310718844,48.399883096506926,0.6822279691696167,7,0.3177720308303833,noise_sigma96.9,noise,96.9,3
b8b15e54-2ccd7fd0.jpg,48670.49770837672,0.01810112847222222,7.9182559317746035,49.219749480022564,0.2841828167438507,1,0.7158171832561493,noise_sigma96.9,noise,96.9,3
b8c7c957-84df8251.jpg,47874.07581759134,0.018602430555555556,7.901504431515905,48.95069787167631,,0,0.0,noise_sigma96.9,noise,96.9,3
b8ca6c5d-22de751a.jpg,44993.2577326961,0.021372612847222222,7.763802051191851,47.256388265072786,0.620532214641571,4,0.37946778535842896,noise_sigma96.9,noise,96.9,3
b8e63e55-369d821c.jpg,43810.01954025503,0.03041232638888889,7.963303203227435,46.532303611265924,0.053031641989946365,0,0.9469683580100536,noise_sigma96.9,noise,96.9,3
b919f6f7-9c71d913.jpg,47371.08355973758,0.02235785590277778,7.912394463245212,48.41782474194667,0.09601472318172455,0,0.9039852768182755,noise_sigma96.9,noise,96.9,3
b94daedc-7045933e.jpg,45774.37585556876,0.03321072048611111,7.897515101624121,47.54356499873221,0.1554502248764038,0,0.8445497751235962,noise_sigma96.9,noise,96.9,3
b94f6bc8-32f10d36.jpg,48766.830474845236,0.02003472222222222,7.939961851834667,49.196918528476694,0.2128235250711441,0,0.7871764749288559,noise_sigma96.9,noise,96.9,3
b9597719-09a2458c.jpg,47229.02612508072,0.016351996527777777,7.9192967257398115,48.51790231370447,,0,0.0,noise_sigma96.9,noise,96.9,3
b9c2521e-2db68bde.jpg,46186.8147506011,0.015272352430555556,7.946578390686593,47.97864631527616,0.7142466902732849,4,0.2857533097267151,noise_sigma96.9,noise,96.9,3
b9e4cb3d-975f9d1d.jpg,48220.46290062904,0.021162109375,7.8667725835325975,48.98079175791425,,0,0.0,noise_sigma96.9,noise,96.9,3
b9e4cb3d-98ed4484.jpg,49194.65156995697,0.011304253472222222,7.944225249002468,49.6246633817937,,0,0.0,noise_sigma96.9,noise,96.9,3
ba122c97-403fd75d.jpg,50506.55610455184,0.011786024305555556,7.8343576296601976,50.375388584766604,0.17944958806037903,0,0.820550411939621,noise_sigma96.9,noise,96.9,3
ba41a907-1793986f.jpg,44711.05929887836,0.02170681423611111,7.955073884660617,47.14601943014123,0.21186307072639465,0,0.7881369292736053,noise_sigma96.9,noise,96.9,3
ba4bcdc5-3d4f7a56.jpg,48363.42671377054,0.017075737847222223,7.922502077528181,49.06786957576122,0.22405096888542175,0,0.7759490311145782,noise_sigma96.9,noise,96.9,3
ba4d05f6-24c9c3cf.jpg,44254.018621348034,0.032347005208333335,7.825104366533259,46.71065811329415,0.1881067156791687,0,0.8118932843208313,noise_sigma96.9,noise,96.9,3
bab692c9-3cd892ff.jpg,47805.20108847889,0.01792209201388889,7.925541581199544,48.780622045277184,0.220014289021492,0,0.779985710978508,noise_sigma96.9,noise,96.9,3
bab692c9-a16f15b4.jpg,44651.532341529215,0.026693793402777777,7.855833021632117,46.89503262183958,,0,0.0,noise_sigma96.9,noise,96.9,3
bae5905c-b009aff3.jpg,47780.69858194129,0.01814453125,7.916574696885355,48.71339397249662,0.4826979637145996,1,0.5173020362854004,noise_sigma96.9,noise,96.9,3
baf870f0-a1a64cd6.jpg,48885.856945079395,0.01832790798611111,7.927309503712643,49.348871961272934,0.43687212467193604,2,0.563127875328064,noise_sigma96.9,noise,96.9,3
bb051d4e-49d5fed8.jpg,46977.66625508043,0.01973415798611111,7.933444682305337,48.295788544790625,0.5032848715782166,1,0.49671512842178345,noise_sigma96.9,noise,96.9,3
bb4abf02-01cd2796.jpg,49817.13613566095,0.01433376736111111,7.925672292272061,49.967427004899335,0.6450227499008179,1,0.35497725009918213,noise_sigma96.9,noise,96.9,3
bb725082-6cfb3269.jpg,44852.59423953037,0.0275,7.935805395452211,47.11672092687819,0.46600085496902466,1,0.5339991450309753,noise_sigma96.9,noise,96.9,3
bb76c63a-f232154d.jpg,46126.367158758476,0.027771267361111112,7.833275630398489,47.7116275546591,0.1972021758556366,0,0.8027978241443634,noise_sigma96.9,noise,96.9,3
bb9071ac-8e2bc8fe.jpg,47937.174734581335,0.016351996527777777,7.939205431628903,48.9540815501362,0.3561142086982727,1,0.6438857913017273,noise_sigma96.9,noise,96.9,3
bb9f498e-5ea84006.jpg,49393.518709747186,0.01399197048611111,7.910664508338554,49.65920358178827,0.204087033867836,0,0.795912966132164,noise_sigma96.9,noise,96.9,3
bb9f498e-62cc407e.jpg,46834.21476592322,0.02474392361111111,7.928015942359371,48.1531791546305,0.06186652556061745,0,0.9381334744393826,noise_sigma96.9,noise,96.9,3
bbb1289a-b49fe5de.jpg,48040.99313167853,0.020125868055555555,7.89148276832824,49.00892427617516,0.6704058051109314,1,0.3295941948890686,noise_sigma96.9,noise,96.9,3
bc24f222-f198b643.jpg,48188.46320494623,0.015804036458333334,7.955024474125212,49.14064848381937,,0,0.0,noise_sigma96.9,noise,96.9,3
bc5fadac-96776d48.jpg,48938.38435546057,0.01251193576388889,7.843825537988781,49.4861378984938,,0,0.0,noise_sigma96.9,noise,96.9,3
bc5fadac-fa6dd225.jpg,48577.96297923673,0.014376085069444445,7.946663538917945,49.377896155295915,,0,0.0,noise_sigma96.9,noise,96.9,3
bcaa771b-806e4fcd.jpg,49328.505332598834,0.01,7.917747782694003,49.71160119948911,0.058471109718084335,0,0.9415288902819157,noise_sigma96.9,noise,96.9,3
bcaf57de-8a71dbde.jpg,47690.11093918998,0.016504991319444443,7.931516415381861,48.76924834190719,0.17501820623874664,0,0.8249817937612534,noise_sigma96.9,noise,96.9,3
bcfdd6af-c3d0b55a.jpg,49558.0235858728,0.017741970486111112,7.927156726845871,49.74169599629713,0.3467784523963928,1,0.6532215476036072,noise_sigma96.9,noise,96.9,3
bd338426-4b27de63.jpg,49937.95374378796,0.012161458333333333,7.92560516535334,49.99563418990775,,0,0.0,noise_sigma96.9,noise,96.9,3
bd5d35a0-1357b0da.jpg,49649.393079459915,0.012473958333333333,7.900839079011542,49.75907968991333,,0,0.0,noise_sigma96.9,noise,96.9,3
bd8f4dfa-4e126a95.jpg,46792.74993592022,0.01883572048611111,7.946137431808418,48.263043533731384,,0,0.0,noise_sigma96.9,noise,96.9,3
bdfc0f1d-375eba4a.jpg,49088.57373046853,0.013426649305555555,7.91713250404,49.59247495670287,,0,0.0,noise_sigma96.9,noise,96.9,3
be047105-0662bd2d.jpg,47286.754225870725,0.01935763888888889,7.9502612438745945,48.40816086156593,0.18421609699726105,0,0.815783903002739,noise_sigma96.9,noise,96.9,3
be448414-11891b58.jpg,51234.04760074802,0.012669270833333333,7.910511284170271,50.685827880195255,,0,0.0,noise_sigma96.9,noise,96.9,3
be8590fa-9ab10ced.jpg,44311.97146571708,0.028455946180555556,7.896347133162598,46.833275026526024,0.29787588119506836,1,0.7021241188049316,noise_sigma96.9,noise,96.9,3
beaa0c22-9f7d6767.jpg,50911.95244700618,0.010169270833333334,7.849711838213632,50.54364873440335,,0,0.0,noise_sigma96.9,noise,96.9,3
beb87fd7-6120b637.jpg,47857.10268285792,0.01925238715277778,7.89813650942418,48.780499118314836,0.5677224397659302,3,0.4322775602340698,noise_sigma96.9,noise,96.9,3
bed001a8-2339fb95.jpg,45183.3478869218,0.018338758680555556,7.908380536975141,47.469980236143115,,0,0.0,noise_sigma96.9,noise,96.9,3
bee1f0a4-22dbabcd.jpg,50576.202932912194,0.013394097222222222,7.91011504229111,50.27954926149953,0.1669808179140091,0,0.8330191820859909,noise_sigma96.9,noise,96.9,3
bfaca2bb-f1c305a8.jpg,46775.66522875462,0.022505425347222222,7.904321022633891,48.12015209448543,0.6144057512283325,4,0.3855942487716675,noise_sigma96.9,noise,96.9,3
bfd64d5f-a12327b4.jpg,50423.75022480008,0.01681423611111111,7.940960972018811,50.11727269557634,0.0882451981306076,0,0.9117548018693924,noise_sigma96.9,noise,96.9,3
bfd64d5f-d141be33.jpg,48646.14424506817,0.021701388888888888,7.830502700231742,49.133399662963726,,0,0.0,noise_sigma96.9,noise,96.9,3
c022e075-de13593a.jpg,45401.06756509665,0.023170572916666667,7.8887776553314515,47.50878281473584,,0,0.0,noise_sigma96.9,noise,96.9,3
c02d18db-023c1955.jpg,49240.355700409644,0.018209635416666668,7.89564002333775,49.56742449055905,0.7729102373123169,1,0.2270897626876831,noise_sigma96.9,noise,96.9,3
c036f281-a0c90e9a.jpg,45110.735820949194,0.02367947048611111,7.853624434722651,47.313360586913156,0.13472360372543335,0,0.8652763962745667,noise_sigma96.9,noise,96.9,3
c05767da-e6e016b5.jpg,50125.981190943014,0.011878255208333334,7.922744154152033,50.0750283896804,0.15894994139671326,0,0.8410500586032867,noise_sigma96.9,noise,96.9,3
c0677163-8371743a.jpg,45452.197638966565,0.025176866319444446,7.888513419669815,47.55863470610346,0.13350780308246613,0,0.8664921969175339,noise_sigma96.9,noise,96.9,3
c0c954a7-0c7fa0bb.jpg,47514.649434233506,0.018408203125,7.960786509049155,48.60916374583668,0.4085606336593628,1,0.5914393663406372,noise_sigma96.9,noise,96.9,3
c0e24bac-d541b20d.jpg,46805.61770263624,0.01926974826388889,7.901956489648587,48.33168321779625,,0,0.0,noise_sigma96.9,noise,96.9,3
c0e74e90-9684bfc2.jpg,49432.43910933111,0.017047526041666667,7.897626946889604,49.73468005374238,,0,0.0,noise_sigma96.9,noise,96.9,3
c11add12-bb59c2a1.jpg,48816.068366790496,0.020584852430555557,7.908396320706536,49.25423823280696,0.932644784450531,1,0.067355215549469,noise_sigma96.9,noise,96.9,3
c1211833-1ba939db.jpg,48706.96926620818,0.018578559027777778,7.941346431848782,49.250446391303576,0.05312596261501312,0,0.9468740373849869,noise_sigma96.9,noise,96.9,3
c12e6924-5860d30a.jpg,47304.73749226888,0.017996961805555555,7.961227198946351,48.57598666926904,0.45548999309539795,1,0.544510006904602,noise_sigma96.9,noise,96.9,3
c15c29a5-74788f46.jpg,47018.16601013745,0.02362630208333333,7.8533841130135755,48.26275829765023,0.1407172977924347,0,0.8592827022075653,noise_sigma96.9,noise,96.9,3
c1757757-140fa8b6.jpg,47608.78662388329,0.022152777777777778,7.876782455246039,48.67543344359598,0.6882085204124451,6,0.31179147958755493,noise_sigma96.9,noise,96.9,3
c197a2a7-20f63536.jpg,49737.82208717342,0.017063802083333333,7.859341772836277,49.735561030305874,,0,0.0,noise_sigma96.9,noise,96.9,3
c197a2a7-5b960a7f.jpg,43875.040069752584,0.03330729166666667,7.751013911068937,46.557226597596944,,0,0.0,noise_sigma96.9,noise,96.9,3
c1a07cae-73529cf4.jpg,48013.94606357893,0.010940755208333333,7.915631145795528,48.96298396627795,,0,0.0,noise_sigma96.9,noise,96.9,3
c1b3582d-7a6b9124.jpg,46355.06818047887,0.02240234375,7.9199571873757275,48.00227082865675,,0,0.0,noise_sigma96.9,noise,96.9,3
c1b3582d-b9c87c82.jpg,48652.78733453141,0.017046440972222222,7.934831738888031,49.18657946037314,0.07596930116415024,0,0.9240306988358498,noise_sigma96.9,noise,96.9,3
c1b5a91c-9e402e78.jpg,46005.20836987457,0.024645182291666668,7.92276189808962,47.84387260839563,0.3300560712814331,1,0.6699439287185669,noise_sigma96.9,noise,96.9,3
c1bbc01a-42a391bd.jpg,51047.9852482393,0.013032769097222223,7.929466428370413,50.5850548605301,,0,0.0,noise_sigma96.9,noise,96.9,3
c1bd4140-1f2bd79e.jpg,47116.40953961632,0.017584635416666668,7.870419151210575,48.3760978675052,0.21638725697994232,0,0.7836127430200577,noise_sigma96.9,noise,96.9,3
c1fdd182-0431866d.jpg,50630.04984721253,0.009990234375,7.884263891628029,50.43767772537105,,0,0.0,noise_sigma96.9,noise,96.9,3
c242b4b8-0dab228f.jpg,49904.91537390433,0.009580078125,7.922306346124298,50.0315281799858,,0,0.0,noise_sigma96.9,noise,96.9,3
c292800e-4290dbb9.jpg,47349.2045476447,0.020387369791666665,7.922253471905185,48.50824093739148,0.10976782441139221,0,0.8902321755886078,noise_sigma96.9,noise,96.9,3
c2987e05-cb9bfcee.jpg,45576.657011395466,0.02566948784722222,7.930950748886324,47.55161398305573,,0,0.0,noise_sigma96.9,noise,96.9,3
c29d13ba-67447c50.jpg,47144.05428674234,0.015028211805555556,7.949227666149109,48.494091588740176,0.5715503692626953,3,0.4284496307373047,noise_sigma96.9,noise,96.9,3
c2b457e5-36e3ecee.jpg,46839.61521598034,0.022998046875,7.9280491034206015,48.17164278437517,0.3717001676559448,2,0.6282998323440552,noise_sigma96.9,noise,96.9,3
c2d051a0-31c90f75.jpg,48288.52926186375,0.02283962673611111,7.953250715960976,48.8667535531566,0.17007774114608765,0,0.8299222588539124,noise_sigma96.9,noise,96.9,3
c2f88368-4292c1a0.jpg,46450.467788232316,0.023075086805555554,7.97874472622075,47.98898697687738,0.6528671979904175,1,0.3471328020095825,noise_sigma96.9,noise,96.9,3
c2f8b141-5ef7d661.jpg,48614.648661011604,0.021725260416666666,7.950220649507417,49.094472791553514,0.46641239523887634,1,0.5335876047611237,noise_sigma96.9,noise,96.9,3
c30226a9-f882478c.jpg,47673.16365806635,0.019467230902777778,7.943275869511561,48.67339103488082,0.12269844114780426,0,0.8773015588521957,noise_sigma96.9,noise,96.9,3
c3287e28-f6bcc9ef.jpg,48777.45724436093,0.015833333333333335,7.953583654625061,49.35027059693343,,0,0.0,noise_sigma96.9,noise,96.9,3
c3436372-070af78a.jpg,47511.926350164555,0.02032009548611111,7.959394568760645,48.54764312638943,,0,0.0,noise_sigma96.9,noise,96.9,3
c3436372-eb18934d.jpg,48498.981226228774,0.012848307291666666,7.941726230996899,49.23708901098932,,0,0.0,noise_sigma96.9,noise,96.9,3
c352d9c5-d0019b8b.jpg,47200.73872173097,0.02476128472222222,7.91364890754946,48.46301292094832,0.07170259207487106,0,0.9282974079251289,noise_sigma96.9,noise,96.9,3
c3668a3d-22233f64.jpg,48114.46226912066,0.014504123263888889,7.943536433881807,49.03905595107189,0.22108139097690582,0,0.7789186090230942,noise_sigma96.9,noise,96.9,3
c366973d-c03525b0.jpg,47523.92233897732,0.019444444444444445,7.900056746549108,48.522170611008214,0.71727055311203,3,0.28272944688796997,noise_sigma96.9,noise,96.9,3
c3804a06-26cf84ff.jpg,48983.83020694987,0.019080946180555555,7.836390372137897,49.31730591083962,0.6182806491851807,1,0.38171935081481934,noise_sigma96.9,noise,96.9,3
c389631f-a4b2d909.jpg,49912.66941722727,0.013842230902777778,7.9183078992842315,49.971546423993125,,0,0.0,noise_sigma96.9,noise,96.9,3
c389631f-b7bb20cb.jpg,51130.75458677192,0.007754991319444444,7.9008651824439315,50.65957842088349,,0,0.0,noise_sigma96.9,noise,96.9,3
c39ddb2c-db949106.jpg,42859.38655112371,0.029913194444444444,7.7921201761598375,46.05676316149035,0.10870480537414551,0,0.8912951946258545,noise_sigma96.9,noise,96.9,3
c3c28990-04db5664.jpg,49506.235288145544,0.015239800347222223,7.877814033913985,49.75365565152098,0.7011878490447998,1,0.2988121509552002,noise_sigma96.9,noise,96.9,3
c3e87419-dd6f2321.jpg,46892.23250183834,0.021436631944444444,7.875497345506479,48.4190376213085,,0,0.0,noise_sigma96.9,noise,96.9,3
c41203a6-f2bee3f0.jpg,47970.705305376374,0.020576171875,7.9232488743367675,48.759677567318306,0.06352728605270386,0,0.9364727139472961,noise_sigma96.9,noise,96.9,3
c414ea72-128822b2.jpg,49374.156783832055,0.012549913194444444,7.9384150157243365,49.67746142269227,0.6203341484069824,1,0.3796658515930176,noise_sigma96.9,noise,96.9,3
c43052f6-d90711e9.jpg,47208.41867421617,0.021083984375,7.908568423019359,48.36593886463723,0.4534584581851959,2,0.5465415418148041,noise_sigma96.9,noise,96.9,3
c43c290b-61f94939.jpg,50596.86299463739,0.007569444444444445,7.89017570361333,50.438447612383385,0.20297278463840485,0,0.7970272153615952,noise_sigma96.9,noise,96.9,3
c4a9c191-20e1a3c3.jpg,47925.46744476541,0.025436197916666667,7.930073869847364,48.77605030049045,,0,0.0,noise_sigma96.9,noise,96.9,3
c4d83625-8af1c66e.jpg,50883.98533566168,0.01083984375,7.878710462623437,50.59143886744137,,0,0.0,noise_sigma96.9,noise,96.9,3
c4f65761-92ca62d4.jpg,48444.01543493425,0.01850151909722222,7.864475517528007,49.1028828169183,0.1218976229429245,0,0.8781023770570755,noise_sigma96.9,noise,96.9,3
c5578df5-1318c8a5.jpg,47256.432269477504,0.02334743923611111,7.948936041584425,48.42256562512789,0.30964982509613037,1,0.6903501749038696,noise_sigma96.9,noise,96.9,3
c5584f14-7fcc4797.jpg,42434.63699680491,0.04067274305555556,7.689103505275891,45.565678824968394,,0,0.0,noise_sigma96.9,noise,96.9,3
c55ab634-b93da9ef.jpg,47639.548526794395,0.019942491319444443,7.895868499632319,48.762840660173545,,0,0.0,noise_sigma96.9,noise,96.9,3
c563b8a0-c21b10e8.jpg,47932.30979482354,0.017874348958333335,7.914422136857361,48.9114912276055,0.3525421619415283,1,0.6474578380584717,noise_sigma96.9,noise,96.9,3
c564c92b-2f727c05.jpg,43318.39191208542,0.03173502604166667,7.814328442185277,46.08879587909554,0.081825390458107,0,0.918174609541893,noise_sigma96.9,noise,96.9,3
c5b2506d-1241a008.jpg,44748.089566273724,0.030107421875,7.775233772330741,46.96667969127404,0.0689970850944519,0,0.9310029149055481,noise_sigma96.9,noise,96.9,3
c5b7db86-88bceca0.jpg,42563.0373257648,0.036394314236111114,7.85636792983229,45.60458293212631,0.36496099829673767,1,0.6350390017032623,noise_sigma96.9,noise,96.9,3
c5b80ec1-6efedb0e.jpg,51954.76859692981,0.01023654513888889,7.887241201239331,50.999474431128576,0.13063280284404755,0,0.8693671971559525,noise_sigma96.9,noise,96.9,3
c5c9ead6-dab2dae6.jpg,48223.137197819015,0.018825954861111112,7.954776450286451,49.09305890384399,,0,0.0,noise_sigma96.9,noise,96.9,3
c5dd7de4-53608747.jpg,48011.60295152814,0.014794921875,7.835600249575416,48.89749439944452,0.07711639255285263,0,0.9228836074471474,noise_sigma96.9,noise,96.9,3
c5e8ab3b-6e92761c.jpg,51603.069431794196,0.004445529513888889,7.809940676745118,51.030101911440106,,0,0.0,noise_sigma96.9,noise,96.9,3
c5f2e071-fcf05969.jpg,46446.61891753444,0.01573025173611111,7.961735126202375,48.12779382633554,0.383649617433548,2,0.616350382566452,noise_sigma96.9,noise,96.9,3
c640ffda-035e5b98.jpg,49593.1707212387,0.018120659722222224,7.937657010607995,49.76195914018507,,0,0.0,noise_sigma96.9,noise,96.9,3
c675081b-df5291b4.jpg,46222.71325070516,0.022913411458333335,7.792964806410327,47.91207521881659,0.1710789054632187,0,0.8289210945367813,noise_sigma96.9,noise,96.9,3
c6758a15-46130d04.jpg,48501.401933534966,0.015414496527777778,7.943655026775736,49.11994462400716,0.2784341871738434,1,0.7215658128261566,noise_sigma96.9,noise,96.9,3
c685aea9-2f9e84d2.jpg,49583.79386675271,0.012942708333333334,7.918688006082443,49.81253174778009,0.4481852352619171,2,0.5518147647380829,noise_sigma96.9,noise,96.9,3
c71de7ef-ad5d9110.jpg,46002.02103812935,0.024474826388888888,7.920712979513944,47.750967824890836,0.27557072043418884,1,0.7244292795658112,noise_sigma96.9,noise,96.9,3
c734eb0a-9d6807cb.jpg,44379.024979357535,0.01940972222222222,7.962824823944912,47.044471060043186,0.09249487519264221,0,0.9075051248073578,noise_sigma96.9,noise,96.9,3
c737e602-e8793fdc.jpg,49615.15012908767,0.010244140625,7.908440868524848,49.85118157823997,0.6436526775360107,5,0.35634732246398926,noise_sigma96.9,noise,96.9,3
c7fee392-08329b19.jpg,48506.07915791972,0.014787326388888888,7.899625662248161,49.229325945674525,0.10647328943014145,0,0.8935267105698586,noise_sigma96.9,noise,96.9,3
c80cf60a-9a7aabc6.jpg,48133.29792110675,0.021631944444444443,7.965109317022599,48.93038601228849,0.3540726602077484,1,0.6459273397922516,noise_sigma96.9,noise,96.9,3
c8152bfa-28181ba4.jpg,42723.84562740597,0.026392144097222223,7.776991533850532,45.91565803312133,0.1035044863820076,0,0.8964955136179924,noise_sigma96.9,noise,96.9,3
c85ca3b9-72a968aa.jpg,48216.78025205443,0.017425130208333334,7.887111264807156,49.06175236588675,0.6103561520576477,1,0.3896438479423523,noise_sigma96.9,noise,96.9,3
c8792c3c-a42cb3f6.jpg,47764.35111780933,0.017353515625,7.879526332474173,48.84089746012435,,0,0.0,noise_sigma96.9,noise,96.9,3
c88b26c5-0a03ff8e.jpg,47245.074217947695,0.01995334201388889,7.8842567936211765,48.43723832393926,,0,0.0,noise_sigma96.9,noise,96.9,3
c897cc2b-2a1bc9f0.jpg,47216.641265386934,0.01873046875,7.780280582456728,48.56950090615005,,0,0.0,noise_sigma96.9,noise,96.9,3
c8a5a379-cb506f54.jpg,44672.60778653704,0.020995008680555555,7.872803991915069,46.99862613236306,,0,0.0,noise_sigma96.9,noise,96.9,3
c8a830e0-95b22cac.jpg,50320.72470081806,0.01396484375,7.928922380473434,50.21577361522077,0.07320338487625122,0,0.9267966151237488,noise_sigma96.9,noise,96.9,3
c8bad943-c78f2df3.jpg,49572.15703697245,0.008926866319444445,7.906705944053798,49.9543685192176,0.07795822620391846,0,0.9220417737960815,noise_sigma96.9,noise,96.9,3
c8e8f29f-09ac075a.jpg,47681.54461396362,0.013677300347222223,7.957097106048839,48.81820286644968,,0,0.0,noise_sigma96.9,noise,96.9,3
c8ef1a34-e7c66c0c.jpg,40709.0463963892,0.04077690972222222,7.746814584006615,44.74447913919632,0.4079901874065399,1,0.5920098125934601,noise_sigma96.9,noise,96.9,3
c90b5398-63556b1c.jpg,50001.165263315794,0.012828776041666667,7.926711586214992,50.025246839852336,0.1259681135416031,0,0.8740318864583969,noise_sigma96.9,noise,96.9,3
c911f50f-e7958776.jpg,48107.45424317852,0.020936414930555557,7.851480756123095,48.84448487864221,0.33186131715774536,2,0.6681386828422546,noise_sigma96.9,noise,96.9,3
c91a3cef-e63379c7.jpg,46026.3387293698,0.017855902777777776,7.969620034912186,47.88644813416234,0.6967663168907166,4,0.30323368310928345,noise_sigma96.9,noise,96.9,3
c9240f77-08db8836.jpg,45950.27229985971,0.019210069444444443,7.962207489123365,47.90538139043169,,0,0.0,noise_sigma96.9,noise,96.9,3
c927d51b-cb5b7850.jpg,44225.84004210656,0.025577256944444446,7.870754375140993,46.74850664207354,0.1284240037202835,0,0.8715759962797165,noise_sigma96.9,noise,96.9,3
c928749e-62bc39dd.jpg,44077.37426302117,0.03054904513888889,7.769336579359628,46.8389710977332,,0,0.0,noise_sigma96.9,noise,96.9,3
c9375798-85c143f7.jpg,49114.93893696406,0.018528645833333333,7.930764344016271,49.47598800132675,0.23528242111206055,0,0.7647175788879395,noise_sigma96.9,noise,96.9,3
c9403737-55c6220f.jpg,50313.60679091321,0.008441840277777777,7.847680557365317,50.1995499879011,0.14200271666049957,0,0.8579972833395004,noise_sigma96.9,noise,96.9,3
c9403737-9675db60.jpg,46269.7720507029,0.021767578125,7.9403376359184685,47.92660700690631,0.6852949857711792,2,0.3147050142288208,noise_sigma96.9,noise,96.9,3
c9403737-bf414a95.jpg,49343.28905239877,0.010441623263888889,7.818455705561378,49.712535899688,,0,0.0,noise_sigma96.9,noise,96.9,3
c96109b8-caf84a36.jpg,46540.626203467036,0.01990993923611111,7.835778406293556,48.129091844000925,0.5557114481925964,3,0.44428855180740356,noise_sigma96.9,noise,96.9,3
c992d89e-45d612c4.jpg,45978.350124124736,0.020732421875,7.925790946972011,47.8402854175203,0.3408317565917969,2,0.6591682434082031,noise_sigma96.9,noise,96.9,3
c9a9a2a9-57519e11.jpg,46698.35854025921,0.025567491319444444,7.892500059816938,48.146794464791654,0.7820488810539246,1,0.21795111894607544,noise_sigma96.9,noise,96.9,3
c9b29647-95da8336.jpg,47750.60232899159,0.01587890625,7.871014218215174,48.745833714932694,,0,0.0,noise_sigma96.9,noise,96.9,3
c9b82f4e-fd73af29.jpg,47913.89701713945,0.017924262152777776,7.853384943901585,48.77854070969061,0.08736126124858856,0,0.9126387387514114,noise_sigma96.9,noise,96.9,3
c9c31e57-45b42452.jpg,49361.32165708448,0.01739040798611111,7.954078109776551,49.577862583160055,,0,0.0,noise_sigma96.9,noise,96.9,3
c9fb1a4c-0bd0ea9d.jpg,49363.65775171126,0.011853298611111111,7.944848388055341,49.54029883517678,0.07254233211278915,0,0.9274576678872108,noise_sigma96.9,noise,96.9,3
ca009e13-fdb666f6.jpg,48384.02941516149,0.01801106770833333,7.936445491424737,49.058533955898454,0.320549339056015,1,0.679450660943985,noise_sigma96.9,noise,96.9,3
ca2c7c84-5902ee09.jpg,43185.836954372324,0.03386176215277778,7.743157379323611,46.15968398835876,0.07495369017124176,0,0.9250463098287582,noise_sigma96.9,noise,96.9,3
b1d7b3ac-36f2d3b7.jpg,44.623730188147235,0.0,6.371417699657539,0.29014246044733216,0.7886329293251038,3,0.21136707067489624,dark_gain0.5,dark,0.5,1
b20d494a-cdebe83e.jpg,17.76693010443111,0.0036176215277777778,6.415980036789608,0.1270946416566664,0.6562877297401428,2,0.3437122702598572,dark_gain0.5,dark,0.5,1
b231a630-c4522992.jpg,50.012125220092734,1.4105902777777777e-05,6.440355485823122,0.3762113666329603,0.8611716628074646,8,0.1388283371925354,dark_gain0.5,dark,0.5,1
b25fdb41-4644e3f7.jpg,265.1804253451453,0.05009440104166667,6.51344275741457,1.0060139996716826,0.8849515318870544,5,0.11504846811294556,dark_gain0.5,dark,0.5,1
b27d5dcb-856c0b43.jpg,68.25220908082561,0.02063259548611111,6.68962734434284,0.427310966668419,0.8107203841209412,6,0.18927961587905884,dark_gain0.5,dark,0.5,1
b2afce7f-0cb9967a.jpg,81.89785270676673,0.011513671875,6.6441486614200045,0.4635505180961847,0.8319907188415527,6,0.16800928115844727,dark_gain0.5,dark,0.5,1
b2e431b6-332c438d.jpg,51.809568538400875,0.017955729166666667,5.930636129629953,0.309900920862071,0.9014923572540283,3,0.09850764274597168,dark_gain0.5,dark,0.5,1
b2f4a409-5ddff11a.jpg,67.20425514491987,0.040438368055555556,6.318532199553859,0.40455673065275427,0.5062774419784546,4,0.4937225580215454,dark_gain0.5,dark,0.5,1
b2fbf86d-d5de82a4.jpg,119.57762544702138,7.486979166666666e-05,6.456824472847638,0.480457755912018,0.8722769618034363,12,0.12772303819656372,dark_gain0.5,dark,0.5,1
b3110036-a32dc26e.jpg,133.79864993093517,0.01269748263888889,6.652150960116764,0.4593889851356584,0.9137431383132935,4,0.08625686168670654,dark_gain0.5,dark,0.5,1
b3826fd8-774c2e0a.jpg,48.071004717320584,0.0067892795138888885,6.229510632738412,0.3198951105434881,0.8568425178527832,15,0.1431574821472168,dark_gain0.5,dark,0.5,1
b3875c8d-cc4081eb.jpg,97.37087237830931,0.0213671875,6.5147093517347745,0.48607460752123116,0.8879681825637817,9,0.11203181743621826,dark_gain0.5,dark,0.5,1
b3a3d166-3a6a258d.jpg,36.67266568365096,0.0,6.450167303557405,0.2568404081346385,0.8762732744216919,3,0.1237267255783081,dark_gain0.5,dark,0.5,1
b3c26aff-417063a0.jpg,88.0120148601944,0.030979817708333333,6.47070351520231,0.3703252139191958,0.8293477892875671,9,0.17065221071243286,dark_gain0.5,dark,0.5,1
b3f3c908-baffb699.jpg,225.96311981705557,0.07165473090277778,6.386629658734364,1.0918238486662883,0.7444486618041992,3,0.2555513381958008,dark_gain0.5,dark,0.5,1
b4110365-9ae12ee1.jpg,44.15049367454319,0.0,6.370389090997896,0.26638955668385117,0.8464906215667725,5,0.15350937843322754,dark_gain0.5,dark,0.5,1
b4543c78-db967acc.jpg,109.97763237477993,0.003894314236111111,6.665703650956955,0.48893789517384867,0.7491293549537659,3,0.25087064504623413,dark_gain0.5,dark,0.5,1
b46478b0-167fe009.jpg,20.16545133696661,0.013236762152777777,6.641476269768025,0.1783829573435816,0.4919177293777466,1,0.5080822706222534,dark_gain0.5,dark,0.5,1
b46478b0-1eb55806.jpg,45.73822789789714,0.047450086805555555,6.647088412839993,0.26662402848240385,0.8318114280700684,15,0.16818857192993164,dark_gain0.5,dark,0.5,1
b472aeb8-f6353af9.jpg,106.60768214076948,0.012376302083333334,6.373381376503104,0.6108215718395732,0.753905713558197,7,0.24609428644180298,dark_gain0.5,dark,0.5,1
b47f85d4-c6562257.jpg,70.81803058496992,0.020633680555555554,6.621356364560292,0.3456314636087067,0.8472594022750854,5,0.15274059772491455,dark_gain0.5,dark,0.5,1
b48c7b5f-cec3fed8.jpg,60.092545021385604,0.00018663194444444445,6.499594729686827,0.3830738781273001,0.8729918003082275,9,0.12700819969177246,dark_gain0.5,dark,0.5,1
b49698d7-1999d598.jpg,32.437389229287035,0.010913628472222223,6.562964004383,0.2535020305367982,0.8407052159309387,12,0.15929478406906128,dark_gain0.5,dark,0.5,1
b4b1aa64-e3cbad0f.jpg,138.25356286064317,0.005340711805555555,6.55276526589705,0.5603914684638654,0.8743209838867188,17,0.12567901611328125,dark_gain0.5,dark,0.5,1
b4ef573f-5122732a.jpg,77.87874067471346,1.0850694444444445e-05,6.508615225770285,0.44780107015165144,0.8540186285972595,4,0.14598137140274048,dark_gain0.5,dark,0.5,1
b4f2a76c-3ce3d91e.jpg,76.13689826793906,0.0009613715277777778,6.540806216845612,0.32441859511537247,0.9598454833030701,6,0.04015451669692993,dark_gain0.5,dark,0.5,1
b4f49565-abd6b20b.jpg,115.12254754125799,0.005356987847222223,6.635086029839922,0.517808658136419,0.7033277153968811,8,0.2966722846031189,dark_gain0.5,dark,0.5,1
b5032e1d-d2f24352.jpg,100.71485911635291,0.02064453125,6.559593955600585,0.5052496201498626,0.8643951416015625,11,0.1356048583984375,dark_gain0.5,dark,0.5,1
b54735e3-4c968f67.jpg,66.07366526692707,0.0019976128472222222,5.917672180785397,0.3679470324828073,0.9230730533599854,9,0.07692694664001465,dark_gain0.5,dark,0.5,1
b54a8089-d1989d8f.jpg,94.04153880798786,0.01848198784722222,6.4860065431414435,0.5857294471140674,0.8982019424438477,13,0.10179805755615234,dark_gain0.5,dark,0.5,1
b565c328-1e663060.jpg,81.08553796650445,0.005927734375,6.6008496021449306,0.41579362086650073,0.8201498985290527,10,0.17985010147094727,dark_gain0.5,dark,0.5,1
b5961057-5e258e5e.jpg,154.80804705537392,0.0007953559027777777,6.627591554501203,0.6681251135507184,0.9114564061164856,11,0.0885435938835144,dark_gain0.5,dark,0.5,1
b59d9baf-5fe6c3c0.jpg,70.71830237135595,0.018785807291666668,6.703127799982639,0.4362329600671339,0.7532684206962585,16,0.24673157930374146,dark_gain0.5,dark,0.5,1
b5a52ea9-2e1f4066.jpg,44.24741207494738,0.008550347222222223,6.4732810900717155,0.366222640372092,0.8169205188751221,3,0.18307948112487793,dark_gain0.5,dark,0.5,1
b5b2f593-25b7b157.jpg,93.41502744313935,0.047416449652777776,6.724818027712489,0.44868364021280566,0.8614861965179443,4,0.13851380348205566,dark_gain0.5,dark,0.5,1
b5b44d2d-60f87448.jpg,77.06635494429864,0.005698784722222222,6.584433322424757,0.4037709086638184,0.8392781019210815,13,0.16072189807891846,dark_gain0.5,dark,0.5,1
b5c30297-f0b3279b.jpg,84.53509460210802,7.8125e-05,6.606727514898869,0.4670671397894296,0.8567582368850708,6,0.1432417631149292,dark_gain0.5,dark,0.5,1
b690e7dd-1a1d38d1.jpg,174.10773037940012,0.013794487847222222,6.494785927595955,0.7071362126943862,0.8951241970062256,8,0.10487580299377441,dark_gain0.5,dark,0.5,1
b72812e8-c636249b.jpg,100.90583219075968,0.026847873263888888,6.614793965369612,0.4706044769522554,0.9277509450912476,10,0.07224905490875244,dark_gain0.5,dark,0.5,1
b72b3974-9667b29a.jpg,129.55974501150504,0.023759765625,6.493668349388658,0.48175622886244973,0.7905195951461792,20,0.2094804048538208,dark_gain0.5,dark,0.5,1
b736c477-fb345fa9.jpg,57.85637908120684,0.06670789930555555,6.607662808742444,0.3199319886321925,0.7966349124908447,2,0.20336508750915527,dark_gain0.5,dark,0.5,1
b73a793e-ebf5917d.jpg,320.8686034172895,0.046861979166666665,6.764265722554693,1.1847891850821635,0.735903799533844,8,0.264096200466156,dark_gain0.5,dark,0.5,1
b7404583-b504d500.jpg,61.38641041485354,0.02336480034722222,6.553485368185487,0.37892600371814583,0.8837329745292664,10,0.11626702547073364,dark_gain0.5,dark,0.5,1
b74111eb-d21a119b.jpg,159.36740028583733,0.0004752604166666667,6.653148119924659,0.4594472616215123,0.9072266817092896,17,0.09277331829071045,dark_gain0.5,dark,0.5,1
b747b30e-991436c7.jpg,61.12878579918073,0.004506293402777778,6.451919852317099,0.2769633242284869,0.6151316165924072,5,0.3848683834075928,dark_gain0.5,dark,0.5,1
b784ff27-baf00daa.jpg,114.14778732546587,7.595486111111111e-06,6.408447462285398,0.4112257460026574,0.8783543109893799,8,0.12164568901062012,dark_gain0.5,dark,0.5,1
b79307e6-6cfc1c5b.jpg,75.37386714676751,0.0031141493055555558,6.616939046139986,0.4154760595471017,0.890421450138092,4,0.10957854986190796,dark_gain0.5,dark,0.5,1
b7d9a95e-f9901594.jpg,161.84887312429456,0.015662977430555555,6.439866746985104,0.6671719743074754,0.9020954370498657,11,0.09790456295013428,dark_gain0.5,dark,0.5,1
b7eb6c3d-e1598570.jpg,79.39306463113354,0.055784505208333335,6.724735866028219,0.4267666733962447,0.8930169343948364,8,0.10698306560516357,dark_gain0.5,dark,0.5,1
b7ec8e2f-b673fc33.jpg,48.08782005163003,0.0,6.353193535268974,0.2053378808337057,0.408652126789093,1,0.591347873210907,dark_gain0.5,dark,0.5,1
b7f452e4-1e8b6f3a.jpg,38.67414934808117,0.0,6.670974837981566,0.2751248832138154,0.40965592861175537,2,0.5903440713882446,dark_gain0.5,dark,0.5,1
b7fd2970-e46faf78.jpg,74.8090306597945,0.01157009548611111,6.719802488297558,0.44319495134396647,0.9052408337593079,11,0.09475916624069214,dark_gain0.5,dark,0.5,1
b89bf84d-d2c2e5a7.jpg,152.91428475553607,0.01154296875,6.663383248037835,0.7138024963340149,0.8768683075904846,14,0.12313169240951538,dark_gain0.5,dark,0.5,1
b8b15e54-2ccd7fd0.jpg,76.45552719116212,0.0005577256944444445,6.64735267159087,0.39349785689188954,0.8812905550003052,18,0.11870944499969482,dark_gain0.5,dark,0.5,1
b8c7c957-84df8251.jpg,22.919678802490235,0.0,6.56035603679897,0.23091306299273467,0.7824903726577759,6,0.21750962734222412,dark_gain0.5,dark,0.5,1
b8ca6c5d-22de751a.jpg,102.91701918282222,0.02477756076388889,6.407217446887422,0.5023569666117954,0.8790774345397949,8,0.12092256546020508,dark_gain0.5,dark,0.5,1
b8e63e55-369d821c.jpg,47.3818304238202,5.4253472222222224e-06,6.157908485264373,0.2786790659233333,0.8928078413009644,13,0.10719215869903564,dark_gain0.5,dark,0.5,1
b919f6f7-9c71d913.jpg,132.18755154847986,0.011937934027777777,6.704026618238206,0.5060302063607726,0.1727733463048935,0,0.8272266536951065,dark_gain0.5,dark,0.5,1
b94daedc-7045933e.jpg,39.15921981166205,0.016357421875,6.190873037597655,0.31077438522231055,0.731120765209198,4,0.268879234790802,dark_gain0.5,dark,0.5,1
b94f6bc8-32f10d36.jpg,90.44866751358127,0.005985243055555555,6.58610926744194,0.3894157711718437,0.8506211638450623,9,0.14937883615493774,dark_gain0.5,dark,0.5,1
b9597719-09a2458c.jpg,52.66042317437066,2.387152777777778e-05,6.445641075726651,0.3799549479215033,0.7424451112747192,3,0.25755488872528076,dark_gain0.5,dark,0.5,1
b9c2521e-2db68bde.jpg,86.64994899475545,0.00396484375,6.304258593179507,0.4021878825598033,0.8196589946746826,11,0.18034100532531738,dark_gain0.5,dark,0.5,1
b9e4cb3d-975f9d1d.jpg,154.16395613809746,0.002514105902777778,6.476926011977424,0.8171902180168193,0.8719504475593567,3,0.1280495524406433,dark_gain0.5,dark,0.5,1
b9e4cb3d-98ed4484.jpg,36.24886136197572,1.0850694444444444e-06,6.488971045456517,0.299151640932305,0.7690517902374268,9,0.23094820976257324,dark_gain0.5,dark,0.5,1
ba122c97-403fd75d.jpg,90.55514196593553,3.2552083333333335e-06,6.250159521525504,0.5448494028576638,0.8860708475112915,11,0.1139291524887085,dark_gain0.5,dark,0.5,1
ba41a907-1793986f.jpg,83.89210798489485,0.002165798611111111,6.4551739865758755,0.3873396713632994,0.7805999517440796,7,0.2194000482559204,dark_gain0.5,dark,0.5,1
ba4bcdc5-3d4f7a56.jpg,51.105404437590224,0.07287651909722222,6.636205135097061,0.3582715423334036,0.8787409663200378,6,0.12125903367996216,dark_gain0.5,dark,0.5,1
ba4d05f6-24c9c3cf.jpg,37.24979708539114,0.081484375,6.4827413189862835,0.23192174701155707,0.81955885887146,9,0.18044114112854004,dark_gain0.5,dark,0.5,1
bab692c9-3cd892ff.jpg,163.05461952661477,0.00026475694444444447,6.516294047406845,0.7411200543630656,0.8254295587539673,13,0.17457044124603271,dark_gain0.5,dark,0.5,1
bab692c9-a16f15b4.jpg,217.75343078386757,0.018206380208333334,6.416256872204071,0.8107722923696382,0.8780500888824463,16,0.12194991111755371,dark_gain0.5,dark,0.5,1
bae5905c-b009aff3.jpg,189.61086584380348,0.0011924913194444444,6.635456452283643,0.6995477491946245,0.7849423885345459,10,0.2150576114654541,dark_gain0.5,dark,0.5,1
baf870f0-a1a64cd6.jpg,86.99104531971494,0.03385959201388889,6.675930453123928,0.4123120561217773,0.6745594143867493,8,0.32544058561325073,dark_gain0.5,dark,0.5,1
bb051d4e-49d5fed8.jpg,100.41916432651468,0.052965494791666665,6.502253970464709,0.5723604570311513,0.7582172155380249,6,0.2417827844619751,dark_gain0.5,dark,0.5,1
bb4abf02-01cd2796.jpg,87.0131368988779,0.006527777777777778,6.519180300673947,0.3458131223419544,0.7809242010116577,6,0.21907579898834229,dark_gain0.5,dark,0.5,1
bb725082-6cfb3269.jpg,54.673586999482275,0.01123263888888889,6.502921094550145,0.3319934000637622,0.9143589735031128,7,0.08564102649688721,dark_gain0.5,dark,0.5,1
bb76c63a-f232154d.jpg,206.4246408405716,0.013322482638888888,6.530792922778205,0.863665032557718,0.9325191974639893,5,0.06748080253601074,dark_gain0.5,dark,0.5,1
bb9071ac-8e2bc8fe.jpg,49.59530588502764,0.02038845486111111,6.638025188920565,0.2578834661744137,0.7419299483299255,7,0.25807005167007446,dark_gain0.5,dark,0.5,1
bb9f498e-5ea84006.jpg,142.83383679945197,0.0014290364583333334,6.529186433683417,0.5467782179539135,0.828114926815033,5,0.17188507318496704,dark_gain0.5,dark,0.5,1
bb9f498e-62cc407e.jpg,188.45618919078206,0.028975694444444443,6.723390815251163,0.8725788308256097,0.8651028275489807,6,0.1348971724510193,dark_gain0.5,dark,0.5,1
bbb1289a-b49fe5de.jpg,35.96713316815694,0.011212022569444445,6.342299726327719,0.22088290579270464,0.8568339347839355,10,0.14316606521606445,dark_gain0.5,dark,0.5,1
bc24f222-f198b643.jpg,62.43408692332964,6.184895833333334e-05,6.6188807935025915,0.33782969906501886,0.8575462102890015,2,0.14245378971099854,dark_gain0.5,dark,0.5,1
bc5fadac-96776d48.jpg,33.81226771183249,1.0850694444444444e-06,6.206049055607639,0.18469024872464948,0.5617064833641052,3,0.4382935166358948,dark_gain0.5,dark,0.5,1
bc5fadac-fa6dd225.jpg,41.39548053062227,3.2552083333333335e-06,6.530594488328162,0.26701739476191755,0.3422507345676422,2,0.6577492654323578,dark_gain0.5,dark,0.5,1
bcaa771b-806e4fcd.jpg,88.85458631980684,0.00033203125,6.516325392396457,0.3247527743389408,0.5329222679138184,2,0.46707773208618164,dark_gain0.5,dark,0.5,1
bcaf57de-8a71dbde.jpg,110.94788627895309,0.000107421875,6.383510526748781,0.4718699417368714,0.795023500919342,3,0.20497649908065796,dark_gain0.5,dark,0.5,1
bcfdd6af-c3d0b55a.jpg,51.761122408148665,0.0,6.709185639097341,0.34919406909157075,0.8276286125183105,3,0.17237138748168945,dark_gain0.5,dark,0.5,1
bd338426-4b27de63.jpg,75.92674888281172,0.01869357638888889,6.501986795488568,0.3741965026630671,0.8231116533279419,8,0.1768883466720581,dark_gain0.5,dark,0.5,1
bd5d35a0-1357b0da.jpg,47.40157799580771,0.008070746527777778,6.389313765970675,0.2802971489758699,0.2878471910953522,1,0.7121528089046478,dark_gain0.5,dark,0.5,1
bd8f4dfa-4e126a95.jpg,111.27344004072845,0.00012044270833333334,6.525288513311217,0.5712905371736777,0.22970204055309296,0,0.770297959446907,dark_gain0.5,dark,0.5,1
bdfc0f1d-375eba4a.jpg,72.12520175166658,2.604166666666667e-05,6.423133613293299,0.513902767729072,0.8456973433494568,6,0.1543026566505432,dark_gain0.5,dark,0.5,1
be047105-0662bd2d.jpg,103.62869029289412,0.021126302083333333,6.588536630180855,0.490611067716919,0.8948880434036255,7,0.10511195659637451,dark_gain0.5,dark,0.5,1
be448414-11891b58.jpg,40.870548994200895,0.01439453125,6.525500805229768,0.27016432499802695,0.7088709473609924,9,0.29112905263900757,dark_gain0.5,dark,0.5,1
be8590fa-9ab10ced.jpg,71.95740876317434,0.019266493055555556,6.304296334980924,0.4149212947188755,0.7836804389953613,7,0.21631956100463867,dark_gain0.5,dark,0.5,1
beaa0c22-9f7d6767.jpg,166.9873741304186,0.00012912326388888888,6.3857193372320324,0.8941131305612318,0.6105570793151855,4,0.38944292068481445,dark_gain0.5,dark,0.5,1
beb87fd7-6120b637.jpg,141.56576171807183,0.04617078993055555,6.628477543416107,0.5715263748273677,0.883293092250824,7,0.11670690774917603,dark_gain0.5,dark,0.5,1
bed001a8-2339fb95.jpg,55.92657181158063,0.0016004774305555555,6.2638494805908405,0.28918795534895203,0.8872477412223816,5,0.11275225877761841,dark_gain0.5,dark,0.5,1
bee1f0a4-22dbabcd.jpg,132.74536012098056,0.017253689236111112,6.631378145563087,0.7201546332920875,0.596480667591095,2,0.40351933240890503,dark_gain0.5,dark,0.5,1
bfaca2bb-f1c305a8.jpg,230.1587072903091,0.0052463107638888885,6.639925867273819,0.9068838760940541,0.9236989617347717,8,0.07630103826522827,dark_gain0.5,dark,0.5,1
bfd64d5f-a12327b4.jpg,57.2524854966611,0.015181206597222222,6.533070823933588,0.448677949149734,0.9148015975952148,13,0.08519840240478516,dark_gain0.5,dark,0.5,1
bfd64d5f-d141be33.jpg,94.28311792692845,0.02231987847222222,6.351543981289385,0.4724196984295945,0.869803249835968,13,0.13019675016403198,dark_gain0.5,dark,0.5,1
c022e075-de13593a.jpg,10.66988272793617,0.01275390625,6.2390113586706155,0.16010349039990776,0.5885111093521118,1,0.4114888906478882,dark_gain0.5,dark,0.5,1
c02d18db-023c1955.jpg,91.91933159239966,0.004978298611111111,6.626159724360293,0.4890121066363032,0.8415023684501648,13,0.1584976315498352,dark_gain0.5,dark,0.5,1
c036f281-a0c90e9a.jpg,101.11344721120079,0.00023980034722222222,6.363590254235817,0.5421101803800087,0.8653175234794617,8,0.13468247652053833,dark_gain0.5,dark,0.5,1
c05767da-e6e016b5.jpg,57.040142681541,0.008109809027777777,6.666985139749037,0.3780807670307417,0.7912290692329407,8,0.20877093076705933,dark_gain0.5,dark,0.5,1
c0677163-8371743a.jpg,16.84388887615439,0.000810546875,6.462545263157633,0.2388491366249139,0.8014228940010071,9,0.19857710599899292,dark_gain0.5,dark,0.5,1
c0c954a7-0c7fa0bb.jpg,91.47095360717772,0.011303168402777777,6.663222662033803,0.5751964275810247,0.8552073240280151,6,0.14479267597198486,dark_gain0.5,dark,0.5,1
c0e24bac-d541b20d.jpg,50.32069099035263,7.269965277777777e-05,6.289064977113265,0.2707589272677548,0.7611063122749329,5,0.23889368772506714,dark_gain0.5,dark,0.5,1
c0e74e90-9684bfc2.jpg,88.49636060467007,7.703993055555555e-05,6.500996454104552,0.5776806904330691,0.7331060171127319,6,0.26689398288726807,dark_gain0.5,dark,0.5,1
c11add12-bb59c2a1.jpg,199.2303743396323,0.0015581597222222223,6.704181763325866,0.7121805433585896,0.927174985408783,2,0.07282501459121704,dark_gain0.5,dark,0.5,1
c1211833-1ba939db.jpg,73.9319933311451,0.027331814236111113,6.7456593374730875,0.37036527900322036,0.7763221263885498,9,0.2236778736114502,dark_gain0.5,dark,0.5,1
c12e6924-5860d30a.jpg,64.06464260369647,0.010966796875,6.580037221715204,0.3270335247755424,0.8322339057922363,9,0.16776609420776367,dark_gain0.5,dark,0.5,1
c15c29a5-74788f46.jpg,217.3563313151878,0.008103298611111111,6.579430714106746,0.8187659595601027,0.8798772692680359,17,0.12012273073196411,dark_gain0.5,dark,0.5,1
c1757757-140fa8b6.jpg,88.86847859653429,0.029140625,6.490293288431831,0.41526207557560696,0.903120756149292,13,0.09687924385070801,dark_gain0.5,dark,0.5,1
c197a2a7-20f63536.jpg,170.65534330485667,0.0006629774305555555,6.524860132336399,0.8703504381692675,0.5429960489273071,2,0.45700395107269287,dark_gain0.5,dark,0.5,1
c197a2a7-5b960a7f.jpg,93.78213085257444,0.0005577256944444445,6.093846093912181,0.5221311343606121,0.8399831652641296,10,0.16001683473587036,dark_gain0.5,dark,0.5,1
c1a07cae-73529cf4.jpg,109.36872481442558,0.00267578125,6.559871890037173,0.44866884344881935,0.707507312297821,4,0.29249268770217896,dark_gain0.5,dark,0.5,1
c1b3582d-7a6b9124.jpg,110.35543492728223,0.002250434027777778,6.700894198258787,0.6321869608232281,0.7987689971923828,15,0.2012310028076172,dark_gain0.5,dark,0.5,1
c1b3582d-b9c87c82.jpg,76.80537759806313,0.014117838541666667,6.694066834933636,0.4323395899985446,0.7830603122711182,6,0.21693968772888184,dark_gain0.5,dark,0.5,1
c1b5a91c-9e402e78.jpg,28.992816826031536,0.012268880208333333,6.454725937135801,0.2382656888388065,0.8477702140808105,6,0.15222978591918945,dark_gain0.5,dark,0.5,1
c1bbc01a-42a391bd.jpg,87.08285697535648,0.0073708767361111115,6.562070250584335,0.4142554403394904,0.8474307656288147,6,0.1525692343711853,dark_gain0.5,dark,0.5,1
c1bd4140-1f2bd79e.jpg,83.32045634222621,3.2552083333333335e-06,6.361296322001639,0.44068633074197533,0.8693575263023376,3,0.13064247369766235,dark_gain0.5,dark,0.5,1
c1fdd182-0431866d.jpg,81.5115304434023,8.029513888888889e-05,6.498217437440453,0.508852518359274,0.8090137243270874,4,0.1909862756729126,dark_gain0.5,dark,0.5,1
c242b4b8-0dab228f.jpg,36.04770032939086,1.0850694444444445e-05,6.58022853607872,0.2334833747184227,0.7895956635475159,4,0.21040433645248413,dark_gain0.5,dark,0.5,1
c292800e-4290dbb9.jpg,121.55419796987337,0.00908203125,6.339791035713255,0.4773520289725475,0.8237119317054749,12,0.17628806829452515,dark_gain0.5,dark,0.5,1
c2987e05-cb9bfcee.jpg,98.66684095913806,0.0007302517361111111,6.564777235078961,0.5038207080338283,0.6105035543441772,8,0.38949644565582275,dark_gain0.5,dark,0.5,1
c29d13ba-67447c50.jpg,30.735330925975617,0.010475260416666667,6.738960483405387,0.21493369610010607,0.809785783290863,5,0.19021421670913696,dark_gain0.5,dark,0.5,1
c2b457e5-36e3ecee.jpg,103.63257379946182,0.009484592013888888,6.679195883156771,0.4527868966874781,0.8606866002082825,9,0.13931339979171753,dark_gain0.5,dark,0.5,1
c2d051a0-31c90f75.jpg,113.52287847856944,0.07880967881944445,6.76210540815112,0.4633845666970149,0.7924805879592896,7,0.20751941204071045,dark_gain0.5,dark,0.5,1
c2f88368-4292c1a0.jpg,88.68962124124106,0.004677734375,6.608665625517908,0.4406462656579508,0.8956680297851562,6,0.10433197021484375,dark_gain0.5,dark,0.5,1
c2f8b141-5ef7d661.jpg,182.73804467837007,0.022188585069444444,6.578742060604217,0.8059542383731644,0.8783909678459167,6,0.12160903215408325,dark_gain0.5,dark,0.5,1
c30226a9-f882478c.jpg,126.74106676922923,0.012964409722222223,6.690768455671641,0.4253819239296465,0.8265942931175232,5,0.1734057068824768,dark_gain0.5,dark,0.5,1
c3287e28-f6bcc9ef.jpg,77.67421909467792,0.004970703125,6.697795494246963,0.5184435531326942,0.848787784576416,5,0.15121221542358398,dark_gain0.5,dark,0.5,1
c3436372-070af78a.jpg,126.4079246487923,0.029482421875,6.745625140059679,0.7340742906378181,0.39557164907455444,1,0.6044283509254456,dark_gain0.5,dark,0.5,1
c3436372-eb18934d.jpg,52.68057508103643,0.0,6.52834483405796,0.3385267404700367,0.6042416095733643,2,0.39575839042663574,dark_gain0.5,dark,0.5,1
c352d9c5-d0019b8b.jpg,72.4671688100732,0.060604383680555554,6.696180548112421,0.4022356874896053,0.831252932548523,5,0.16874706745147705,dark_gain0.5,dark,0.5,1
c3668a3d-22233f64.jpg,75.74296657232588,0.011622178819444445,6.4460219828563154,0.3398969208151715,0.7596228718757629,7,0.24037712812423706,dark_gain0.5,dark,0.5,1
c366973d-c03525b0.jpg,158.7889379850976,0.003490668402777778,6.561381500081701,0.5814351985627098,0.8554110527038574,7,0.14458894729614258,dark_gain0.5,dark,0.5,1
c3804a06-26cf84ff.jpg,261.43463190026796,0.008666449652777778,6.460902315683338,1.1186057638390339,0.9002165198326111,4,0.09978348016738892,dark_gain0.5,dark,0.5,1
c389631f-a4b2d909.jpg,125.81828911554788,0.0005642361111111111,6.5685576785120405,0.7317377677831143,0.10376463830471039,0,0.8962353616952896,dark_gain0.5,dark,0.5,1
c389631f-b7bb20cb.jpg,126.43251093537013,0.00021809895833333333,6.551135687737846,0.5910608349996057,0.5021216869354248,2,0.4978783130645752,dark_gain0.5,dark,0.5,1
c39ddb2c-db949106.jpg,77.10911985693915,0.03141384548611111,6.30422730824022,0.36876039921701004,0.8734739422798157,15,0.12652605772018433,dark_gain0.5,dark,0.5,1
c3c28990-04db5664.jpg,107.06734404499856,0.015421006944444444,6.601176868898362,0.5152679399387037,0.8561893105506897,9,0.1438106894493103,dark_gain0.5,dark,0.5,1
c3e87419-dd6f2321.jpg,6.15671651972547,0.043551432291666664,6.402837945936172,0.1586980254637287,0.8382225632667542,5,0.16177743673324585,dark_gain0.5,dark,0.5,1
c41203a6-f2bee3f0.jpg,129.1672363272667,0.01952690972222222,6.687593208120846,0.6460756587858489,0.880149781703949,4,0.11985021829605103,dark_gain0.5,dark,0.5,1
c414ea72-128822b2.jpg,105.49024595071185,0.00015733506944444445,6.431582792259494,0.5125906362272683,0.8632445931434631,10,0.13675540685653687,dark_gain0.5,dark,0.5,1
c43052f6-d90711e9.jpg,158.18174197424304,0.0010470920138888889,6.605485532253564,0.7502630886514842,0.8816590905189514,15,0.11834090948104858,dark_gain0.5,dark,0.5,1
c43c290b-61f94939.jpg,64.62699211154043,0.0023036024305555557,6.515467813577921,0.30320504369446966,0.7935595512390137,7,0.20644044876098633,dark_gain0.5,dark,0.5,1
c4a9c191-20e1a3c3.jpg,55.31598254352028,0.0056499565972222224,6.264291012053507,0.34056801097258255,0.8900336623191833,4,0.10996633768081665,dark_gain0.5,dark,0.5,1
c4d83625-8af1c66e.jpg,71.01338541056312,0.0,6.250106707545009,0.4916165647404212,0.8405914902687073,9,0.15940850973129272,dark_gain0.5,dark,0.5,1
c4f65761-92ca62d4.jpg,77.85364243635837,0.008544921875,6.565105428294419,0.434898974883135,0.9098063111305237,6,0.09019368886947632,dark_gain0.5,dark,0.5,1
c5578df5-1318c8a5.jpg,136.26250420760053,0.0001638454861111111,6.723757316686189,0.5479410159607166,0.8828393816947937,10,0.1171606183052063,dark_gain0.5,dark,0.5,1
c5584f14-7fcc4797.jpg,4.305119310543861,0.20941731770833333,6.016008817128615,0.1256536644869201,0.42092686891555786,1,0.5790731310844421,dark_gain0.5,dark,0.5,1
c55ab634-b93da9ef.jpg,89.43553276282296,4.774305555555556e-05,6.613006698587245,0.519810318839986,0.7701526284217834,7,0.22984737157821655,dark_gain0.5,dark,0.5,1
c563b8a0-c21b10e8.jpg,110.92805776822009,0.01839626736111111,6.622626585121573,0.6187505885535436,0.8813937902450562,10,0.11860620975494385,dark_gain0.5,dark,0.5,1
c564c92b-2f727c05.jpg,99.51385244208319,0.11715277777777777,6.569276759915281,0.5401586010314724,0.8984280228614807,5,0.10157197713851929,dark_gain0.5,dark,0.5,1
c5b2506d-1241a008.jpg,110.14750498580815,0.006182725694444445,6.36804107016852,0.48954888770522287,0.9145158529281616,7,0.08548414707183838,dark_gain0.5,dark,0.5,1
c5b7db86-88bceca0.jpg,291.67556848408265,0.02010308159722222,6.503135264578173,1.0403798254937324,0.9157894253730774,9,0.08421057462692261,dark_gain0.5,dark,0.5,1
c5b80ec1-6efedb0e.jpg,92.20033960401281,0.009161241319444444,6.285052992847803,0.41816110310431454,0.24848826229572296,0,0.751511737704277,dark_gain0.5,dark,0.5,1
c5c9ead6-dab2dae6.jpg,41.42037521430122,0.00024848090277777775,6.721493455005932,0.32582223891136863,0.5454081892967224,4,0.4545918107032776,dark_gain0.5,dark,0.5,1
c5dd7de4-53608747.jpg,46.47788894138925,4.340277777777778e-06,6.437947408104813,0.2934100412205609,0.7874695062637329,3,0.2125304937362671,dark_gain0.5,dark,0.5,1
c5e8ab3b-6e92761c.jpg,20.708495883234043,0.0009841579861111112,5.997735009638525,0.19680993664207305,0.8574379682540894,5,0.14256203174591064,dark_gain0.5,dark,0.5,1
c5f2e071-fcf05969.jpg,74.8919660326875,0.016448567708333334,6.375230172235638,0.28603829340256826,0.9197154641151428,11,0.08028453588485718,dark_gain0.5,dark,0.5,1
c640ffda-035e5b98.jpg,42.728888302042456,0.029171006944444446,6.694950185545343,0.3042692724888715,0.6256737112998962,5,0.37432628870010376,dark_gain0.5,dark,0.5,1
c675081b-df5291b4.jpg,77.02327473928193,0.00020073784722222221,6.250329085858616,0.37392424220571846,0.7918736934661865,10,0.20812630653381348,dark_gain0.5,dark,0.5,1
c6758a15-46130d04.jpg,69.9120941817484,0.0036588541666666666,6.66721389249133,0.37062228741153685,0.8503403663635254,4,0.1496596336364746,dark_gain0.5,dark,0.5,1
c685aea9-2f9e84d2.jpg,178.5331748799642,8.463541666666667e-05,6.525213078630218,0.7268336649129967,0.7481613755226135,4,0.2518386244773865,dark_gain0.5,dark,0.5,1
c71de7ef-ad5d9110.jpg,147.23852470519338,0.00031684027777777776,6.572193452540427,0.5887076942407325,0.9332224726676941,7,0.06677752733230591,dark_gain0.5,dark,0.5,1
c734eb0a-9d6807cb.jpg,17.95899289611063,4.340277777777778e-06,6.045384515073422,0.17575823905492843,0.885899007320404,4,0.11410099267959595,dark_gain0.5,dark,0.5,1
c737e602-e8793fdc.jpg,101.96690853745146,4.774305555555556e-05,6.467922686880321,0.4918961097585015,0.919331967830658,16,0.08066803216934204,dark_gain0.5,dark,0.5,1
c7fee392-08329b19.jpg,117.5024542973083,0.00024739583333333335,6.568987102090659,0.5629412923624955,0.7161705493927002,7,0.2838294506072998,dark_gain0.5,dark,0.5,1
c80cf60a-9a7aabc6.jpg,55.61273977627108,0.06692599826388888,6.6530148040120505,0.29388626937839807,0.8772123456001282,13,0.12278765439987183,dark_gain0.5,dark,0.5,1
c8152bfa-28181ba4.jpg,129.99010728058875,0.007860243055555556,6.197038625758195,0.6057952249346763,0.9305970072746277,9,0.06940299272537231,dark_gain0.5,dark,0.5,1
c85ca3b9-72a968aa.jpg,29.783773572455516,4.6657986111111113e-05,6.5301114172332575,0.2917569012195029,0.8598812222480774,6,0.1401187777519226,dark_gain0.5,dark,0.5,1
c8792c3c-a42cb3f6.jpg,68.83584728973767,0.0035904947916666667,6.427019715430075,0.40201601245503893,0.7007606625556946,16,0.2992393374443054,dark_gain0.5,dark,0.5,1
c88b26c5-0a03ff8e.jpg,107.8681173811065,7.052951388888888e-05,6.523632145168799,0.5619931612547556,0.8385875821113586,2,0.16141241788864136,dark_gain0.5,dark,0.5,1
c897cc2b-2a1bc9f0.jpg,46.63830053857402,0.019261067708333333,6.183436278007876,0.3004489756701224,0.7493236660957336,5,0.25067633390426636,dark_gain0.5,dark,0.5,1
c8a5a379-cb506f54.jpg,126.4944692459,0.0014908854166666666,6.25421313644954,0.5826815413754051,0.8133947849273682,12,0.18660521507263184,dark_gain0.5,dark,0.5,1
c8a830e0-95b22cac.jpg,83.3124106835212,0.00011067708333333333,6.668865607750817,0.4929125336231014,0.7743520140647888,4,0.22564798593521118,dark_gain0.5,dark,0.5,1
c8bad943-c78f2df3.jpg,39.693080413817185,9.440104166666666e-05,6.3563562181087985,0.18712807250202906,0.5427009463310242,3,0.45729905366897583,dark_gain0.5,dark,0.5,1
c8e8f29f-09ac075a.jpg,48.345199538167336,0.0003352864583333333,6.298852223370634,0.2626443818976481,0.7914800643920898,4,0.20851993560791016,dark_gain0.5,dark,0.5,1
c8ef1a34-e7c66c0c.jpg,36.5648946088579,0.015171440972222222,6.0030671694062425,0.1870524951844373,0.7440769076347351,5,0.2559230923652649,dark_gain0.5,dark,0.5,1
c90b5398-63556b1c.jpg,77.0114495551215,4.340277777777778e-06,6.541712863703451,0.43818772641099035,0.8236199617385864,13,0.17638003826141357,dark_gain0.5,dark,0.5,1
c911f50f-e7958776.jpg,200.6019166214544,0.003583984375,6.458627291703224,0.8244649901200708,0.900221586227417,8,0.09977841377258301,dark_gain0.5,dark,0.5,1
c91a3cef-e63379c7.jpg,59.6319509473259,2.170138888888889e-06,6.549178622139071,0.26829924980818,0.8646922707557678,7,0.13530772924423218,dark_gain0.5,dark,0.5,1
c9240f77-08db8836.jpg,29.584480239245327,0.0006488715277777777,6.730288492960167,0.2749106715997978,0.8592305779457092,7,0.14076942205429077,dark_gain0.5,dark,0.5,1
c927d51b-cb5b7850.jpg,97.99211866587764,0.009350043402777777,6.4279601992034525,0.4539458247713925,0.9030787348747253,9,0.09692126512527466,dark_gain0.5,dark,0.5,1
c928749e-62bc39dd.jpg,31.61392344992839,0.034796006944444444,6.232495954228605,0.32512861214419375,0.9209505319595337,2,0.07904946804046631,dark_gain0.5,dark,0.5,1
c9375798-85c143f7.jpg,56.15967747650147,0.0016731770833333334,6.644003348812671,0.3930448482713848,0.8608903884887695,8,0.13910961151123047,dark_gain0.5,dark,0.5,1
c9403737-55c6220f.jpg,94.84842764917892,2.712673611111111e-05,6.058809332906356,0.2855989433334355,0.6572086811065674,1,0.3427913188934326,dark_gain0.5,dark,0.5,1
c9403737-9675db60.jpg,189.0204368745297,0.0019769965277777776,6.585654494643175,0.8059166773568913,0.8991581797599792,6,0.10084182024002075,dark_gain0.5,dark,0.5,1
c9403737-bf414a95.jpg,24.484787322428193,7.595486111111111e-06,6.249154897351559,0.15524036318390624,0.053972505033016205,0,0.9460274949669838,dark_gain0.5,dark,0.5,1
c96109b8-caf84a36.jpg,192.7466154435605,0.0026019965277777777,6.3752204939279,0.8554466821971841,0.8984541893005371,7,0.10154581069946289,dark_gain0.5,dark,0.5,1
c992d89e-45d612c4.jpg,49.505798518804845,0.0022884114583333333,6.673067683336775,0.33059704082849783,0.7955421209335327,14,0.20445787906646729,dark_gain0.5,dark,0.5,1
c9a9a2a9-57519e11.jpg,173.2497699510316,0.019141710069444446,6.662390641132545,0.6346250122431306,0.9117507338523865,9,0.08824926614761353,dark_gain0.5,dark,0.5,1
c9b29647-95da8336.jpg,19.30483266928872,0.00012803819444444446,6.024830450229803,0.13914193925181834,0.6843221187591553,1,0.3156778812408447,dark_gain0.5,dark,0.5,1
c9b82f4e-fd73af29.jpg,286.250356269694,0.009747178819444445,6.600308142438049,1.379895900368148,0.934680700302124,6,0.06531929969787598,dark_gain0.5,dark,0.5,1
c9c31e57-45b42452.jpg,169.7101605811603,0.00365234375,6.8075851594291255,0.698800398792053,0.7998481392860413,10,0.20015186071395874,dark_gain0.5,dark,0.5,1
c9fb1a4c-0bd0ea9d.jpg,133.7488983729786,0.0005034722222222222,6.543206704835491,0.6765442446164207,0.4832485318183899,2,0.5167514681816101,dark_gain0.5,dark,0.5,1
ca009e13-fdb666f6.jpg,138.71153451724578,0.021635199652777777,6.780979440793935,0.6260588241076563,0.8524877429008484,11,0.1475122570991516,dark_gain0.5,dark,0.5,1
ca2c7c84-5902ee09.jpg,76.9442065327009,0.023229166666666665,6.187062111719465,0.3800516959937217,0.7550585865974426,9,0.24494141340255737,dark_gain0.5,dark,0.5,1
b1d7b3ac-36f2d3b7.jpg,12.202565943342378,0.0016558159722222222,5.3765579549770015,0.18398205283601116,0.776705265045166,4,0.22329473495483398,dark_gain0.25,dark,0.25,2
b20d494a-cdebe83e.jpg,4.926529409884228,0.049305555555555554,5.438977433050757,0.08342415535496273,0.6247772574424744,2,0.37522274255752563,dark_gain0.25,dark,0.25,2
b231a630-c4522992.jpg,13.37709841261499,0.03300238715277778,5.444605422570247,0.23694581749122534,0.8618625402450562,8,0.13813745975494385,dark_gain0.25,dark,0.25,2
b25fdb41-4644e3f7.jpg,65.67428384376336,0.06703776041666666,5.545929698866877,0.5364903694179983,0.8973810076713562,5,0.1026189923286438,dark_gain0.25,dark,0.25,2
b27d5dcb-856c0b43.jpg,18.01935762711513,0.05674913194444445,5.691221537342478,0.26203247879618236,0.7802070379257202,6,0.21979296207427979,dark_gain0.25,dark,0.25,2
b2afce7f-0cb9967a.jpg,21.404541533627917,0.01915256076388889,5.6480704074152515,0.28417572228047283,0.7595796585083008,4,0.24042034149169922,dark_gain0.25,dark,0.25,2
b2e431b6-332c438d.jpg,14.6379968320305,0.2151953125,4.930194743282549,0.18897129400968082,0.8758113980293274,3,0.12418860197067261,dark_gain0.25,dark,0.25,2
b2f4a409-5ddff11a.jpg,18.72731653679623,0.1452615017361111,5.336455676173772,0.24752026796342969,0.4216427505016327,3,0.5783572494983673,dark_gain0.25,dark,0.25,2
b2fbf86d-d5de82a4.jpg,30.22628574227111,0.005808376736111111,5.463118026637413,0.28336759132429606,0.8698778748512268,11,0.1301221251487732,dark_gain0.25,dark,0.25,2
b3110036-a32dc26e.jpg,33.89048933269243,0.022955729166666668,5.657971498684717,0.2745553216216029,0.8979273438453674,3,0.10207265615463257,dark_gain0.25,dark,0.25,2
b3826fd8-774c2e0a.jpg,12.824047282536814,0.06543836805555556,5.273561486835664,0.2069174922998778,0.8529777526855469,15,0.14702224731445312,dark_gain0.25,dark,0.25,2
b3875c8d-cc4081eb.jpg,28.129682068378546,0.11923285590277778,5.53062589297185,0.2980264039417749,0.884674072265625,6,0.115325927734375,dark_gain0.25,dark,0.25,2
b3a3d166-3a6a258d.jpg,10.048231294302294,3.2552083333333335e-06,5.4613875627565776,0.16825650735637893,0.8878909349441528,2,0.11210906505584717,dark_gain0.25,dark,0.25,2
b3c26aff-417063a0.jpg,24.6829025334676,0.09945095486111111,5.491209629454939,0.2286912719695556,0.8090041279792786,10,0.19099587202072144,dark_gain0.25,dark,0.25,2
b3f3c908-baffb699.jpg,59.13394401276084,0.09879123263888889,5.464487838977008,0.6050034842401458,0.7671524286270142,4,0.23284757137298584,dark_gain0.25,dark,0.25,2
b4110365-9ae12ee1.jpg,11.633576366466952,0.0,5.38990734417975,0.17165976307323622,0.8575537800788879,4,0.14244621992111206,dark_gain0.25,dark,0.25,2
b4543c78-db967acc.jpg,28.011386717954085,0.025665147569444446,5.668610133477397,0.2963504996884302,0.7792229652404785,2,0.22077703475952148,dark_gain0.25,dark,0.25,2
b46478b0-167fe009.jpg,5.585016261535222,0.0845703125,5.6568811322917245,0.12083447227783191,0.6438310146331787,1,0.3561689853668213,dark_gain0.25,dark,0.25,2
b46478b0-1eb55806.jpg,12.075203956585165,0.0976171875,5.67552181687753,0.17106516080350836,0.8097118735313416,15,0.19028812646865845,dark_gain0.25,dark,0.25,2
b472aeb8-f6353af9.jpg,27.813408145620773,0.027702907986111112,5.377167326003457,0.3492728334044826,0.7368283271789551,5,0.2631716728210449,dark_gain0.25,dark,0.25,2
b47f85d4-c6562257.jpg,18.56339625739581,0.10243272569444445,5.629555765694026,0.21431997185845741,0.7993800640106201,4,0.20061993598937988,dark_gain0.25,dark,0.25,2
b48c7b5f-cec3fed8.jpg,15.931446092533768,0.039524739583333336,5.506721897480271,0.23488405916162156,0.8659115433692932,8,0.1340884566307068,dark_gain0.25,dark,0.25,2
b49698d7-1999d598.jpg,8.828611091213464,0.028184678819444444,5.571919792901142,0.17351596020469137,0.8437047600746155,9,0.15629523992538452,dark_gain0.25,dark,0.25,2
b4b1aa64-e3cbad0f.jpg,35.710978336569696,0.06660264756944445,5.558020295677432,0.31785930346149116,0.8710955381393433,15,0.12890446186065674,dark_gain0.25,dark,0.25,2
b4ef573f-5122732a.jpg,21.8837313607004,0.00028211805555555553,5.513536283498197,0.27981568504000676,0.8568682074546814,3,0.1431317925453186,dark_gain0.25,dark,0.25,2
b4f2a76c-3ce3d91e.jpg,19.58113488225114,0.06089518229166667,5.544981995146216,0.1915459309433033,0.9574418067932129,6,0.04255819320678711,dark_gain0.25,dark,0.25,2
b4f49565-abd6b20b.jpg,29.695835478375276,0.109140625,5.643174232778495,0.30914719646885935,0.6269441246986389,7,0.3730558753013611,dark_gain0.25,dark,0.25,2
b5032e1d-d2f24352.jpg,25.921779217185506,0.030056423611111112,5.569722755759136,0.307310121309325,0.8739771842956543,10,0.1260228157043457,dark_gain0.25,dark,0.25,2
b54735e3-4c968f67.jpg,17.548295342423003,0.11118055555555556,4.931198445596461,0.23427807476575038,0.9192772507667542,9,0.08072274923324585,dark_gain0.25,dark,0.25,2
b54a8089-d1989d8f.jpg,24.668524147839012,0.09159505208333334,5.488434933815133,0.354508383787894,0.8926404118537903,12,0.10735958814620972,dark_gain0.25,dark,0.25,2
b565c328-1e663060.jpg,21.07404835380154,0.037994791666666666,5.6109679419732394,0.2552960812595107,0.8363391757011414,7,0.16366082429885864,dark_gain0.25,dark,0.25,2
b5961057-5e258e5e.jpg,39.10940166682372,0.04018771701388889,5.635833029974035,0.3866310201896153,0.917980432510376,9,0.08201956748962402,dark_gain0.25,dark,0.25,2
b59d9baf-5fe6c3c0.jpg,18.575869163979426,0.03501627604166667,5.714974155487177,0.2761303802373176,0.7419615387916565,13,0.2580384612083435,dark_gain0.25,dark,0.25,2
b5a52ea9-2e1f4066.jpg,12.425657550006443,0.029478081597222223,5.4865247068756755,0.23349452920204317,0.7332718372344971,3,0.26672816276550293,dark_gain0.25,dark,0.25,2
b5b2f593-25b7b157.jpg,23.817686452865605,0.10661675347222223,5.733093465198071,0.2673042243407296,0.7976858615875244,4,0.20231413841247559,dark_gain0.25,dark,0.25,2
b5b44d2d-60f87448.jpg,20.200884311392272,0.06383138020833333,5.592630024486263,0.25174622375792727,0.8633369207382202,11,0.13666307926177979,dark_gain0.25,dark,0.25,2
b5c30297-f0b3279b.jpg,22.402836466554948,0.0052039930555555555,5.610118988087174,0.2838950390497782,0.8617523312568665,5,0.13824766874313354,dark_gain0.25,dark,0.25,2
b690e7dd-1a1d38d1.jpg,43.6309426984422,0.055889756944444445,5.5075591391360055,0.39508429763374764,0.8829639554023743,8,0.11703604459762573,dark_gain0.25,dark,0.25,2
b72812e8-c636249b.jpg,25.622401215728708,0.12736545138888888,5.627088995585909,0.2764458927740109,0.9443154335021973,9,0.055684566497802734,dark_gain0.25,dark,0.25,2
b72b3974-9667b29a.jpg,33.46947308545525,0.03735894097222222,5.498977293022455,0.28310830649075086,0.788006067276001,22,0.21199393272399902,dark_gain0.25,dark,0.25,2
b736c477-fb345fa9.jpg,15.111921637781169,0.08983615451388889,5.620085081661091,0.2002915013867965,0.7182922959327698,2,0.2817077040672302,dark_gain0.25,dark,0.25,2
b73a793e-ebf5917d.jpg,80.87683914885227,0.08760416666666666,5.769515814242486,0.6240428219251488,0.7486659288406372,7,0.2513340711593628,dark_gain0.25,dark,0.25,2
b7404583-b504d500.jpg,16.183717371957098,0.03777018229166667,5.574246219829245,0.23454919701048463,0.8792758584022522,10,0.1207241415977478,dark_gain0.25,dark,0.25,2
b74111eb-d21a119b.jpg,40.177267491300604,0.029860026041666668,5.653988113582327,0.26693885809152856,0.8962275385856628,13,0.10377246141433716,dark_gain0.25,dark,0.25,2
b747b30e-991436c7.jpg,16.509610452344685,0.028401692708333332,5.452393133954727,0.17262314623000813,0.6081511974334717,6,0.3918488025665283,dark_gain0.25,dark,0.25,2
b784ff27-baf00daa.jpg,29.06947451047073,0.004942491319444444,5.4141112192372,0.24312494613191926,0.8843473196029663,7,0.11565268039703369,dark_gain0.25,dark,0.25,2
b79307e6-6cfc1c5b.jpg,19.77479815059237,0.011181640625,5.6253064224777605,0.25397142941894935,0.868882954120636,3,0.131117045879364,dark_gain0.25,dark,0.25,2
b7d9a95e-f9901594.jpg,40.70171969566348,0.03915798611111111,5.443879994166976,0.37675930218550047,0.9173689484596252,8,0.08263105154037476,dark_gain0.25,dark,0.25,2
b7eb6c3d-e1598570.jpg,20.685597699535034,0.07729926215277778,5.751098601079877,0.26405007447635,0.8963419795036316,6,0.10365802049636841,dark_gain0.25,dark,0.25,2
b7ec8e2f-b673fc33.jpg,13.13843314794847,3.2552083333333335e-06,5.366349185485199,0.1296059939689319,0.2826509475708008,1,0.7173490524291992,dark_gain0.25,dark,0.25,2
b7f452e4-1e8b6f3a.jpg,10.391429834205718,0.0009678819444444445,5.682963082400045,0.18422062219997548,0.40005218982696533,2,0.5999478101730347,dark_gain0.25,dark,0.25,2
b7fd2970-e46faf78.jpg,19.674421571518458,0.030995008680555554,5.723006967615132,0.26942494208375584,0.8985199928283691,11,0.10148000717163086,dark_gain0.25,dark,0.25,2
b89bf84d-d2c2e5a7.jpg,38.30768875777162,0.052298177083333335,5.667889289685267,0.40138293859894664,0.8343305587768555,12,0.16566944122314453,dark_gain0.25,dark,0.25,2
b8b15e54-2ccd7fd0.jpg,19.90002057246337,0.07341579861111111,5.661883419524783,0.24064728491303802,0.8691529631614685,16,0.1308470368385315,dark_gain0.25,dark,0.25,2
b8c7c957-84df8251.jpg,6.497218958507348,0.0033203125,5.581576418097419,0.15628592529143304,0.7535605430603027,7,0.24643945693969727,dark_gain0.25,dark,0.25,2
b8ca6c5d-22de751a.jpg,26.82601802755168,0.066474609375,5.412094774137002,0.29232441402900955,0.8556091785430908,6,0.14439082145690918,dark_gain0.25,dark,0.25,2
b8e63e55-369d821c.jpg,13.512888958060886,0.03541015625,5.172509395398752,0.17823453441867249,0.8809210658073425,11,0.11907893419265747,dark_gain0.25,dark,0.25,2
b919f6f7-9c71d913.jpg,33.392088654825436,0.04795138888888889,5.721063196322151,0.29238951979054945,0.11096768826246262,0,0.8890323117375374,dark_gain0.25,dark,0.25,2
b94daedc-7045933e.jpg,10.639463964386925,0.040653211805555554,5.228127766203522,0.20390373293964545,0.8424006700515747,5,0.1575993299484253,dark_gain0.25,dark,0.25,2
b94f6bc8-32f10d36.jpg,23.680741082837837,0.01942599826388889,5.6010305560873395,0.23799137959875213,0.8408322334289551,7,0.15916776657104492,dark_gain0.25,dark,0.25,2
b9597719-09a2458c.jpg,13.959255635560593,0.02591579861111111,5.468503454582092,0.23350431783052644,0.7594010829925537,3,0.2405989170074463,dark_gain0.25,dark,0.25,2
b9c2521e-2db68bde.jpg,22.66688692878323,0.029229600694444444,5.317523218470004,0.2321225277167255,0.8117464184761047,11,0.18825358152389526,dark_gain0.25,dark,0.25,2
b9e4cb3d-975f9d1d.jpg,40.22578233268524,0.06171115451388889,5.481711326810898,0.46640561061797897,0.8422717452049255,3,0.15772825479507446,dark_gain0.25,dark,0.25,2
b9e4cb3d-98ed4484.jpg,10.016552606934678,1.193576388888889e-05,5.5034234173812795,0.19825797073002818,0.70005863904953,7,0.29994136095046997,dark_gain0.25,dark,0.25,2
ba122c97-403fd75d.jpg,25.23726885613219,5.967881944444444e-05,5.258333221938299,0.3357672578078465,0.8816347122192383,9,0.11836528778076172,dark_gain0.25,dark,0.25,2
ba41a907-1793986f.jpg,21.75755310227076,0.02289822048611111,5.498207591036052,0.2248648288026891,0.6947271227836609,3,0.3052728772163391,dark_gain0.25,dark,0.25,2
ba4bcdc5-3d4f7a56.jpg,14.15387226569918,0.09802734375,5.652413237789855,0.2233161767196269,0.8824071288108826,6,0.11759287118911743,dark_gain0.25,dark,0.25,2
ba4d05f6-24c9c3cf.jpg,9.902515185203088,0.16989908854166666,5.557043963933271,0.15553356675335858,0.8021157383918762,7,0.19788426160812378,dark_gain0.25,dark,0.25,2
bab692c9-3cd892ff.jpg,42.197985658527905,0.009749348958333333,5.535007492713306,0.422660457568775,0.8345404863357544,13,0.1654595136642456,dark_gain0.25,dark,0.25,2
bab692c9-a16f15b4.jpg,53.76572371857136,0.14025499131944444,5.412241689974593,0.42530384254430326,0.8727821707725525,13,0.1272178292274475,dark_gain0.25,dark,0.25,2
bae5905c-b009aff3.jpg,47.242217877705876,0.051912977430555556,5.644632555394817,0.3868875733128861,0.7389392256736755,7,0.26106077432632446,dark_gain0.25,dark,0.25,2
baf870f0-a1a64cd6.jpg,22.569053651216283,0.04405815972222222,5.700073172785737,0.24815243124943054,0.6135265231132507,8,0.38647347688674927,dark_gain0.25,dark,0.25,2
bb051d4e-49d5fed8.jpg,26.13615550466351,0.08857964409722222,5.521961593817498,0.32637632081202617,0.7726007103919983,5,0.2273992896080017,dark_gain0.25,dark,0.25,2
bb4abf02-01cd2796.jpg,22.25788948242635,0.020279947916666666,5.519856276391566,0.20752279376818036,0.7707085609436035,6,0.22929143905639648,dark_gain0.25,dark,0.25,2
bb725082-6cfb3269.jpg,14.293321663708147,0.04565972222222222,5.506850959522755,0.20436174969565327,0.9312950968742371,7,0.06870490312576294,dark_gain0.25,dark,0.25,2
bb76c63a-f232154d.jpg,51.15094292203997,0.12927842881944446,5.5377397464909786,0.46267705373594514,0.9375322461128235,4,0.062467753887176514,dark_gain0.25,dark,0.25,2
bb9071ac-8e2bc8fe.jpg,13.076137141004022,0.044873046875,5.649112644774588,0.1603957833992686,0.7679069638252258,8,0.23209303617477417,dark_gain0.25,dark,0.25,2
bb9f498e-5ea84006.jpg,36.863524305084596,0.02821723090277778,5.532608044893584,0.31723988815677084,0.8347926139831543,6,0.1652073860168457,dark_gain0.25,dark,0.25,2
bb9f498e-62cc407e.jpg,47.04217127753365,0.10689344618055556,5.725249533440514,0.48125769173737165,0.8147722482681274,5,0.18522775173187256,dark_gain0.25,dark,0.25,2
bbb1289a-b49fe5de.jpg,9.528263871934671,0.104052734375,5.351454964722016,0.13925667108334316,0.8990533351898193,10,0.10094666481018066,dark_gain0.25,dark,0.25,2
bc24f222-f198b643.jpg,16.340317780293372,0.008518880208333333,5.628110367649737,0.215244655786342,0.858738362789154,1,0.14126163721084595,dark_gain0.25,dark,0.25,2
bc5fadac-96776d48.jpg,9.30045137411989,0.00012586805555555555,5.237746783260511,0.11770211116318599,0.41757670044898987,2,0.5824232995510101,dark_gain0.25,dark,0.25,2
bc5fadac-fa6dd225.jpg,11.260092195665102,0.0014388020833333334,5.5414858628484875,0.16984499688094282,0.1964380443096161,0,0.8035619556903839,dark_gain0.25,dark,0.25,2
bcaa771b-806e4fcd.jpg,22.903851963297534,0.008108723958333333,5.5329542030212036,0.19527585368047432,0.43555471301078796,1,0.564445286989212,dark_gain0.25,dark,0.25,2
bcaf57de-8a71dbde.jpg,28.477937275261358,0.0061501736111111115,5.39069970718037,0.2818942889163027,0.7429466247558594,3,0.2570533752441406,dark_gain0.25,dark,0.25,2
bcfdd6af-c3d0b55a.jpg,13.816782306236691,0.056903211805555555,5.716388029323377,0.22353175418878166,0.7416820526123047,3,0.2583179473876953,dark_gain0.25,dark,0.25,2
bd338426-4b27de63.jpg,19.7113606290417,0.04129665798611111,5.506759427637984,0.22361325021196793,0.8253394365310669,8,0.1746605634689331,dark_gain0.25,dark,0.25,2
bd5d35a0-1357b0da.jpg,12.592621879906138,0.009410807291666667,5.399514179363918,0.18565568066412722,0.19117647409439087,0,0.8088235259056091,dark_gain0.25,dark,0.25,2
bd8f4dfa-4e126a95.jpg,29.124451787537694,0.035516493055555556,5.5522641420911185,0.33552982665649655,0.05437028035521507,0,0.9456297196447849,dark_gain0.25,dark,0.25,2
bdfc0f1d-375eba4a.jpg,20.029645160834008,0.002529296875,5.433895690979207,0.32884783568279,0.8061439990997314,5,0.19385600090026855,dark_gain0.25,dark,0.25,2
be047105-0662bd2d.jpg,26.21949977487515,0.09091145833333333,5.6016061496116745,0.28455861700393464,0.888527512550354,6,0.111472487449646,dark_gain0.25,dark,0.25,2
be448414-11891b58.jpg,10.924106971730124,0.02959201388888889,5.5366982007863275,0.17703076075775334,0.6727168560028076,10,0.3272831439971924,dark_gain0.25,dark,0.25,2
be8590fa-9ab10ced.jpg,18.822460922198825,0.052127821180555554,5.3298337178755375,0.25304651784854193,0.774388313293457,6,0.22561168670654297,dark_gain0.25,dark,0.25,2
beaa0c22-9f7d6767.jpg,43.3705609739221,0.003642578125,5.382145136890417,0.5135374014798709,0.45468375086784363,3,0.5453162491321564,dark_gain0.25,dark,0.25,2
beb87fd7-6120b637.jpg,35.50987196088249,0.08804904513888889,5.639844630983516,0.3198061023170472,0.8847073316574097,7,0.11529266834259033,dark_gain0.25,dark,0.25,2
bed001a8-2339fb95.jpg,15.57892675535296,0.05466579861111111,5.274295238667177,0.17626679245101268,0.8838012218475342,3,0.11619877815246582,dark_gain0.25,dark,0.25,2
bee1f0a4-22dbabcd.jpg,34.5765906785753,0.028104383680555556,5.6381453671887325,0.41758926508687333,0.41411587595939636,2,0.5858841240406036,dark_gain0.25,dark,0.25,2
bfaca2bb-f1c305a8.jpg,57.424878386391484,0.07890407986111111,5.646272773901091,0.49182872757173296,0.9238593578338623,7,0.0761406421661377,dark_gain0.25,dark,0.25,2
bfd64d5f-a12327b4.jpg,15.346297617928776,0.02636501736111111,5.551907053721408,0.2902257776107014,0.9148483872413635,15,0.08515161275863647,dark_gain0.25,dark,0.25,2
bfd64d5f-d141be33.jpg,24.67659910736084,0.034092881944444445,5.372689074425362,0.29120577867164255,0.8684149384498596,15,0.13158506155014038,dark_gain0.25,dark,0.25,2
c022e075-de13593a.jpg,3.347262342946323,0.08511284722222222,5.26802249306304,0.11273404074414294,0.4893883764743805,1,0.5106116235256195,dark_gain0.25,dark,0.25,2
c02d18db-023c1955.jpg,23.543614356993455,0.019641927083333333,5.641030435337575,0.299399315997184,0.8300955891609192,12,0.1699044108390808,dark_gain0.25,dark,0.25,2
c036f281-a0c90e9a.jpg,26.449982628485603,0.05923285590277778,5.374956717546973,0.31577705730482936,0.8920533061027527,7,0.10794669389724731,dark_gain0.25,dark,0.25,2
c05767da-e6e016b5.jpg,15.215611889478902,0.0418359375,5.676676386535649,0.25297094053095015,0.8209686875343323,6,0.17903131246566772,dark_gain0.25,dark,0.25,2
c0677163-8371743a.jpg,5.092902560734455,0.06721788194444445,5.457714045453433,0.17349934230052208,0.7849441766738892,8,0.21505582332611084,dark_gain0.25,dark,0.25,2
c0c954a7-0c7fa0bb.jpg,24.04337423773871,0.040928819444444445,5.677254503715358,0.3463621961071089,0.8587818741798401,3,0.1412181258201599,dark_gain0.25,dark,0.25,2
c0e24bac-d541b20d.jpg,13.187709375450934,0.003134765625,5.304403311032194,0.17439329448781965,0.7339683771133423,5,0.2660316228866577,dark_gain0.25,dark,0.25,2
c0e74e90-9684bfc2.jpg,24.931447479695432,0.0067469618055555555,5.520425636855688,0.3580944364506133,0.6022615432739258,5,0.3977384567260742,dark_gain0.25,dark,0.25,2
c11add12-bb59c2a1.jpg,50.2109971321942,0.04937717013888889,5.7099529396818225,0.41381677319792626,0.9226064085960388,2,0.07739359140396118,dark_gain0.25,dark,0.25,2
c1211833-1ba939db.jpg,19.190360294425645,0.0984689670138889,5.761140468884692,0.22914564644519755,0.7675774097442627,10,0.2324225902557373,dark_gain0.25,dark,0.25,2
c12e6924-5860d30a.jpg,16.65201706992138,0.025865885416666668,5.5970808148775335,0.19901488211856,0.8029282093048096,7,0.19707179069519043,dark_gain0.25,dark,0.25,2
c15c29a5-74788f46.jpg,54.156312924910154,0.11193684895833333,5.586347107692766,0.44999736521226946,0.8279845714569092,13,0.17201542854309082,dark_gain0.25,dark,0.25,2
c1757757-140fa8b6.jpg,22.994807882039346,0.04482313368055556,5.50867410868814,0.24980033547246264,0.8888996243476868,11,0.11110037565231323,dark_gain0.25,dark,0.25,2
c197a2a7-20f63536.jpg,42.94467281222753,0.023447265625,5.5296087417974675,0.4911767593862427,0.5960463285446167,2,0.4039536714553833,dark_gain0.25,dark,0.25,2
c197a2a7-5b960a7f.jpg,24.62370656075183,0.056104600694444444,5.1154043397980615,0.3078947073080467,0.8461818695068359,9,0.15381813049316406,dark_gain0.25,dark,0.25,2
c1a07cae-73529cf4.jpg,27.5473338927269,0.013126085069444444,5.573678802682642,0.25615930170622125,0.5943528413772583,3,0.4056471586227417,dark_gain0.25,dark,0.25,2
c1b3582d-7a6b9124.jpg,28.9456715994364,0.081552734375,5.710265193190081,0.36748924336932237,0.7878865599632263,14,0.21211344003677368,dark_gain0.25,dark,0.25,2
c1b3582d-b9c87c82.jpg,20.158422308952424,0.060536024305555554,5.7028098828166405,0.2710371064306979,0.7443535923957825,5,0.25564640760421753,dark_gain0.25,dark,0.25,2
c1b5a91c-9e402e78.jpg,8.018471135710495,0.032134331597222225,5.46502084993084,0.15302767786164184,0.8241668939590454,6,0.1758331060409546,dark_gain0.25,dark,0.25,2
c1bbc01a-42a391bd.jpg,22.09194442330349,0.012798394097222223,5.575064390982846,0.24462215100481363,0.8415647745132446,4,0.15843522548675537,dark_gain0.25,dark,0.25,2
c1bd4140-1f2bd79e.jpg,21.824378968410713,0.0024012586805555554,5.371411332240587,0.26219911312292077,0.8729783892631531,3,0.12702161073684692,dark_gain0.25,dark,0.25,2
c1fdd182-0431866d.jpg,21.416981823333693,0.012557508680555555,5.509802156814935,0.3065413725096041,0.7988337874412537,4,0.20116621255874634,dark_gain0.25,dark,0.25,2
c242b4b8-0dab228f.jpg,10.003061957163872,0.0008658854166666667,5.597922266791176,0.14743404578976108,0.795360267162323,3,0.204639732837677,dark_gain0.25,dark,0.25,2
c292800e-4290dbb9.jpg,30.612798335547495,0.028435329861111112,5.354239226582215,0.27702683649236676,0.7697193026542664,12,0.23028069734573364,dark_gain0.25,dark,0.25,2
c2987e05-cb9bfcee.jpg,25.69805982292905,0.050065104166666666,5.5739736934292194,0.2990644538460471,0.5457463264465332,6,0.4542536735534668,dark_gain0.25,dark,0.25,2
c29d13ba-67447c50.jpg,8.42722764518526,0.04069769965277778,5.748710196223149,0.14309221995112434,0.8138429522514343,5,0.18615704774856567,dark_gain0.25,dark,0.25,2
c2b457e5-36e3ecee.jpg,26.556092934992286,0.02999782986111111,5.6868518461847835,0.28211145988311753,0.8402425646781921,9,0.15975743532180786,dark_gain0.25,dark,0.25,2
c2d051a0-31c90f75.jpg,28.85533742216957,0.12135850694444444,5.784673512093107,0.2741241666832933,0.6975535750389099,7,0.3024464249610901,dark_gain0.25,dark,0.25,2
c2f88368-4292c1a0.jpg,23.056686196993603,0.02533203125,5.6302014801949225,0.26700851670352577,0.8891957998275757,5,0.11080420017242432,dark_gain0.25,dark,0.25,2
c2f8b141-5ef7d661.jpg,45.82013454814017,0.08536566840277778,5.591822720198954,0.44830438776970977,0.8875039219856262,4,0.11249607801437378,dark_gain0.25,dark,0.25,2
c30226a9-f882478c.jpg,32.11069044641095,0.03951388888888889,5.704264888214595,0.2543622916307115,0.7478233575820923,4,0.2521766424179077,dark_gain0.25,dark,0.25,2
c3287e28-f6bcc9ef.jpg,20.670913422756417,0.03645399305555556,5.712457859685104,0.3146718528563115,0.8388349413871765,6,0.1611650586128235,dark_gain0.25,dark,0.25,2
c3436372-070af78a.jpg,32.961359907078446,0.056800130208333334,5.755524281780102,0.4270710314493175,0.2887694239616394,1,0.7112305760383606,dark_gain0.25,dark,0.25,2
c3436372-eb18934d.jpg,14.322004120879706,0.016285807291666666,5.5446234941406045,0.21893064351659974,0.7158505320549011,1,0.2841494679450989,dark_gain0.25,dark,0.25,2
c352d9c5-d0019b8b.jpg,18.97869893560409,0.08208441840277778,5.71424172743422,0.2456895667945356,0.8014470338821411,4,0.1985529661178589,dark_gain0.25,dark,0.25,2
c3668a3d-22233f64.jpg,19.496166449595083,0.019930555555555556,5.474217191571621,0.20212243019821344,0.7497838735580444,6,0.25021612644195557,dark_gain0.25,dark,0.25,2
c366973d-c03525b0.jpg,39.680721797217856,0.03857204861111111,5.569207959239636,0.33087135006855223,0.9035925269126892,7,0.09640747308731079,dark_gain0.25,dark,0.25,2
c3804a06-26cf84ff.jpg,64.78603181960379,0.04122395833333333,5.466768642885516,0.5945435379569435,0.8915154933929443,5,0.10848450660705566,dark_gain0.25,dark,0.25,2
c389631f-a4b2d909.jpg,32.9075139127837,0.022225477430555557,5.573903232072929,0.42380345067608877,0.09873434901237488,0,0.9012656509876251,dark_gain0.25,dark,0.25,2
c389631f-b7bb20cb.jpg,32.839364538120925,0.002238498263888889,5.55799254797694,0.34249204557585194,0.5094831585884094,2,0.4905168414115906,dark_gain0.25,dark,0.25,2
c39ddb2c-db949106.jpg,20.0817577919854,0.17154296875,5.2976519091131715,0.21831737455999684,0.856211245059967,13,0.14378875494003296,dark_gain0.25,dark,0.25,2
c3c28990-04db5664.jpg,27.928683402307527,0.061331380208333335,5.6068419954834905,0.29850445323979496,0.8389289975166321,9,0.16107100248336792,dark_gain0.25,dark,0.25,2
c3e87419-dd6f2321.jpg,2.130801838758256,0.052705078125,5.425367485743651,0.11797482690558031,0.8317041397094727,5,0.16829586029052734,dark_gain0.25,dark,0.25,2
c41203a6-f2bee3f0.jpg,33.743147785176156,0.09934678819444444,5.693319516927553,0.37803341738598545,0.8764203190803528,5,0.12357968091964722,dark_gain0.25,dark,0.25,2
c414ea72-128822b2.jpg,27.40056418517314,0.00509765625,5.446648542815845,0.3029434824356958,0.8665817379951477,9,0.1334182620048523,dark_gain0.25,dark,0.25,2
c43052f6-d90711e9.jpg,39.527128402667564,0.072353515625,5.602616157486354,0.41939856785861795,0.8876613974571228,15,0.1123386025428772,dark_gain0.25,dark,0.25,2
c43c290b-61f94939.jpg,16.84033201195988,0.012985026041666667,5.520137205159361,0.18756787785620754,0.7525487542152405,5,0.24745124578475952,dark_gain0.25,dark,0.25,2
c4a9c191-20e1a3c3.jpg,14.651724998116196,0.02729275173611111,5.327258390185178,0.21306839326773627,0.8541892170906067,4,0.1458107829093933,dark_gain0.25,dark,0.25,2
c4d83625-8af1c66e.jpg,20.090228948370612,3.689236111111111e-05,5.256295795170076,0.30927991205969063,0.7231378555297852,13,0.27686214447021484,dark_gain0.25,dark,0.25,2
c4f65761-92ca62d4.jpg,20.375454595578756,0.05927734375,5.582015305225894,0.26543186459015095,0.9032514095306396,6,0.09674859046936035,dark_gain0.25,dark,0.25,2
c5578df5-1318c8a5.jpg,34.215519515114046,0.033154296875,5.73732524897012,0.3205812251074084,0.8920981884002686,10,0.10790181159973145,dark_gain0.25,dark,0.25,2
c5584f14-7fcc4797.jpg,1.5859657030976853,0.2725249565972222,5.076193520366107,0.09381876823410239,0.33262133598327637,1,0.6673786640167236,dark_gain0.25,dark,0.25,2
c55ab634-b93da9ef.jpg,25.49759114575799,0.04098198784722222,5.632352264644789,0.322516869479344,0.7837278246879578,8,0.21627217531204224,dark_gain0.25,dark,0.25,2
c563b8a0-c21b10e8.jpg,28.985840724086767,0.03568793402777778,5.6417582904483226,0.3605859838633894,0.8690043091773987,9,0.13099569082260132,dark_gain0.25,dark,0.25,2
c564c92b-2f727c05.jpg,25.987866543800454,0.22416775173611111,5.576335906067773,0.31046866131410056,0.8963232040405273,3,0.10367679595947266,dark_gain0.25,dark,0.25,2
c5b2506d-1241a008.jpg,28.461601477936174,0.13342122395833333,5.391831477949038,0.28950574431087395,0.8844661116600037,7,0.11553388833999634,dark_gain0.25,dark,0.25,2
c5b7db86-88bceca0.jpg,74.14875106099332,0.215869140625,5.507040803285793,0.5553036580777946,0.88728266954422,9,0.11271733045578003,dark_gain0.25,dark,0.25,2
c5b80ec1-6efedb0e.jpg,23.90668375424515,0.015349392361111111,5.29410229412934,0.254615885401185,0.14399108290672302,0,0.856008917093277,dark_gain0.25,dark,0.25,2
c5c9ead6-dab2dae6.jpg,11.16471675657932,0.028069661458333332,5.735600520386363,0.2122283923583581,0.3724347651004791,2,0.6275652348995209,dark_gain0.25,dark,0.25,2
c5dd7de4-53608747.jpg,12.33780150835485,0.00015299479166666668,5.459815247939512,0.19259832232651608,0.7932122349739075,2,0.20678776502609253,dark_gain0.25,dark,0.25,2
c5e8ab3b-6e92761c.jpg,6.201707573553955,0.012422960069444445,5.014299168004465,0.1354300002739538,0.8334301710128784,5,0.16656982898712158,dark_gain0.25,dark,0.25,2
c5f2e071-fcf05969.jpg,20.37917640400521,0.027211371527777778,5.400250569622527,0.17862243727763738,0.9202185869216919,9,0.0797814130783081,dark_gain0.25,dark,0.25,2
c640ffda-035e5b98.jpg,11.439014614359536,0.038409288194444446,5.703588248269575,0.2003782331880087,0.7312605977058411,4,0.26873940229415894,dark_gain0.25,dark,0.25,2
c675081b-df5291b4.jpg,19.969010416661952,0.042883029513888886,5.256816856042494,0.22435991768697075,0.7547605633735657,9,0.24523943662643433,dark_gain0.25,dark,0.25,2
c6758a15-46130d04.jpg,18.263628471016595,0.021752387152777778,5.683200076676666,0.22704518888670644,0.8366401791572571,1,0.16335982084274292,dark_gain0.25,dark,0.25,2
c685aea9-2f9e84d2.jpg,44.133414063572594,0.00515625,5.528433201339637,0.3921861806751316,0.6786377429962158,2,0.3213622570037842,dark_gain0.25,dark,0.25,2
c71de7ef-ad5d9110.jpg,36.99935642010603,0.034759114583333334,5.5767546551411,0.32866708751963386,0.9279285669326782,6,0.07207143306732178,dark_gain0.25,dark,0.25,2
c734eb0a-9d6807cb.jpg,5.406026445553627,0.0011990017361111112,5.077020693359446,0.12052852072709905,0.8839441537857056,4,0.11605584621429443,dark_gain0.25,dark,0.25,2
c737e602-e8793fdc.jpg,26.3757193689876,0.0018782552083333333,5.479837137699507,0.2858060980292442,0.9220316410064697,15,0.07796835899353027,dark_gain0.25,dark,0.25,2
c7fee392-08329b19.jpg,29.527345841768064,0.019134114583333334,5.578755101529468,0.317413807044241,0.733154296875,7,0.266845703125,dark_gain0.25,dark,0.25,2
c80cf60a-9a7aabc6.jpg,14.573118475850427,0.09034939236111111,5.674816127536559,0.18497024902777554,0.8779655694961548,11,0.12203443050384521,dark_gain0.25,dark,0.25,2
c8152bfa-28181ba4.jpg,33.619074629677655,0.08392361111111112,5.198483210133036,0.3429949079088645,0.8955952525138855,8,0.1044047474861145,dark_gain0.25,dark,0.25,2
c85ca3b9-72a968aa.jpg,8.341280297380608,0.025424262152777776,5.547323978126544,0.19530635777853844,0.8179298043251038,4,0.18207019567489624,dark_gain0.25,dark,0.25,2
c8792c3c-a42cb3f6.jpg,18.12097177545995,0.020538194444444446,5.440139351748135,0.24049521970776305,0.711280107498169,14,0.28871989250183105,dark_gain0.25,dark,0.25,2
c88b26c5-0a03ff8e.jpg,28.196244551904716,0.029883897569444446,5.530844903111535,0.33553460714947675,0.8642659187316895,2,0.13573408126831055,dark_gain0.25,dark,0.25,2
c897cc2b-2a1bc9f0.jpg,12.720801804576686,0.03868815104166667,5.186666618835133,0.19133171932928572,0.7358689308166504,5,0.2641310691833496,dark_gain0.25,dark,0.25,2
c8a5a379-cb506f54.jpg,32.88815861239845,0.062485894097222223,5.2738589662877295,0.33109330152834726,0.7555133104324341,12,0.24448668956756592,dark_gain0.25,dark,0.25,2
c8a830e0-95b22cac.jpg,21.92667635929319,0.0034331597222222224,5.671227741458359,0.308370707823361,0.7565322518348694,4,0.24346774816513062,dark_gain0.25,dark,0.25,2
c8bad943-c78f2df3.jpg,10.999674443520437,0.0017328559027777778,5.388695688033979,0.11927876327656081,0.4937134385108948,3,0.5062865614891052,dark_gain0.25,dark,0.25,2
c8e8f29f-09ac075a.jpg,13.129221967484042,0.0052940538194444445,5.324049411482584,0.16403305562963288,0.8099007606506348,5,0.19009923934936523,dark_gain0.25,dark,0.25,2
c8ef1a34-e7c66c0c.jpg,9.603445277065699,0.16691297743055555,5.014211131466707,0.11532734436464048,0.5724672079086304,5,0.42753279209136963,dark_gain0.25,dark,0.25,2
c90b5398-63556b1c.jpg,20.31381833035386,4.0147569444444445e-05,5.548129122320078,0.2670094272736172,0.8222878575325012,11,0.17771214246749878,dark_gain0.25,dark,0.25,2
c911f50f-e7958776.jpg,49.87015725113549,0.07114583333333334,5.463300826177092,0.44873804677577084,0.8999975323677063,8,0.1000024676322937,dark_gain0.25,dark,0.25,2
c91a3cef-e63379c7.jpg,15.410945094750248,0.0020355902777777777,5.56163729438859,0.1601879457758913,0.8533520102500916,7,0.14664798974990845,dark_gain0.25,dark,0.25,2
c9240f77-08db8836.jpg,8.250983068094138,0.055015190972222225,5.73701829270451,0.18311473482388899,0.8760484457015991,7,0.12395155429840088,dark_gain0.25,dark,0.25,2
c927d51b-cb5b7850.jpg,25.45275166015154,0.08996310763888889,5.439419824763473,0.26441430251293674,0.8999588489532471,8,0.10004115104675293,dark_gain0.25,dark,0.25,2
c928749e-62bc39dd.jpg,8.831649265694322,0.10010525173611111,5.24509265900331,0.2196891484027916,0.9122952818870544,2,0.08770471811294556,dark_gain0.25,dark,0.25,2
c9375798-85c143f7.jpg,14.970975202761757,0.004382595486111111,5.645791615986798,0.2545699016115659,0.822314977645874,8,0.17768502235412598,dark_gain0.25,dark,0.25,2
c9403737-55c6220f.jpg,25.906676397864025,0.0016102430555555555,5.073017500557232,0.17708835431603862,0.6905105710029602,1,0.3094894289970398,dark_gain0.25,dark,0.25,2
c9403737-9675db60.jpg,47.45860563234752,0.041270616319444446,5.600449809542258,0.44345264267985157,0.9009419083595276,6,0.09905809164047241,dark_gain0.25,dark,0.25,2
c9403737-bf414a95.jpg,6.910532766713039,0.0007454427083333333,5.272109333303245,0.10003181561070347,,0,0.0,dark_gain0.25,dark,0.25,2
c96109b8-caf84a36.jpg,47.5059721532704,0.03188042534722222,5.385768594309399,0.4554885581488602,0.8932211399078369,6,0.10677886009216309,dark_gain0.25,dark,0.25,2
c992d89e-45d612c4.jpg,13.133832445380124,0.04687608506944444,5.681866277911188,0.2144488175264,0.7961112260818481,10,0.20388877391815186,dark_gain0.25,dark,0.25,2
c9a9a2a9-57519e11.jpg,43.58433268195139,0.09605902777777778,5.66133404882611,0.36057710580499763,0.9131407737731934,5,0.08685922622680664,dark_gain0.25,dark,0.25,2
c9b29647-95da8336.jpg,5.3893065711021455,0.0025889756944444445,5.048902248631526,0.09261681571336616,0.6507042050361633,2,0.34929579496383667,dark_gain0.25,dark,0.25,2
c9b82f4e-fd73af29.jpg,70.73380846397491,0.07252821180555556,5.5998028546302665,0.7273936655192489,0.9323979616165161,6,0.06760203838348389,dark_gain0.25,dark,0.25,2
c9c31e57-45b42452.jpg,42.611960719863276,0.048282335069444446,5.81117020091792,0.4021751345785228,0.7817476391792297,11,0.21825236082077026,dark_gain0.25,dark,0.25,2
c9fb1a4c-0bd0ea9d.jpg,34.691460427512666,0.004390190972222222,5.5576710432727205,0.3822054219025636,0.4744109809398651,2,0.5255890190601349,dark_gain0.25,dark,0.25,2
ca009e13-fdb666f6.jpg,35.93688304277586,0.0636697048611111,5.790923498809206,0.36399265421808974,0.8433290123939514,9,0.15667098760604858,dark_gain0.25,dark,0.25,2
ca2c7c84-5902ee09.jpg,20.05672410809435,0.10280598958333333,5.19367538947152,0.22778912465143483,0.7565954327583313,7,0.2434045672416687,dark_gain0.25,dark,0.25,2
b1d7b3ac-36f2d3b7.jpg,2.4885741839185176,0.10676649305555555,4.073039783946273,0.10357825847444392,0.5788151025772095,3,0.4211848974227905,dark_gain0.1,dark,0.1,3
b20d494a-cdebe83e.jpg,1.0634319735762512,0.4376529947916667,4.16874513244795,0.04791943399101078,0.1378382444381714,0,0.8621617555618286,dark_gain0.1,dark,0.1,3
b231a630-c4522992.jpg,3.006464827907233,0.4017578125,4.161034508417011,0.14404353805418432,0.7916619181632996,2,0.20833808183670044,dark_gain0.1,dark,0.1,3
b25fdb41-4644e3f7.jpg,14.114258895185262,0.2847189670138889,4.283571995689249,0.3114545810806363,0.9051371216773987,4,0.09486287832260132,dark_gain0.1,dark,0.1,3
b27d5dcb-856c0b43.jpg,3.8498046847873275,0.3575249565972222,4.410258648569515,0.1604060273127976,0.7223364114761353,3,0.27766358852386475,dark_gain0.1,dark,0.1,3
b2afce7f-0cb9967a.jpg,4.522881899214379,0.20474934895833333,4.331527092332976,0.1751636367852006,0.5618086457252502,2,0.43819135427474976,dark_gain0.1,dark,0.1,3
b2e431b6-332c438d.jpg,2.634529059346516,0.6424381510416667,3.6908485036865035,0.09439971195245822,0.8035191297531128,3,0.1964808702468872,dark_gain0.1,dark,0.1,3
b2f4a409-5ddff11a.jpg,3.4422905705192948,0.5803233506944444,4.036284463438248,0.12310088123549286,0.15127858519554138,0,0.8487214148044586,dark_gain0.1,dark,0.1,3
b2fbf86d-d5de82a4.jpg,6.441560319457815,0.25231336805555554,4.137415188200449,0.1761871175680093,0.8513151407241821,8,0.14868485927581787,dark_gain0.1,dark,0.1,3
b3110036-a32dc26e.jpg,7.05312281808736,0.12998914930555555,4.3692814094716015,0.1734467568777399,0.8815192580223083,1,0.11848074197769165,dark_gain0.1,dark,0.1,3
b3826fd8-774c2e0a.jpg,2.8067415346675446,0.4184516059027778,4.02653028223134,0.12810719559837752,0.8903407454490662,7,0.10965925455093384,dark_gain0.1,dark,0.1,3
b3875c8d-cc4081eb.jpg,4.609584417883556,0.46172743055555554,4.269372097779803,0.13302245295211548,0.894819974899292,3,0.10518002510070801,dark_gain0.1,dark,0.1,3
b3a3d166-3a6a258d.jpg,2.099471562674016,0.10718532986111111,4.191251649653894,0.09895984697052414,0.8742237687110901,2,0.1257762312889099,dark_gain0.1,dark,0.1,3
b3c26aff-417063a0.jpg,4.255528243254436,0.415888671875,4.202104551802589,0.11316747210768116,0.6585277318954468,5,0.3414722681045532,dark_gain0.1,dark,0.1,3
b3f3c908-baffb699.jpg,10.300369979659424,0.4098046875,4.203220349474003,0.2755055015120485,0.7977021336555481,3,0.2022978663444519,dark_gain0.1,dark,0.1,3
b4110365-9ae12ee1.jpg,2.5701150161554787,0.024683159722222223,4.100264956101152,0.10833553191731239,0.8754364252090454,3,0.12456357479095459,dark_gain0.1,dark,0.1,3
b4543c78-db967acc.jpg,6.025432942443426,0.18357313368055556,4.3586046590016725,0.1857239734209872,0.7610856890678406,2,0.23891431093215942,dark_gain0.1,dark,0.1,3
b46478b0-167fe009.jpg,1.3508257374221906,0.2172016059027778,4.364454524983805,0.07729328692911654,0.21125251054763794,0,0.7887474894523621,dark_gain0.1,dark,0.1,3
b46478b0-1eb55806.jpg,2.5795496912061435,0.26896375868055555,4.4076332528328805,0.10685357909345013,0.7884991765022278,15,0.21150082349777222,dark_gain0.1,dark,0.1,3
b472aeb8-f6353af9.jpg,5.658814017654937,0.24122178819444445,4.081017885396056,0.19399877912719207,0.7368479371070862,3,0.2631520628929138,dark_gain0.1,dark,0.1,3
b47f85d4-c6562257.jpg,3.8160080287780285,0.16428602430555556,4.363937332220717,0.12855815543617646,0.6562507152557373,3,0.3437492847442627,dark_gain0.1,dark,0.1,3
b48c7b5f-cec3fed8.jpg,3.337495606806248,0.37830729166666666,4.2260719423866275,0.13746034393540196,0.8470306396484375,7,0.1529693603515625,dark_gain0.1,dark,0.1,3
b49698d7-1999d598.jpg,2.029177509444437,0.2773947482638889,4.284252256432313,0.10815250732892756,0.8468350172042847,7,0.15316498279571533,dark_gain0.1,dark,0.1,3
b4b1aa64-e3cbad0f.jpg,6.702889497873518,0.3078656684027778,4.259268104707781,0.16807257219790261,0.7964180707931519,8,0.20358192920684814,dark_gain0.1,dark,0.1,3
b4ef573f-5122732a.jpg,3.9450032254430982,0.116005859375,4.187001040699334,0.14274688624393556,0.6672789454460144,2,0.3327210545539856,dark_gain0.1,dark,0.1,3
b4f2a76c-3ce3d91e.jpg,3.8762098303323924,0.3445724826388889,4.2452849250779,0.10879741859620895,0.9363368153572083,4,0.06366318464279175,dark_gain0.1,dark,0.1,3
b4f49565-abd6b20b.jpg,5.887782115564226,0.39736436631944444,4.378876362675448,0.18494361485260014,0.233301043510437,0,0.766698956489563,dark_gain0.1,dark,0.1,3
b5032e1d-d2f24352.jpg,5.688906211853032,0.26901801215277776,4.252623852474632,0.1940306490803934,0.8698288798332214,6,0.13017112016677856,dark_gain0.1,dark,0.1,3
b54735e3-4c968f67.jpg,3.646032984227308,0.6595377604166667,3.643181842517843,0.13646941603336318,0.8850657343864441,6,0.11493426561355591,dark_gain0.1,dark,0.1,3
b54a8089-d1989d8f.jpg,5.171291198612727,0.38773871527777776,4.164433594657914,0.20776090784709894,0.8912262320518494,10,0.10877376794815063,dark_gain0.1,dark,0.1,3
b565c328-1e663060.jpg,4.391906462632876,0.36337022569444444,4.296598364639216,0.15392185769146227,0.8665298819541931,5,0.13347011804580688,dark_gain0.1,dark,0.1,3
b5961057-5e258e5e.jpg,8.448620802560264,0.35801106770833335,4.305710833151903,0.23954617802993175,0.9057753086090088,7,0.09422469139099121,dark_gain0.1,dark,0.1,3
b59d9baf-5fe6c3c0.jpg,4.074449087749292,0.14343315972222223,4.420683986737561,0.17489501860821788,0.60208660364151,9,0.39791339635849,dark_gain0.1,dark,0.1,3
b5a52ea9-2e1f4066.jpg,2.553777122637665,0.18988606770833333,4.161132124506551,0.128217374579445,0.5994375348091125,2,0.40056246519088745,dark_gain0.1,dark,0.1,3
b5b2f593-25b7b157.jpg,5.192405579365621,0.38581271701388886,4.469673318685024,0.16327568895605535,0.7516620755195618,3,0.24833792448043823,dark_gain0.1,dark,0.1,3
b5b44d2d-60f87448.jpg,4.15971354030562,0.3516970486111111,4.305559396666683,0.15298715749257158,0.8696290850639343,7,0.13037091493606567,dark_gain0.1,dark,0.1,3
b5c30297-f0b3279b.jpg,4.337826434993746,0.11507269965277778,4.2989881330494315,0.15884895245638933,0.8621658086776733,3,0.13783419132232666,dark_gain0.1,dark,0.1,3
b690e7dd-1a1d38d1.jpg,9.227994757640516,0.3546419270833333,4.214751083574364,0.2249105849497853,0.8337002992630005,6,0.1662997007369995,dark_gain0.1,dark,0.1,3
b72812e8-c636249b.jpg,5.625148651687011,0.3844390190972222,4.33629673098036,0.1718869503110572,0.9218016266822815,6,0.0781983733177185,dark_gain0.1,dark,0.1,3
b72b3974-9667b29a.jpg,6.3488050615934615,0.14012912326388888,4.186530487060917,0.15683090149117596,0.6763504147529602,11,0.3236495852470398,dark_gain0.1,dark,0.1,3
b736c477-fb345fa9.jpg,3.2298383232104926,0.32519422743055554,4.356151841075886,0.11923460062712467,0.6942229270935059,1,0.30577707290649414,dark_gain0.1,dark,0.1,3
b73a793e-ebf5917d.jpg,17.797842870636924,0.2469390190972222,4.480961260281255,0.3541489362442875,0.7807894945144653,7,0.21921050548553467,dark_gain0.1,dark,0.1,3
b7404583-b504d500.jpg,3.4490017342273096,0.280107421875,4.2789960716310755,0.14067647749846282,0.846154510974884,9,0.15384548902511597,dark_gain0.1,dark,0.1,3
b74111eb-d21a119b.jpg,8.055756233798133,0.2688899739583333,4.3498329734954,0.15981415675334418,0.8895966410636902,7,0.11040335893630981,dark_gain0.1,dark,0.1,3
b747b30e-991436c7.jpg,3.0326421410348687,0.10313585069444445,4.134235500374678,0.09472956596809208,0.3883860111236572,1,0.6116139888763428,dark_gain0.1,dark,0.1,3
b784ff27-baf00daa.jpg,5.736249946080902,0.15115125868055557,4.09011870664336,0.1408182987902088,0.8530259728431702,6,0.14697402715682983,dark_gain0.1,dark,0.1,3
b79307e6-6cfc1c5b.jpg,4.026753467399692,0.238076171875,4.3248476532838716,0.14825629058235562,0.8251296281814575,4,0.17487037181854248,dark_gain0.1,dark,0.1,3
b7d9a95e-f9901594.jpg,8.47258515505261,0.39975151909722223,4.146745008931851,0.21800550430366944,0.8955385088920593,5,0.10446149110794067,dark_gain0.1,dark,0.1,3
b7eb6c3d-e1598570.jpg,4.333588121879249,0.2407541232638889,4.440309992225077,0.16133913401402825,0.8975201845169067,5,0.10247981548309326,dark_gain0.1,dark,0.1,3
b7ec8e2f-b673fc33.jpg,2.443374562788597,0.033147786458333335,4.052022659516453,0.07373364079904982,0.06999026983976364,0,0.9300097301602364,dark_gain0.1,dark,0.1,3
b7f452e4-1e8b6f3a.jpg,2.3203775701405087,0.06851019965277778,4.370088418971387,0.1132191469603719,0.09294425696134567,0,0.9070557430386543,dark_gain0.1,dark,0.1,3
b7fd2970-e46faf78.jpg,4.0963964647822895,0.220166015625,4.417941720755714,0.158325147011273,0.8913376927375793,4,0.10866230726242065,dark_gain0.1,dark,0.1,3
b89bf84d-d2c2e5a7.jpg,8.42165147116861,0.3268012152777778,4.363080790905621,0.2367928417158589,0.8276973366737366,9,0.17230266332626343,dark_gain0.1,dark,0.1,3
b8b15e54-2ccd7fd0.jpg,4.129267577699966,0.28774956597222223,4.363813226963836,0.1442147252313801,0.8731849789619446,13,0.12681502103805542,dark_gain0.1,dark,0.1,3
b8c7c957-84df8251.jpg,1.5682215667995405,0.07928059895833334,4.306592882652151,0.09648696624462308,0.7172358632087708,4,0.28276413679122925,dark_gain0.1,dark,0.1,3
b8ca6c5d-22de751a.jpg,5.133273481805825,0.4377083333333333,4.117035392382165,0.15464280156138113,0.812902569770813,4,0.187097430229187,dark_gain0.1,dark,0.1,3
b8e63e55-369d821c.jpg,2.4660426702982114,0.230302734375,3.980947985290888,0.0950214036824072,0.826432466506958,3,0.173567533493042,dark_gain0.1,dark,0.1,3
b919f6f7-9c71d913.jpg,6.866321604618025,0.32360460069444447,4.422915162200342,0.17370126121830487,,0,0.0,dark_gain0.1,dark,0.1,3
b94daedc-7045933e.jpg,2.3850824598335927,0.38232204861111113,4.04558192080917,0.12306787306967719,0.8546193242073059,3,0.1453806757926941,dark_gain0.1,dark,0.1,3
b94f6bc8-32f10d36.jpg,4.524716795084212,0.2168142361111111,4.284449415534372,0.1360947164407246,0.7601438164710999,6,0.23985618352890015,dark_gain0.1,dark,0.1,3
b9597719-09a2458c.jpg,3.024163411193422,0.28411024305555554,4.173258632890341,0.140245777845199,0.3896293044090271,1,0.6103706955909729,dark_gain0.1,dark,0.1,3
b9c2521e-2db68bde.jpg,4.17061306381108,0.22132921006944445,4.060417241455649,0.12103661883813754,0.829187273979187,7,0.170812726020813,dark_gain0.1,dark,0.1,3
b9e4cb3d-975f9d1d.jpg,7.644931636526554,0.3529774305555556,4.163371296037668,0.24394582506937662,0.7287182807922363,3,0.27128171920776367,dark_gain0.1,dark,0.1,3
b9e4cb3d-98ed4484.jpg,2.2644541898645,0.14167643229166665,4.183096485250168,0.12392153253042734,0.5534013509750366,1,0.4465986490249634,dark_gain0.1,dark,0.1,3
ba122c97-403fd75d.jpg,4.629150383276999,0.21582139756944443,3.929900381236807,0.17265456089816372,0.8623903393745422,9,0.13760966062545776,dark_gain0.1,dark,0.1,3
ba41a907-1793986f.jpg,4.278702248636883,0.34340928819444444,4.237146882609178,0.12608072185981808,0.14802037179470062,0,0.8519796282052994,dark_gain0.1,dark,0.1,3
ba4bcdc5-3d4f7a56.jpg,2.8126073654068846,0.21296223958333332,4.37307264617458,0.1248332408345085,0.8653900027275085,5,0.13460999727249146,dark_gain0.1,dark,0.1,3
ba4d05f6-24c9c3cf.jpg,2.1616460487353946,0.46348090277777776,4.3320189128347995,0.09814261031343265,0.758957028388977,4,0.24104297161102295,dark_gain0.1,dark,0.1,3
bab692c9-3cd892ff.jpg,7.931106678527079,0.3162131076388889,4.250230468720906,0.22130677617028244,0.8676754236221313,7,0.13232457637786865,dark_gain0.1,dark,0.1,3
bab692c9-a16f15b4.jpg,11.095389521534065,0.4526812065972222,4.146087823937976,0.22315591638352872,0.8239395618438721,6,0.17606043815612793,dark_gain0.1,dark,0.1,3
bae5905c-b009aff3.jpg,9.775348306668837,0.2880902777777778,4.320107142829747,0.21885278977377934,0.628034770488739,5,0.371965229511261,dark_gain0.1,dark,0.1,3
baf870f0-a1a64cd6.jpg,4.604667948235405,0.26877061631944443,4.404196310077912,0.14533495408640715,0.776247501373291,4,0.22375249862670898,dark_gain0.1,dark,0.1,3
bb051d4e-49d5fed8.jpg,5.331309662702346,0.29429144965277776,4.247893702751818,0.18492904573113667,0.8092338442802429,4,0.19076615571975708,dark_gain0.1,dark,0.1,3
bb4abf02-01cd2796.jpg,4.683500423624485,0.15159071180555556,4.22354698523201,0.12928866029205574,0.6867669224739075,2,0.31323307752609253,dark_gain0.1,dark,0.1,3
bb725082-6cfb3269.jpg,3.1145159030302083,0.3680501302083333,4.206990685551417,0.12598807135301132,0.9107736945152283,5,0.08922630548477173,dark_gain0.1,dark,0.1,3
bb76c63a-f232154d.jpg,10.80548177053192,0.44183702256944446,4.241569046408915,0.2533556563945949,0.8954900503158569,3,0.10450994968414307,dark_gain0.1,dark,0.1,3
bb9071ac-8e2bc8fe.jpg,2.7030219131175373,0.2631781684027778,4.345823558922282,0.09564855883290499,0.774014413356781,2,0.225985586643219,dark_gain0.1,dark,0.1,3
bb9f498e-5ea84006.jpg,6.881083983384826,0.2426443142361111,4.220356861441453,0.16926496373267844,0.8415366411209106,4,0.15846335887908936,dark_gain0.1,dark,0.1,3
bb9f498e-62cc407e.jpg,10.416257475675188,0.35893012152777776,4.445163824228159,0.28589396804307077,0.761546790599823,5,0.238453209400177,dark_gain0.1,dark,0.1,3
bbb1289a-b49fe5de.jpg,2.0184592010874813,0.28222005208333334,4.0651098137220325,0.08163989326073347,0.8893266320228577,6,0.11067336797714233,dark_gain0.1,dark,0.1,3
bc24f222-f198b643.jpg,3.497070291985406,0.2532769097222222,4.332111347398269,0.1374655797134279,0.7952040433883667,1,0.2047959566116333,dark_gain0.1,dark,0.1,3
bc5fadac-96776d48.jpg,1.8147775593216047,0.015876736111111112,3.9506333363776167,0.06934218889042813,0.1106809675693512,0,0.8893190324306488,dark_gain0.1,dark,0.1,3
bc5fadac-fa6dd225.jpg,2.351622176642476,0.08038953993055556,4.259218416158766,0.10594938299262356,,0,0.0,dark_gain0.1,dark,0.1,3
bcaa771b-806e4fcd.jpg,4.418208208294856,0.13248155381944443,4.219892341592538,0.11391914771818702,0.36396825313568115,1,0.6360317468643188,dark_gain0.1,dark,0.1,3
bcaf57de-8a71dbde.jpg,5.837394748253297,0.29416449652777776,4.116887139282669,0.16938857362259507,0.39743772149086,2,0.60256227850914,dark_gain0.1,dark,0.1,3
bcfdd6af-c3d0b55a.jpg,3.0394476194487683,0.19863606770833334,4.42526336352687,0.1379490924319968,0.7364124059677124,3,0.2635875940322876,dark_gain0.1,dark,0.1,3
bd338426-4b27de63.jpg,3.954538828248154,0.15290798611111112,4.209212057459807,0.12831753728950634,0.5505898594856262,2,0.4494101405143738,dark_gain0.1,dark,0.1,3
bd5d35a0-1357b0da.jpg,2.7002147124066767,0.04125325520833333,4.113684605822713,0.1206109273203768,0.06493370234966278,0,0.9350662976503372,dark_gain0.1,dark,0.1,3
bd8f4dfa-4e126a95.jpg,5.504436820671882,0.2998817274305556,4.274671620585029,0.17364867579552265,,0,0.0,dark_gain0.1,dark,0.1,3
bdfc0f1d-375eba4a.jpg,4.044865443081325,0.23615342881944446,4.145316020555737,0.1915725651184787,0.40556690096855164,1,0.5944330990314484,dark_gain0.1,dark,0.1,3
be047105-0662bd2d.jpg,5.687141923122642,0.28362196180555554,4.306230207107277,0.1750124821500171,0.8517146110534668,5,0.1482853889465332,dark_gain0.1,dark,0.1,3
be448414-11891b58.jpg,2.4091927072736947,0.08009982638888889,4.229092928070562,0.11208571483901855,0.6106677651405334,7,0.38933223485946655,dark_gain0.1,dark,0.1,3
be8590fa-9ab10ced.jpg,3.8665744333797027,0.46557400173611113,4.041416199415658,0.14923060058022514,0.47171372175216675,2,0.5282862782478333,dark_gain0.1,dark,0.1,3
beaa0c22-9f7d6767.jpg,8.547876516496398,0.16670789930555555,4.082631309534772,0.28282238748203026,0.13090607523918152,0,0.8690939247608185,dark_gain0.1,dark,0.1,3
beb87fd7-6120b637.jpg,7.498540580465769,0.24938585069444444,4.348584837640763,0.18657968166444316,0.8646748065948486,6,0.13532519340515137,dark_gain0.1,dark,0.1,3
bed001a8-2339fb95.jpg,2.7611035021452266,0.419013671875,3.914097832042966,0.08771840390632032,0.838668167591095,2,0.16133183240890503,dark_gain0.1,dark,0.1,3
bee1f0a4-22dbabcd.jpg,6.8737532516467725,0.18365342881944444,4.339137104578703,0.2341815543360549,0.4913560748100281,1,0.5086439251899719,dark_gain0.1,dark,0.1,3
bfaca2bb-f1c305a8.jpg,12.08375541285645,0.3572265625,4.355967963282452,0.2850241459631971,0.9157664775848389,4,0.08423352241516113,dark_gain0.1,dark,0.1,3
bfd64d5f-a12327b4.jpg,3.5156043711897786,0.10135091145833333,4.286338659848234,0.18629558379590552,0.909668505191803,9,0.09033149480819702,dark_gain0.1,dark,0.1,3
bfd64d5f-d141be33.jpg,5.010409050353957,0.33136827256944446,4.090341517250251,0.16913338635446148,0.8750560283660889,13,0.12494397163391113,dark_gain0.1,dark,0.1,3
c022e075-de13593a.jpg,0.8787803754971347,0.37909830729166666,3.9739892708210323,0.0651603957453667,0.4955469071865082,2,0.5044530928134918,dark_gain0.1,dark,0.1,3
c02d18db-023c1955.jpg,5.292936194483437,0.28202039930555556,4.309964937617202,0.18904641604222683,0.8105525970458984,8,0.18944740295410156,dark_gain0.1,dark,0.1,3
c036f281-a0c90e9a.jpg,5.054027770977256,0.4755349392361111,4.073321211593911,0.16721754688201526,0.83295738697052,7,0.16704261302947998,dark_gain0.1,dark,0.1,3
c05767da-e6e016b5.jpg,3.439554016865626,0.12935872395833334,4.34063719691164,0.1666147494814642,0.8456236124038696,4,0.15437638759613037,dark_gain0.1,dark,0.1,3
c0677163-8371743a.jpg,1.3968261718738222,0.3638910590277778,4.189997746075615,0.11004148498367551,0.2883661091327667,1,0.7116338908672333,dark_gain0.1,dark,0.1,3
c0c954a7-0c7fa0bb.jpg,5.047984964298907,0.28594401041666667,4.377319574173294,0.2039060093648741,0.8679155707359314,4,0.1320844292640686,dark_gain0.1,dark,0.1,3
c0e24bac-d541b20d.jpg,2.8430034719208144,0.39552842881944444,4.044867038982996,0.1126816829638836,0.47488468885421753,3,0.5251153111457825,dark_gain0.1,dark,0.1,3
c0e74e90-9684bfc2.jpg,4.542915580465765,0.2595529513888889,4.1939278589797935,0.18705932446012333,0.3388057053089142,3,0.6611942946910858,dark_gain0.1,dark,0.1,3
c11add12-bb59c2a1.jpg,10.20294379009553,0.3155696614583333,4.389729077396504,0.2537747462791925,0.9140986204147339,2,0.08590137958526611,dark_gain0.1,dark,0.1,3
c1211833-1ba939db.jpg,3.989381411399371,0.19710394965277778,4.458954002277279,0.13753660418056232,0.7331327199935913,8,0.2668672800064087,dark_gain0.1,dark,0.1,3
c12e6924-5860d30a.jpg,3.47720593006346,0.26452473958333333,4.316652113737868,0.12240429511552073,0.8342463970184326,5,0.16575360298156738,dark_gain0.1,dark,0.1,3
c15c29a5-74788f46.jpg,11.267734371307753,0.36945421006944446,4.267412804106458,0.26150389285808584,0.8226154446601868,5,0.17738455533981323,dark_gain0.1,dark,0.1,3
c1757757-140fa8b6.jpg,4.706619996189772,0.35103624131944444,4.243294201563679,0.14788705441026584,0.8548418879508972,11,0.14515811204910278,dark_gain0.1,dark,0.1,3
c197a2a7-20f63536.jpg,9.676606868036293,0.24240885416666666,4.211764529788214,0.30409535360140133,0.4440133273601532,2,0.5559866726398468,dark_gain0.1,dark,0.1,3
c197a2a7-5b960a7f.jpg,4.77227864159478,0.573916015625,3.778751341458827,0.1662065864379642,0.709804892539978,9,0.290195107460022,dark_gain0.1,dark,0.1,3
c1a07cae-73529cf4.jpg,5.911304234182099,0.15837890625,4.310889636378855,0.15651151903159397,0.4729059934616089,1,0.5270940065383911,dark_gain0.1,dark,0.1,3
c1b3582d-7a6b9124.jpg,5.690436191813151,0.3706694878472222,4.398473670467028,0.20039234702442646,0.756571888923645,9,0.24342811107635498,dark_gain0.1,dark,0.1,3
c1b3582d-b9c87c82.jpg,4.219708113257092,0.25591471354166667,4.388256990132291,0.16443256825726396,0.6211624145507812,2,0.37883758544921875,dark_gain0.1,dark,0.1,3
c1b5a91c-9e402e78.jpg,1.7423437496985916,0.29124457465277775,4.202642428946991,0.08810903847555959,0.7499681115150452,2,0.25003188848495483,dark_gain0.1,dark,0.1,3
c1bbc01a-42a391bd.jpg,4.7550108506520585,0.07290690104166667,4.3379183294435375,0.15111252131676423,0.8219884037971497,4,0.17801159620285034,dark_gain0.1,dark,0.1,3
c1bd4140-1f2bd79e.jpg,4.3830240289370215,0.3151714409722222,4.074768572543467,0.14576633666723957,0.8320568203926086,3,0.16794317960739136,dark_gain0.1,dark,0.1,3
c1fdd182-0431866d.jpg,4.500658538817182,0.14709635416666667,4.183806998430634,0.1789156408470897,0.6810580492019653,3,0.31894195079803467,dark_gain0.1,dark,0.1,3
c242b4b8-0dab228f.jpg,1.9217317629166595,0.08644856770833333,4.293968008299135,0.07793159656323478,0.7328330874443054,2,0.2671669125556946,dark_gain0.1,dark,0.1,3
c292800e-4290dbb9.jpg,6.491905351803627,0.19117838541666668,4.10239823784105,0.17073348564769159,0.6158877611160278,2,0.38411223888397217,dark_gain0.1,dark,0.1,3
c2987e05-cb9bfcee.jpg,5.018671166012611,0.36013780381944444,4.25416771894527,0.16527439030682503,0.5059787631034851,1,0.4940212368965149,dark_gain0.1,dark,0.1,3
c29d13ba-67447c50.jpg,1.8330946166945097,0.19860785590277777,4.42932487421239,0.08472444944557737,0.8220835328102112,4,0.17791646718978882,dark_gain0.1,dark,0.1,3
c2b457e5-36e3ecee.jpg,5.601181437851471,0.32045030381944445,4.387217577734207,0.17953619436442433,0.7442018985748291,2,0.2557981014251709,dark_gain0.1,dark,0.1,3
c2d051a0-31c90f75.jpg,6.079833984176027,0.2399587673611111,4.526990564371404,0.170430493449756,0.5001877546310425,5,0.4998122453689575,dark_gain0.1,dark,0.1,3
c2f88368-4292c1a0.jpg,4.743630642285758,0.21226453993055555,4.370633775910723,0.15388088203734626,0.8776512145996094,4,0.12234878540039062,dark_gain0.1,dark,0.1,3
c2f8b141-5ef7d661.jpg,9.652840711636014,0.26171766493055554,4.295424808453351,0.2643598959499716,0.8892709016799927,4,0.11072909832000732,dark_gain0.1,dark,0.1,3
c30226a9-f882478c.jpg,6.711974570714694,0.31743055555555555,4.416178843041773,0.15861675708306527,0.6961746215820312,4,0.30382537841796875,dark_gain0.1,dark,0.1,3
c3287e28-f6bcc9ef.jpg,4.202148408107993,0.22311631944444443,4.398717395427817,0.1813006515591642,0.7403353452682495,2,0.2596646547317505,dark_gain0.1,dark,0.1,3
c3436372-070af78a.jpg,6.594094302325779,0.24861979166666667,4.423338965107853,0.2374930701161969,0.12707734107971191,0,0.8729226589202881,dark_gain0.1,dark,0.1,3
c3436372-eb18934d.jpg,3.013586154248979,0.15810872395833334,4.26056603202493,0.13121223961027942,0.5879994630813599,1,0.41200053691864014,dark_gain0.1,dark,0.1,3
c352d9c5-d0019b8b.jpg,3.915186619695028,0.31922526041666666,4.453448711876136,0.14537114924754296,0.727227509021759,3,0.27277249097824097,dark_gain0.1,dark,0.1,3
c3668a3d-22233f64.jpg,3.908012152099608,0.1911078559027778,4.1447918620173345,0.11702828929550053,0.7914570569992065,3,0.20854294300079346,dark_gain0.1,dark,0.1,3
c366973d-c03525b0.jpg,8.39233666924371,0.35188151041666665,4.259394439114999,0.19459315375439706,0.9292303919792175,5,0.07076960802078247,dark_gain0.1,dark,0.1,3
c3804a06-26cf84ff.jpg,13.715547943396626,0.37652669270833333,4.166981902887545,0.3151118858530128,0.852451503276825,4,0.14754849672317505,dark_gain0.1,dark,0.1,3
c389631f-a4b2d909.jpg,6.530392740207248,0.1957443576388889,4.268594614061477,0.23355007397762265,,0,0.0,dark_gain0.1,dark,0.1,3
c389631f-b7bb20cb.jpg,6.094867453299629,0.09526801215277778,4.247070476169065,0.18217320534931228,0.3894834816455841,1,0.6105165183544159,dark_gain0.1,dark,0.1,3
c39ddb2c-db949106.jpg,3.9578927776148287,0.5842057291666667,4.040306706070638,0.12464156583025474,0.7038888335227966,8,0.29611116647720337,dark_gain0.1,dark,0.1,3
c3c28990-04db5664.jpg,5.309189390299056,0.22403862847222222,4.285736011102278,0.15500543610030781,0.8306707143783569,7,0.16932928562164307,dark_gain0.1,dark,0.1,3
c3e87419-dd6f2321.jpg,0.7154915364571556,0.3609125434027778,4.157879254063634,0.06720872316612134,0.8082201480865479,4,0.19177985191345215,dark_gain0.1,dark,0.1,3
c41203a6-f2bee3f0.jpg,6.494763454390167,0.3132465277777778,4.423824183284422,0.20392057848633757,0.7490420341491699,1,0.2509579658508301,dark_gain0.1,dark,0.1,3
c414ea72-128822b2.jpg,5.321221761703491,0.23091905381944444,4.157517812065661,0.1666668796192007,0.8235573172569275,6,0.1764426827430725,dark_gain0.1,dark,0.1,3
c43052f6-d90711e9.jpg,8.723781347202955,0.36748046875,4.323046086177373,0.244474638649996,0.8948630094528198,6,0.10513699054718018,dark_gain0.1,dark,0.1,3
c43c290b-61f94939.jpg,3.342606334314228,0.08731119791666667,4.205572556213791,0.10986301324574801,0.7899941205978394,6,0.21000587940216064,dark_gain0.1,dark,0.1,3
c4a9c191-20e1a3c3.jpg,3.118975646402807,0.20236653645833333,4.092621729688511,0.1252477778686488,0.8173742294311523,4,0.18262577056884766,dark_gain0.1,dark,0.1,3
c4d83625-8af1c66e.jpg,3.8029774302541477,0.151015625,3.9375646742506967,0.16201659816207958,0.47526898980140686,2,0.5247310101985931,dark_gain0.1,dark,0.1,3
c4f65761-92ca62d4.jpg,4.167212448090681,0.28119466145833333,4.280577227004701,0.1504610084163197,0.7686163187026978,4,0.23138368129730225,dark_gain0.1,dark,0.1,3
c5578df5-1318c8a5.jpg,7.120809404820571,0.3063791232638889,4.41095795372522,0.1883710006768813,0.8617284297943115,9,0.13827157020568848,dark_gain0.1,dark,0.1,3
c5584f14-7fcc4797.jpg,0.5288433147665894,0.5819715711805555,3.8615495525736088,0.05280077260884161,,0,0.0,dark_gain0.1,dark,0.1,3
c55ab634-b93da9ef.jpg,4.4394921872692334,0.30716254340277777,4.297058607810466,0.1570184789300181,0.7768396139144897,4,0.22316038608551025,dark_gain0.1,dark,0.1,3
c563b8a0-c21b10e8.jpg,5.840810515593307,0.30210394965277776,4.343646700755494,0.2036981717414968,0.7400268912315369,8,0.25997310876846313,dark_gain0.1,dark,0.1,3
c564c92b-2f727c05.jpg,5.129279463925775,0.47027994791666666,4.336900343980412,0.16920486610664162,0.8332575559616089,3,0.1667424440383911,dark_gain0.1,dark,0.1,3
c5b2506d-1241a008.jpg,5.7048371997221,0.4817350260416667,4.112404801197478,0.16716974195221326,0.8869209289550781,5,0.11307907104492188,dark_gain0.1,dark,0.1,3
c5b7db86-88bceca0.jpg,15.091111098861694,0.5281857638888889,4.243110369181776,0.30100852099132874,0.7954890131950378,7,0.20451098680496216,dark_gain0.1,dark,0.1,3
c5b80ec1-6efedb0e.jpg,4.783026206262613,0.11022135416666666,3.979410459504557,0.1510956757700721,,0,0.0,dark_gain0.1,dark,0.1,3
c5c9ead6-dab2dae6.jpg,2.4614040723259074,0.24125,4.424825372382411,0.1295499939083067,0.20504038035869598,0,0.794959619641304,dark_gain0.1,dark,0.1,3
c5dd7de4-53608747.jpg,2.6887933822631824,0.03930989583333333,4.152821988814033,0.1228386370491504,0.8037621378898621,2,0.19623786211013794,dark_gain0.1,dark,0.1,3
c5e8ab3b-6e92761c.jpg,1.3606010765499539,0.027415364583333334,3.6865914886696562,0.07969673668554324,0.7969693541526794,4,0.20303064584732056,dark_gain0.1,dark,0.1,3
c5f2e071-fcf05969.jpg,3.6852061580657947,0.17693684895833334,4.094890421242216,0.09421828086173346,0.9210572242736816,3,0.07894277572631836,dark_gain0.1,dark,0.1,3
c640ffda-035e5b98.jpg,2.5706520881641044,0.19480251736111112,4.397199035455165,0.1270591294230992,0.7655972838401794,2,0.23440271615982056,dark_gain0.1,dark,0.1,3
c675081b-df5291b4.jpg,4.021112196169961,0.3895138888888889,3.9814373781779024,0.12763324386576902,0.6221596002578735,6,0.37784039974212646,dark_gain0.1,dark,0.1,3
c6758a15-46130d04.jpg,3.6900878904825367,0.2537424045138889,4.375081363293257,0.13017897019898741,0.8824011087417603,1,0.11759889125823975,dark_gain0.1,dark,0.1,3
c685aea9-2f9e84d2.jpg,9.595563015736476,0.173369140625,4.237801152137017,0.22200882571080338,0.4655214846134186,2,0.5344785153865814,dark_gain0.1,dark,0.1,3
c71de7ef-ad5d9110.jpg,7.611680758063,0.37754014756944443,4.29268945044695,0.1887948710544591,0.887641191482544,5,0.11235880851745605,dark_gain0.1,dark,0.1,3
c734eb0a-9d6807cb.jpg,1.2024587615919704,0.38409396701388887,3.790126529382172,0.06735395909571029,0.8531541228294373,3,0.14684587717056274,dark_gain0.1,dark,0.1,3
c737e602-e8793fdc.jpg,5.193590482300888,0.21365234375,4.168100840396098,0.16044017369122762,0.9054313898086548,14,0.09456861019134521,dark_gain0.1,dark,0.1,3
c7fee392-08329b19.jpg,6.4370822468216025,0.2805523003472222,4.267012987949994,0.18779916265944013,0.7194333076477051,3,0.2805666923522949,dark_gain0.1,dark,0.1,3
c80cf60a-9a7aabc6.jpg,3.0465896204618743,0.18754665798611111,4.40141078590223,0.11289885393069844,0.8842629194259644,8,0.11573708057403564,dark_gain0.1,dark,0.1,3
c8152bfa-28181ba4.jpg,6.352116781162925,0.5732855902777778,3.9140072198484557,0.17255234940539657,0.8465383052825928,5,0.15346169471740723,dark_gain0.1,dark,0.1,3
c85ca3b9-72a968aa.jpg,1.9453949569702143,0.31539930555555556,4.227148502211575,0.11935912108713276,0.7543403506278992,2,0.24565964937210083,dark_gain0.1,dark,0.1,3
c8792c3c-a42cb3f6.jpg,3.7130164496527773,0.2734320746527778,4.133667270220598,0.13865523953792933,0.7329601049423218,5,0.2670398950576782,dark_gain0.1,dark,0.1,3
c88b26c5-0a03ff8e.jpg,5.530755208102567,0.4017892795138889,4.235729911917088,0.187442446826108,0.8897709846496582,2,0.1102290153503418,dark_gain0.1,dark,0.1,3
c897cc2b-2a1bc9f0.jpg,2.619841575038582,0.3891948784722222,3.9183825281291313,0.11102399011236823,0.6237347722053528,2,0.3762652277946472,dark_gain0.1,dark,0.1,3
c8a5a379-cb506f54.jpg,6.1926833717617,0.45257161458333334,3.9500460407037883,0.17286786194208983,0.4703310430049896,5,0.5296689569950104,dark_gain0.1,dark,0.1,3
c8a830e0-95b22cac.jpg,4.5789301087932825,0.1949533420138889,4.368903597812177,0.18599577859329006,0.764342188835144,2,0.23565781116485596,dark_gain0.1,dark,0.1,3
c8bad943-c78f2df3.jpg,2.071407329463958,0.1360763888888889,4.0759728740789525,0.06601223406593391,0.23084507882595062,0,0.7691549211740494,dark_gain0.1,dark,0.1,3
c8e8f29f-09ac075a.jpg,2.568155378760821,0.15432942708333333,4.024966535717029,0.09125961099203485,0.7917377352714539,4,0.20826226472854614,dark_gain0.1,dark,0.1,3
c8ef1a34-e7c66c0c.jpg,1.965738862768809,0.6479665798611111,3.767199364117129,0.06594667301934831,0.1975393146276474,0,0.8024606853723526,dark_gain0.1,dark,0.1,3
c90b5398-63556b1c.jpg,4.104203557822145,0.03564453125,4.243328345124622,0.15485883431558164,0.7665097713470459,2,0.2334902286529541,dark_gain0.1,dark,0.1,3
c911f50f-e7958776.jpg,10.533516696589668,0.36735243055555555,4.142048961890093,0.26264734125044537,0.8893578052520752,5,0.1106421947479248,dark_gain0.1,dark,0.1,3
c91a3cef-e63379c7.jpg,3.1351573320070925,0.2573871527777778,4.260167181500473,0.09530345276823905,0.8368536233901978,7,0.16314637660980225,dark_gain0.1,dark,0.1,3
c9240f77-08db8836.jpg,1.8995779076458494,0.24273111979166667,4.433253694861231,0.10651029416896712,0.854314386844635,6,0.145685613155365,dark_gain0.1,dark,0.1,3
c927d51b-cb5b7850.jpg,4.928765183055547,0.4958723958333333,4.14359125285197,0.1445502703100856,0.8798184394836426,6,0.12018156051635742,dark_gain0.1,dark,0.1,3
c928749e-62bc39dd.jpg,2.17126192327311,0.5736642795138889,3.961160287754733,0.143270464046529,0.8320072293281555,2,0.16799277067184448,dark_gain0.1,dark,0.1,3
c9375798-85c143f7.jpg,3.337727813645352,0.2717469618055556,4.3321201554378455,0.16032999471016013,0.8346738815307617,6,0.16532611846923828,dark_gain0.1,dark,0.1,3
c9403737-55c6220f.jpg,4.34034939047731,0.04533637152777778,3.8271093730211647,0.08398301774860051,0.3328305184841156,1,0.6671694815158844,dark_gain0.1,dark,0.1,3
c9403737-9675db60.jpg,9.976549425247562,0.3487131076388889,4.319436637639106,0.24385886562564155,0.9022053480148315,6,0.09779465198516846,dark_gain0.1,dark,0.1,3
c9403737-bf414a95.jpg,1.3236773003177875,0.03351345486111111,3.9783189701187314,0.05621768687707091,,0,0.0,dark_gain0.1,dark,0.1,3
c96109b8-caf84a36.jpg,9.648959416225807,0.43190538194444444,4.069250491811104,0.23094333944827597,0.8576407432556152,6,0.14235925674438477,dark_gain0.1,dark,0.1,3
c992d89e-45d612c4.jpg,2.9200238698276473,0.3107465277777778,4.37616147967883,0.13798779166088412,0.770914614200592,8,0.22908538579940796,dark_gain0.1,dark,0.1,3
c9a9a2a9-57519e11.jpg,9.159137369649205,0.37189561631944446,4.359404694767877,0.2191619283198323,0.9007955193519592,3,0.09920448064804077,dark_gain0.1,dark,0.1,3
c9b29647-95da8336.jpg,1.1743945278167722,0.014045138888888888,3.8962556543435323,0.05577970266307536,0.1986832171678543,0,0.8013167828321457,dark_gain0.1,dark,0.1,3
c9b82f4e-fd73af29.jpg,15.407088745699987,0.3219118923611111,4.2863879795646245,0.3911048786915147,0.8979359269142151,5,0.10206407308578491,dark_gain0.1,dark,0.1,3
c9c31e57-45b42452.jpg,8.908365885247122,0.18505859375,4.488481727180249,0.2398193490573718,0.7516876459121704,4,0.2483123540878296,dark_gain0.1,dark,0.1,3
c9fb1a4c-0bd0ea9d.jpg,6.608398422198822,0.13507921006944446,4.270035861404777,0.19753065286946905,0.5248815417289734,1,0.4751184582710266,dark_gain0.1,dark,0.1,3
ca009e13-fdb666f6.jpg,6.808327848381467,0.22542426215277778,4.47932124571431,0.19929419949411745,0.7796657681465149,8,0.2203342318534851,dark_gain0.1,dark,0.1,3
ca2c7c84-5902ee09.jpg,4.043856333372328,0.5811100260416666,3.9151135419419134,0.13227715133224988,0.7166767716407776,4,0.2833232283592224,dark_gain0.1,dark,0.1,3
b1cd1e94-26dd524f.jpg,55.8074251200252,0.3760894097222222,5.183703332611209,0.1688652234625245,0.751347541809082,3,0.24865245819091797,night_real,night_real,0.0,0
b23d2079-0c019d8e.jpg,36.99108286527939,0.5375499131944445,4.8534998639616855,0.1541092074877816,0.6646612882614136,4,0.3353387117385864,night_real,night_real,0.0,0
b2443c9d-8cc3991f.jpg,29.193669651945147,0.41408203125,4.525723035627573,0.13664060321055896,0.7258735299110413,14,0.27412647008895874,night_real,night_real,0.0,0
b2648a7f-42f72f67.jpg,20.32077797975775,0.49942274305555556,4.896320124876206,0.10874346731828954,0.5341799259185791,3,0.4658200740814209,night_real,night_real,0.0,0
b26ba07a-203e440c.jpg,49.137090928479196,0.2562575954861111,5.294181081155466,0.16753260413366278,0.7664302587509155,2,0.23356974124908447,night_real,night_real,0.0,0
b285698b-ff1293ce.jpg,89.32866854796114,0.01369140625,6.634806876452119,0.2702021136568228,0.5923124551773071,9,0.40768754482269287,night_real,night_real,0.0,0
b2c9b221-d447dcc3.jpg,117.59895197328989,0.0037467447916666665,7.10679910159366,0.4115649333617288,0.8787577152252197,9,0.12124228477478027,night_real,night_real,0.0,0
b2e2f4ed-6ba045d0.jpg,121.5761903101026,0.031116536458333333,6.30490821024296,0.27587473768413834,0.6925260424613953,8,0.30747395753860474,night_real,night_real,0.0,0
b30b460d-0e26bd8a.jpg,111.23497609364073,0.014033203125,7.098182183098427,0.31874392230535115,0.9019142389297485,4,0.09808576107025146,night_real,night_real,0.0,0
b3121071-afc8cca5.jpg,27.50683584119537,0.08156901041666667,5.924517379766054,0.18478335451650196,0.6838431358337402,1,0.31615686416625977,night_real,night_real,0.0,0
b338efff-595690ba.jpg,80.14698448815871,0.0701953125,6.298656538809262,0.2346985305054852,0.8993220329284668,5,0.1006779670715332,night_real,night_real,0.0,0
b3acb0a1-f459ea19.jpg,83.82817919955309,0.2051388888888889,6.155810216316719,0.2589893535505002,0.5617835521697998,3,0.4382164478302002,night_real,night_real,0.0,0
b3be4113-a7c6d89b.jpg,199.4434566879272,0.003060980902777778,6.414071716476593,0.4570647549771893,0.7729271054267883,8,0.22707289457321167,night_real,night_real,0.0,0
b3c2f984-a6fb75a4.jpg,81.51355017541486,0.174765625,5.52232939193919,0.2271986199471186,0.751014232635498,8,0.24898576736450195,night_real,night_real,0.0,0
b3c4e98b-8469f497.jpg,69.69506544135649,0.0017133246527777778,6.260310793029984,0.24625298203863072,0.9025097489356995,4,0.09749025106430054,night_real,night_real,0.0,0
b41e6d87-872385f8.jpg,37.41486870617219,0.21828776041666667,5.826332334876632,0.14181082018990765,0.34902510046958923,3,0.6509748995304108,night_real,night_real,0.0,0
b4253085-85838593.jpg,49.8038206266992,0.06978298611111111,6.050810137668931,0.17807359115500573,0.8744316101074219,3,0.12556838989257812,night_real,night_real,0.0,0
b42e1548-6b544378.jpg,57.709013368352245,0.04280490451388889,5.655020191308858,0.22697871727002936,0.5553231239318848,10,0.44467687606811523,night_real,night_real,0.0,0
b4599acc-dd9c9177.jpg,62.99805118283404,0.16224609375,5.3237227783908665,0.18268676688089958,0.44472822546958923,1,0.5552717745304108,night_real,night_real,0.0,0
b45a63ea-fb379a2d.jpg,8.11058370066984,0.6559385850694445,3.96796132744143,0.06977243325864621,0.07231276482343674,0,0.9276872351765633,night_real,night_real,0.0,0
b48b4ae2-cd8800d8.jpg,10.74999131334093,0.2498101128472222,5.530117979342616,0.09761630080056481,0.2967567443847656,1,0.7032432556152344,night_real,night_real,0.0,0
b48ca7aa-40d54a99.jpg,13.227085489739311,0.47872178819444444,4.63613879314063,0.09537834715826221,0.35908862948417664,2,0.6409113705158234,night_real,night_real,0.0,0
b4982ab8-780c40a0.jpg,20.112061604021797,0.32372178819444447,5.722536297875738,0.12838446419122918,0.4336380660533905,2,0.5663619339466095,night_real,night_real,0.0,0
b4c86653-a5abaf4e.jpg,8.612059458621932,0.34078993055555556,5.060498468186061,0.07636814771618623,0.2088685780763626,0,0.7911314219236374,night_real,night_real,0.0,0
b4d2dede-0f9169f5.jpg,138.26021881743537,0.007170138888888889,6.793474152939703,0.40087597870052244,0.9241456985473633,6,0.07585430145263672,night_real,night_real,0.0,0
b4d2dede-18dc0cd0.jpg,158.5655349318881,0.16219618055555557,5.500825082383742,0.34977228109965214,0.9153096675872803,3,0.08469033241271973,night_real,night_real,0.0,0
b4d72ad8-ae73962e.jpg,105.50859491878086,0.19728949652777777,6.125430794240395,0.2357056210266475,0.9062643051147461,7,0.0937356948852539,night_real,night_real,0.0,0
b4eac100-0eaffca3.jpg,42.404060289999876,0.2889995659722222,5.284684135134956,0.15422507753192075,0.624104917049408,2,0.37589508295059204,night_real,night_real,0.0,0
b4ef573f-199846ab.jpg,221.93517677985187,0.044171006944444445,7.205014242392206,0.5664522229926687,0.7273790240287781,3,0.2726209759712219,night_real,night_real,0.0,0
b5046f1e-7b9d98d0.jpg,120.01055821222255,0.034165581597222223,6.1471329304154425,0.33677093369116584,0.6554576754570007,4,0.34454232454299927,night_real,night_real,0.0,0
b5191523-af1c9a30.jpg,69.11110036406225,0.04583441840277778,5.750894029188762,0.21539763156170844,0.8554484844207764,3,0.14455151557922363,night_real,night_real,0.0,0
b51daa04-f4e62d2f.jpg,18.946663411400642,0.7115440538194444,3.824539377638239,0.0901664715972289,0.06361298263072968,0,0.9363870173692703,night_real,night_real,0.0,0
b5479087-b68aa812.jpg,35.839529075038605,0.4509136284722222,5.016024999670184,0.143798139414534,0.8267175555229187,9,0.1732824444770813,night_real,night_real,0.0,0
b57cc50e-b947b833.jpg,26.370341697173643,0.24789388020833333,4.885412196883736,0.13270830627055943,0.529201865196228,6,0.470798134803772,night_real,night_real,0.0,0
b5872c48-7dc6d18e.jpg,56.08500520866178,0.12693901909722222,5.741135818831007,0.17944969020573498,0.8839540481567383,6,0.11604595184326172,night_real,night_real,0.0,0
b58f8128-3d42f144.jpg,73.50926311803633,0.22113932291666666,5.492605046008599,0.21576823358893543,0.7178806662559509,11,0.2821193337440491,night_real,night_real,0.0,0
b5a09604-48e9ac41.jpg,62.667027108420854,0.12079644097222222,5.679126921722464,0.22261868002956328,0.8546940088272095,7,0.14530599117279053,night_real,night_real,0.0,0
b5bd628c-d1f3b854.jpg,87.33357742252934,0.10669162326388888,6.11147197953794,0.23717072830381764,0.7941487431526184,7,0.2058512568473816,night_real,night_real,0.0,0
b5bfa85b-f1387252.jpg,47.05553927917363,0.02713107638888889,6.076291110033474,0.18074065095291209,0.6811484098434448,7,0.3188515901565552,night_real,night_real,0.0,0
b5c259f3-b10eeca5.jpg,66.9140709845649,0.4655902777777778,4.890402675779904,0.22814971040765572,0.7188242077827454,8,0.28117579221725464,night_real,night_real,0.0,0
b5dd8a5f-9e1a2077.jpg,30.939959837924125,0.4507367621527778,4.844477008153734,0.11021358273096274,0.6822324991226196,5,0.31776750087738037,night_real,night_real,0.0,0
b61aec41-95a44c1c.jpg,24.37754986419678,0.01050564236111111,6.259703250773962,0.17613635328541005,0.8792770504951477,6,0.1207229495048523,night_real,night_real,0.0,0
b6200832-fe3e43b0.jpg,29.73780770421441,0.0094921875,7.055694436841733,0.1916961750083953,0.5513385534286499,4,0.4486614465713501,night_real,night_real,0.0,0
b645271a-cd9ec256.jpg,38.246092787829745,0.144453125,5.759526510529793,0.15933701802541556,0.7948481440544128,5,0.20515185594558716,night_real,night_real,0.0,0
b6658d33-e6bc8c60.jpg,226.61989462770072,0.009979383680555556,6.370153359552419,0.46350294080890553,0.8651750087738037,6,0.1348249912261963,night_real,night_real,0.0,0
b6695a33-42d20aa3.jpg,126.97430534588376,0.02887478298611111,6.700575559050081,0.3739262909884243,0.830558717250824,4,0.16944128274917603,night_real,night_real,0.0,0
b6763bf3-348c7b94.jpg,81.62702256718273,0.007258029513888889,6.21843794442895,0.252872143676026,0.688885509967804,2,0.31111449003219604,night_real,night_real,0.0,0
b6ffe7bd-d7a0f83e.jpg,55.608351699309885,0.1565115017361111,5.702672556448596,0.1796172351025649,0.6968729496002197,2,0.3031270503997803,night_real,night_real,0.0,0
b7979b09-89a5a8ea.jpg,214.21713541153812,0.05333550347222222,6.420984120981067,0.4783217861199597,0.9096566438674927,7,0.09034335613250732,night_real,night_real,0.0,0
b7a175e0-52e0bbc9.jpg,27.894903404743285,0.14275933159722223,5.378798548949616,0.12617314472410196,0.16151690483093262,0,0.8384830951690674,night_real,night_real,0.0,0
b7b09a19-d9ce1598.jpg,43.52334657716631,0.013296440972222223,6.666136722920844,0.23574568611067204,0.1915929615497589,0,0.8084070384502411,night_real,night_real,0.0,0
b7bbb1fe-1cec6316.jpg,28.5946136812516,0.5562185329861111,4.603050496825455,0.13386290914653937,0.7757492065429688,5,0.22425079345703125,night_real,night_real,0.0,0
b7bcc17a-8838a45e.jpg,16.30881943219503,0.3571907552083333,4.79039211872264,0.09571047759912474,0.8944951891899109,7,0.10550481081008911,night_real,night_real,0.0,0
b7c5b8ef-5c9960a8.jpg,83.40860233692595,0.000712890625,5.962169528767506,0.25630931812879043,0.8513738512992859,2,0.1486261487007141,night_real,night_real,0.0,0
b7c8c7f6-899b3996.jpg,25.98117184255626,0.28093207465277775,5.374319434519519,0.12435473625144268,0.43832236528396606,3,0.5616776347160339,night_real,night_real,0.0,0
b7de4b01-2a16dfe7.jpg,109.95753182470531,0.003701171875,6.270933001558967,0.31140427208308274,0.7273427844047546,5,0.27265721559524536,night_real,night_real,0.0,0
b842809b-d8519a33.jpg,19.593598381747725,0.00986111111111111,7.070347452566166,0.18259957979464164,0.2910310626029968,2,0.7089689373970032,night_real,night_real,0.0,0
b84f4f83-c6842bd6.jpg,35.392658419969365,0.3352126736111111,5.143732549928535,0.1333698354420101,0.6812759637832642,9,0.31872403621673584,night_real,night_real,0.0,0
b89581ec-e0ee3038.jpg,129.90522738443897,0.006572265625,6.605378848722091,0.31075799496066414,0.8965895175933838,7,0.10341048240661621,night_real,night_real,0.0,0
b8acc534-d5b64200.jpg,33.65954100163659,0.3661328125,4.773112076327175,0.12254907576006395,0.56978839635849,1,0.43021160364151,night_real,night_real,0.0,0
b8cf7112-d0f7365c.jpg,20.919703579089084,0.37596788194444447,5.01431739425058,0.09503164759593621,0.15549203753471375,0,0.8445079624652863,night_real,night_real,0.0,0
b8da2353-3f632c8a.jpg,57.73454424905657,0.227080078125,5.382674209783917,0.16633065161292657,0.448843389749527,4,0.551156610250473,night_real,night_real,0.0,0
b8f5912b-5dd97fdd.jpg,29.149462822241844,0.20639973958333332,5.992541109782073,0.151229074288472,0.46647152304649353,2,0.5335284769535065,night_real,night_real,0.0,0
b8f781de-a5f9cdfa.jpg,137.62622455661796,0.07888020833333333,6.47146580319578,0.36858329333421974,0.90972501039505,14,0.09027498960494995,night_real,night_real,0.0,0
b9087534-f5d49005.jpg,58.12302191622581,0.006620008680555556,6.935582389117379,0.26581658045379564,0.43778854608535767,3,0.5622114539146423,night_real,night_real,0.0,0
b981b2ec-9368ed56.jpg,79.14519746733768,0.09352322048611111,6.7407684429366945,0.26269423561015587,0.8372337818145752,3,0.1627662181854248,night_real,night_real,0.0,0
b99f250d-886111c5.jpg,73.9032313322797,0.07379991319444444,6.022408512763567,0.21253024634367937,0.3339504301548004,2,0.6660495698451996,night_real,night_real,0.0,0
b9bafa5a-f6a3f4da.jpg,48.87147025660646,0.47686848958333333,5.048268566198998,0.17741684247653527,0.706037700176239,1,0.293962299823761,night_real,night_real,0.0,0
b9c11ffc-8c6c2eb0.jpg,80.692006285678,0.015121527777777777,6.658767247742389,0.23142434809909332,0.5408118367195129,5,0.45918816328048706,night_real,night_real,0.0,0
b9d11a21-9cc4a8bb.jpg,25.992555336929836,0.31583984375,5.032428807175468,0.11836591675986531,0.2556026875972748,1,0.7443973124027252,night_real,night_real,0.0,0
ba087e53-ef362be0.jpg,51.021524349861394,0.06555013020833333,6.303516770615521,0.21377818265403467,0.3233959674835205,2,0.6766040325164795,night_real,night_real,0.0,0
ba70dfe3-4cfe0efb.jpg,15.608893229048926,0.4908810763888889,5.041559048923527,0.11445866049738113,0.19376759231090546,0,0.8062324076890945,night_real,night_real,0.0,0
ba70dfe3-b948e66d.jpg,47.735626070035494,0.16045789930555557,5.920082604108431,0.19089123104753863,0.6073559522628784,7,0.3926440477371216,night_real,night_real,0.0,0
ba7279cd-c80768c3.jpg,24.317898220343647,0.3547677951388889,5.160661469841045,0.1396304601058903,0.8422784209251404,6,0.15772157907485962,night_real,night_real,0.0,0
ba786070-0826a5d7.jpg,26.652118053478667,0.5543109809027778,4.683623512185864,0.09292458840428196,0.6990971565246582,3,0.3009028434753418,night_real,night_real,0.0,0
bae32983-efef09dd.jpg,95.57686370339918,0.017138671875,5.6445687941684675,0.21641519363892261,0.8634703159332275,3,0.13652968406677246,night_real,night_real,0.0,0
bb0cf6a9-ce0fdf2c.jpg,63.88748914794451,0.14257703993055557,5.6794088531174705,0.20815677819436415,0.7932267189025879,4,0.2067732810974121,night_real,night_real,0.0,0
bb1288a9-e1fd25fa.jpg,22.680403641010795,0.2980609809027778,4.815194122519298,0.10830730424447692,0.5962302088737488,7,0.4037697911262512,night_real,night_real,0.0,0
bb300252-63610170.jpg,92.8043250847287,0.2878146701388889,4.813755720615101,0.22330229052573203,0.7013981938362122,3,0.29860180616378784,night_real,night_real,0.0,0
bb7e324a-0517fdbe.jpg,106.35560926780703,0.0039713541666666664,6.816046222702228,0.35144499835767673,0.7108547687530518,4,0.28914523124694824,night_real,night_real,0.0,0
bb9f45f3-e6fb2c1f.jpg,32.02330172291389,0.0961328125,6.148086257780413,0.20405807457014907,0.7999289035797119,2,0.20007109642028809,night_real,night_real,0.0,0
bba94727-03cd03e0.jpg,335.5995916880666,0.028251953125,6.782359500711461,0.6454091214788952,0.8891107439994812,8,0.1108892560005188,night_real,night_real,0.0,0
bbe4ec31-2932af48.jpg,38.30075410367116,0.37920247395833334,5.183536777619111,0.16211243566420647,0.7344387769699097,7,0.26556122303009033,night_real,night_real,0.0,0
bbf2bd83-b7d61805.jpg,26.075351248987218,0.1395486111111111,5.327084391446126,0.13401406378172287,0.4006999135017395,2,0.5993000864982605,night_real,night_real,0.0,0
bc2e52cc-4270d2b7.jpg,14.674734152050958,0.4494759114583333,4.807846321987624,0.09435054116751901,0.5726466774940491,4,0.4273533225059509,night_real,night_real,0.0,0
bc66304a-d6caaab5.jpg,37.10162432555092,0.009012586805555556,7.0485923629528635,0.25469965784959997,0.5823474526405334,5,0.41765254735946655,night_real,night_real,0.0,0
bc692855-56d61af4.jpg,75.88626267751057,0.0032020399305555556,6.31581071716532,0.2509767920306378,0.824924111366272,6,0.17507588863372803,night_real,night_real,0.0,0
bc80e6a7-aafb7124.jpg,50.78292525491597,0.05673828125,5.89097621460448,0.21759574776250937,0.7537039518356323,5,0.24629604816436768,night_real,night_real,0.0,0
bca3720a-642376aa.jpg,9.253948564881451,0.3756510416666667,4.064503627411425,0.07887267075276576,0.4729823172092438,3,0.5270176827907562,night_real,night_real,0.0,0
bcaf73c1-311f299e.jpg,117.20652018202671,0.02500542534722222,6.315308058560601,0.28905182512027777,0.8616637587547302,4,0.13833624124526978,night_real,night_real,0.0,0
bcbaa999-aeee8ed7.jpg,62.84198459181489,0.216064453125,5.856530468733328,0.19937205323693788,0.8335511088371277,2,0.16644889116287231,night_real,night_real,0.0,0
bccbf939-28a692c6.jpg,183.98057601673335,0.005146484375,6.208090432422784,0.3888127461287698,0.8077577352523804,5,0.19224226474761963,night_real,night_real,0.0,0
bcd166b2-944298cd.jpg,98.9342675766827,0.05360243055555555,6.05763376343287,0.23166610445837776,0.615381121635437,1,0.384618878364563,night_real,night_real,0.0,0
bce30c65-fbfaa66a.jpg,48.25871057090759,0.3913943142361111,5.286337873130645,0.1621470373276822,0.5935193300247192,5,0.40648066997528076,night_real,night_real,0.0,0
bd656105-efa0deab.jpg,53.38652992549473,0.21323133680555556,5.186200213818009,0.18069944765627322,0.30904775857925415,2,0.6909522414207458,night_real,night_real,0.0,0
bd7ccf83-18bccb70.jpg,28.022818973112688,0.010604383680555555,6.972956072488862,0.16202980142840584,0.09566767513751984,0,0.9043323248624802,night_real,night_real,0.0,0
bd816a01-fa31ce3d.jpg,108.14935216323941,0.001318359375,6.6453724439589275,0.3707916534485497,0.8254339694976807,4,0.17456603050231934,night_real,night_real,0.0,0
bde95d2c-6c4a2eca.jpg,34.095286457537426,0.08067925347222223,6.081874819844268,0.1519126847846407,0.8625224828720093,2,0.13747751712799072,night_real,night_real,0.0,0
bdf33dc4-d5b4181c.jpg,65.23767125070358,0.2947677951388889,4.985690475934929,0.17886419363692183,0.8690547347068787,4,0.13094526529312134,night_real,night_real,0.0,0
be463595-760f4698.jpg,33.5302918823984,0.27961480034722225,5.151945898293608,0.09892570059209413,0.09869227558374405,0,0.901307724416256,night_real,night_real,0.0,0
be46639a-25990c25.jpg,50.711527313439625,0.026597222222222223,5.8699220097707245,0.1854089161693397,0.7461100816726685,15,0.25388991832733154,night_real,night_real,0.0,0
be651ed5-4b80b1c3.jpg,11.28680338534132,0.3471994357638889,5.210569913657689,0.07673806681584464,0.26467767357826233,1,0.7353223264217377,night_real,night_real,0.0,0
be9a438d-fec060b0.jpg,111.62715490976974,0.344296875,5.680291118032814,0.3034820846447984,0.8807061314582825,4,0.11929386854171753,night_real,night_real,0.0,0
becfc708-b7f59377.jpg,58.814251264779344,0.200322265625,5.553966444737441,0.1806662118479347,0.4397699236869812,1,0.5602300763130188,night_real,night_real,0.0,0
bf1e5669-0beb1b4a.jpg,63.641975843075166,0.0873459201388889,5.623108603913054,0.2079773958863452,0.75883549451828,8,0.24116450548171997,night_real,night_real,0.0,0
bf1f6e6e-3e47c0f7.jpg,71.30353948279489,0.28024305555555556,5.620537021765115,0.2112827653183698,0.8792728781700134,5,0.12072712182998657,night_real,night_real,0.0,0
bf527384-894c88c6.jpg,174.08134944117032,0.21095377604166668,5.485025566942625,0.3748088610495785,0.8340587019920349,5,0.1659412980079651,night_real,night_real,0.0,0
bf5c77a9-13452168.jpg,35.290964607746204,0.36884114583333333,5.2944292255307115,0.14984660124710245,0.801048994064331,6,0.19895100593566895,night_real,night_real,0.0,0
bf928096-9b96d95f.jpg,65.83828355742563,0.13533528645833334,5.635148037357859,0.1781229895824678,0.43633824586868286,3,0.5636617541313171,night_real,night_real,0.0,0
bffa2c3f-5f909b3f.jpg,41.09610143991044,0.23206922743055555,5.4997158078991575,0.15907431855402737,0.644835352897644,2,0.35516464710235596,night_real,night_real,0.0,0
c000dedd-0352a12a.jpg,22.709701497809103,0.5857096354166667,4.974895641175633,0.11245039816065103,0.8146583437919617,3,0.18534165620803833,night_real,night_real,0.0,0
c01c4d85-36b417ee.jpg,44.696453992485694,0.2826519097222222,4.71643236353113,0.12808830126897958,0.2314552366733551,0,0.7685447633266449,night_real,night_real,0.0,0
c0276bce-0683c19d.jpg,18.242196059992278,0.07034505208333333,5.854556639567439,0.128553830228242,0.5312495231628418,4,0.4687504768371582,night_real,night_real,0.0,0
c0ca172c-5f15e9fb.jpg,44.90174254436729,0.10828993055555555,7.053041823678204,0.21974560374846255,0.6583975553512573,7,0.3416024446487427,night_real,night_real,0.0,0
c0e701ee-58d60493.jpg,36.11430551740855,0.5273795572916666,4.644725933998664,0.15993708371569218,0.3851564824581146,2,0.6148435175418854,night_real,night_real,0.0,0
c0ec0d98-63733eb9.jpg,115.46014182450922,0.011883680555555555,6.6810444874526205,0.30159037527977606,0.5540489554405212,3,0.44595104455947876,night_real,night_real,0.0,0
c0f5b0d0-17e0110c.jpg,69.33865768641603,0.102373046875,5.384865378472176,0.21731142225144884,0.25112974643707275,1,0.7488702535629272,night_real,night_real,0.0,0
c11f4171-a712ce1d.jpg,93.57292595454902,0.04402018229166667,6.1913399099142605,0.3061969493725068,0.745836615562439,1,0.25416338443756104,night_real,night_real,0.0,0
c138a567-6a2dd99d.jpg,18.735600029414382,0.7042556423611112,3.808130103157008,0.08947170661743971,0.23872347176074982,0,0.7612765282392502,night_real,night_real,0.0,0
c1392188-10227871.jpg,85.93358490300947,0.004166666666666667,6.1171587485824865,0.27318081606853367,0.6432539820671082,4,0.35674601793289185,night_real,night_real,0.0,0
c13ecaa8-69459760.jpg,51.65603707725617,0.005930989583333333,5.949723016633231,0.23057433091870902,0.5631588697433472,2,0.43684113025665283,night_real,night_real,0.0,0
c1627cd8-d8c10968.jpg,110.6225896875723,0.03474283854166667,6.803035064779783,0.3337228003099806,0.6555576324462891,6,0.34444236755371094,night_real,night_real,0.0,0
c16d1626-a3df1547.jpg,68.16394897986517,0.05096571180555556,6.537053367612301,0.2444343459234486,0.8595362305641174,2,0.14046376943588257,night_real,night_real,0.0,0
c1a42d25-f69459ca.jpg,60.57665472496761,0.005850694444444445,6.173010320794413,0.173024707640345,0.7174619436264038,3,0.2825380563735962,night_real,night_real,0.0,0
c1c8b782-bd19a1f1.jpg,98.80543940926893,0.015881076388888887,5.9438232635296,0.24290003531932697,0.24162724614143372,0,0.7583727538585663,night_real,night_real,0.0,0
c1e1ae56-7ac1bd33.jpg,29.363688149759515,0.4598654513888889,4.859818743227994,0.10729429501772007,0.21865536272525787,0,0.7813446372747421,night_real,night_real,0.0,0
c20ae70f-a8207705.jpg,15.299779666984227,0.08535047743055556,6.156101203890955,0.120680585932374,0.360321968793869,2,0.639678031206131,night_real,night_real,0.0,0
c20ae70f-bc706ea7.jpg,40.17817705394134,0.08885633680555556,5.711143865771402,0.16765644166610227,0.523271918296814,1,0.47672808170318604,night_real,night_real,0.0,0
c219e30c-1f1796a7.jpg,37.16424349393375,0.06858723958333333,6.1104551151956095,0.21412556514392925,0.649543046951294,9,0.35045695304870605,night_real,night_real,0.0,0
c288c7a7-347f9b29.jpg,28.209507375980895,0.23194878472222222,5.347651836393782,0.13301425782129228,0.802710235118866,3,0.19728976488113403,night_real,night_real,0.0,0
c2a0e52f-013aa867.jpg,158.87443672612395,0.08844943576388889,6.788294001559967,0.4112703639371392,0.8519181609153748,6,0.14808183908462524,night_real,night_real,0.0,0
c2cce0a4-9e2fccd0.jpg,83.71541541602875,0.0026432291666666666,6.227792866626363,0.25049760452000336,0.44000744819641113,3,0.5599925518035889,night_real,night_real,0.0,0
c2d5a01a-e636934d.jpg,30.926078491210934,0.050697699652777775,5.841703576518558,0.16204505347743792,0.2961510717868805,1,0.7038489282131195,night_real,night_real,0.0,0
c2ef33b3-561067be.jpg,199.97006232084934,0.010713975694444445,7.220140209419893,0.4830323928456405,0.8947725296020508,10,0.10522747039794922,night_real,night_real,0.0,0
c2f92f94-43481d10.jpg,28.98872809681363,0.5173719618055556,4.225098934265121,0.10973689928807985,0.5477764010429382,3,0.45222359895706177,night_real,night_real,0.0,0
c31aa969-d99ef9fc.jpg,92.15286295892106,0.031073133680555556,6.881163093702131,0.3200983953164081,0.7808141112327576,4,0.21918588876724243,night_real,night_real,0.0,0
c31aa969-dd64b3b7.jpg,21.049080933689783,0.032380642361111114,6.048184449225257,0.14915775497290779,0.34153661131858826,1,0.6584633886814117,night_real,night_real,0.0,0
c31e94f0-25b5a72f.jpg,85.06997391310325,0.14560438368055556,6.179430289152123,0.27708351948056054,0.5702023506164551,7,0.4297976493835449,night_real,night_real,0.0,0
c32dbcaf-480ffc17.jpg,29.899964018191817,0.09717990451388889,6.152385579230881,0.1722944304269886,0.7093096375465393,1,0.2906903624534607,night_real,night_real,0.0,0
c334fad5-145809d5.jpg,148.58690525216934,0.008524305555555556,6.385964050504937,0.31574974020208535,0.6316453814506531,6,0.3683546185493469,night_real,night_real,0.0,0
c37fdf68-18b4792a.jpg,19.63410586377839,0.31478949652777777,5.723910440092993,0.1465407765300321,0.5590204000473022,1,0.44097959995269775,night_real,night_real,0.0,0
c3b8f4e4-10cf3a2b.jpg,15.291350821119474,0.24097547743055556,4.781489952784746,0.09281167771294006,0.4287042021751404,2,0.5712957978248596,night_real,night_real,0.0,0
c3e986e8-99f2d744.jpg,101.32614242126918,0.023878038194444444,6.313453672418129,0.28270333044257095,0.8458601236343384,7,0.15413987636566162,night_real,night_real,0.0,0
c3f50821-f74d05ed.jpg,236.85380244332669,0.09176540798611112,6.051656934422747,0.4022780289988585,0.8611190319061279,3,0.13888096809387207,night_real,night_real,0.0,0
c3fcfa68-43c4f28f.jpg,151.54071020606602,0.0981174045138889,6.554953650462389,0.34801533610816693,0.8305401802062988,6,0.16945981979370117,night_real,night_real,0.0,0
c43077c9-470f06f9.jpg,75.32311196691722,0.029324001736111112,5.623744106410269,0.18393470319125488,0.5976507663726807,1,0.40234923362731934,night_real,night_real,0.0,0
c43fb080-64852108.jpg,94.39392794308137,0.0056890190972222225,6.74168774172665,0.2905702007477987,0.8116979002952576,3,0.18830209970474243,night_real,night_real,0.0,0
c4742900-1afc30eb.jpg,102.78899076182049,0.07530056423611112,6.344465347058092,0.266970500402207,0.8893539309501648,7,0.1106460690498352,night_real,night_real,0.0,0
c4742900-2311398c.jpg,20.476443096203273,0.3076942274305556,5.120109125572762,0.1365083429047734,0.8194110989570618,8,0.18058890104293823,night_real,night_real,0.0,0
c4756fa2-027007f8.jpg,64.41419666092366,0.15805013020833333,5.7792772896137246,0.20129107970470422,0.7621074318885803,3,0.23789256811141968,night_real,night_real,0.0,0
c49fdce8-68545005.jpg,96.98885821495051,0.013800998263888888,5.748287529087099,0.23784272903132017,0.5374577045440674,1,0.4625422954559326,night_real,night_real,0.0,0
c4e2eba0-f32cc5b6.jpg,81.51549026300879,0.12750434027777777,5.615619338844948,0.24628644548949213,0.2908075451850891,1,0.7091924548149109,night_real,night_real,0.0,0
c4e5de4b-35f6a1b1.jpg,77.11446180555555,0.01744357638888889,5.890817238346266,0.23466051420416645,0.8331002593040466,2,0.16689974069595337,night_real,night_real,0.0,0
c4f723f1-a0aab25c.jpg,55.928167165966954,0.06041775173611111,6.294907781457158,0.15729187759998103,0.7916929125785828,2,0.20830708742141724,night_real,night_real,0.0,0
c50c20fc-9b816732.jpg,45.02470159086887,0.012759331597222222,5.567378269500604,0.15843100078440606,0.8416200280189514,10,0.15837997198104858,night_real,night_real,0.0,0
c517c182-52118b0a.jpg,66.67291665875001,0.21477647569444444,5.757877060468103,0.1977662628806361,0.5978599190711975,7,0.4021400809288025,night_real,night_real,0.0,0
c536d061-694537c9.jpg,184.88257253075952,0.18118923611111112,6.2749811547942205,0.41934461658069855,0.8178679347038269,7,0.1821320652961731,night_real,night_real,0.0,0
c540a708-e1a4ff73.jpg,156.44105061837183,0.03608940972222222,6.466993509859127,0.37390193323847754,0.7957502603530884,12,0.20424973964691162,night_real,night_real,0.0,0
c540d300-d60d1a91.jpg,6.299169916900592,0.487626953125,4.804693199277992,0.10803231207685395,0.7599740624427795,4,0.24002593755722046,night_real,night_real,0.0,0
c57906c2-4fd67f12.jpg,48.4339352022795,0.13842013888888888,5.2600978095264415,0.22959933799327092,0.6137776970863342,3,0.38622230291366577,night_real,night_real,0.0,0
c57a8745-d78279a8.jpg,119.7917017147759,0.0037586805555555555,6.472982426579774,0.3413422231928522,0.8495563864707947,6,0.15044361352920532,night_real,night_real,0.0,0
c58d52cb-63d66bf4.jpg,73.58807182497445,0.31595160590277777,5.416180587933724,0.23181452738328687,0.8089061975479126,8,0.1910938024520874,night_real,night_real,0.0,0
c5b76b45-6a9e676b.jpg,22.786714409044066,0.22486219618055556,5.905829571686044,0.16666915604442936,0.6488162875175476,4,0.3511837124824524,night_real,night_real,0.0,0
c5e29bbb-d09c83c8.jpg,36.49395159289985,0.050171440972222224,5.999545169601612,0.1547914521288131,0.8564479351043701,5,0.14355206489562988,night_real,night_real,0.0,0
c5eebbf5-1450247a.jpg,14.619949001216886,0.4687152777777778,4.46870754749186,0.09324806842927555,0.7347065806388855,7,0.2652934193611145,night_real,night_real,0.0,0
c61e0f0d-188e2618.jpg,98.47042188924037,0.06850694444444444,6.609831383077234,0.29852972155983315,0.6545672416687012,9,0.34543275833129883,night_real,night_real,0.0,0
c620ac7c-124d4be5.jpg,62.873114044184774,0.0014333767361111112,6.936997569965446,0.2558007647327062,0.23571141064167023,0,0.7642885893583298,night_real,night_real,0.0,0
c6549c4a-9fe4c6f6.jpg,79.19686184624565,0.01713107638888889,5.679461204471852,0.23579553982317986,0.31236428022384644,2,0.6876357197761536,night_real,night_real,0.0,0
c682e776-d20a6f25.jpg,109.70856770079814,0.145703125,6.066858245912912,0.28642073284098435,0.4727904796600342,3,0.5272095203399658,night_real,night_real,0.0,0
c69e5864-1e46bd03.jpg,45.91988929251092,0.20987630208333333,6.050559931855916,0.18827083796681995,0.6617795825004578,2,0.33822041749954224,night_real,night_real,0.0,0
c6d6c72d-e3bb94af.jpg,102.03416979443465,0.006027560763888889,7.168973697679371,0.3641820527971148,0.4255014657974243,4,0.5744985342025757,night_real,night_real,0.0,0
c721de81-300f3026.jpg,77.20072044360786,0.14818033854166668,5.98223665757502,0.23747576928445904,0.8363108038902283,10,0.16368919610977173,night_real,night_real,0.0,0
c72762cc-135927f8.jpg,60.294891444057924,0.11822374131944445,5.731648058001192,0.22079002764337502,0.3401421904563904,1,0.6598578095436096,night_real,night_real,0.0,0
c7292daf-0761f9c4.jpg,61.99901025548393,0.04690212673611111,6.211515000110381,0.2348647095471779,0.5117918848991394,6,0.4882081151008606,night_real,night_real,0.0,0
c732f6d7-2a52f70b.jpg,47.190229537280985,0.06835069444444444,5.7468754589105995,0.17270965038869748,0.7466897368431091,3,0.25331026315689087,night_real,night_real,0.0,0
c7429cad-6e71e583.jpg,315.9752065970797,0.013080512152777777,5.8515461816802254,0.5250984546461795,0.9064235091209412,6,0.09357649087905884,night_real,night_real,0.0,0
c748c1a1-55dcbfcd.jpg,62.30128024743636,0.2993478732638889,5.867566759918524,0.27660023440451453,0.8674088716506958,11,0.1325911283493042,night_real,night_real,0.0,0
c79687a5-923d4388.jpg,153.70006290388704,0.0044867621527777775,7.00509403532057,0.3946053377656361,0.8634254336357117,3,0.13657456636428833,night_real,night_real,0.0,0
c7999be0-41ec7870.jpg,126.30253250016106,0.12641493055555555,5.7535866104421185,0.3135038190714824,0.8638043403625488,9,0.13619565963745117,night_real,night_real,0.0,0
c79be479-f3c6c42d.jpg,211.63716702774892,0.005587022569444444,6.456896646904361,0.44428991187895533,0.6473339796066284,7,0.3526660203933716,night_real,night_real,0.0,0
c7b41787-a0d67db5.jpg,45.66602743486826,0.07409396701388889,5.775667964690179,0.22636635888351792,0.428619921207428,4,0.571380078792572,night_real,night_real,0.0,0
c7c03bf5-bed03c03.jpg,29.98638345691894,0.383271484375,5.006911954697185,0.14211039775000023,0.8946483135223389,9,0.10535168647766113,night_real,night_real,0.0,0
c7c042ec-4986a853.jpg,37.91551649056425,0.11145724826388889,5.518304847719612,0.15694631625026936,0.4116500914096832,1,0.5883499085903168,night_real,night_real,0.0,0
c7d1b792-8a24c40e.jpg,160.06503758272598,0.01913302951388889,6.870093205675307,0.523639266074604,0.9264874458312988,4,0.07351255416870117,night_real,night_real,0.0,0
c7eab2ff-65610875.jpg,51.448707680312495,0.2537131076388889,5.415031244846937,0.1549740214321522,0.4322740435600281,4,0.5677259564399719,night_real,night_real,0.0,0
c82e10a6-7be21ed9.jpg,53.806316189206676,0.26416883680555553,4.974721588185709,0.168948085340848,0.7807000279426575,2,0.21929997205734253,night_real,night_real,0.0,0
c838d26c-769b5f1b.jpg,166.34020989988346,0.02081814236111111,6.326764852737126,0.360649951412315,0.7515929937362671,3,0.2484070062637329,night_real,night_real,0.0,0
c86f5924-26a09613.jpg,109.69139102579756,0.04764322916666667,6.225229386595396,0.30671415318445994,0.5977500677108765,2,0.40224993228912354,night_real,night_real,0.0,0
c889c950-9f421d51.jpg,19.69633672349719,0.1740017361111111,5.433893783246776,0.13349503882958677,0.9034147262573242,3,0.09658527374267578,night_real,night_real,0.0,0
c88f9916-2a874e4d.jpg,31.169557287140844,0.34307834201388887,4.8753438494579875,0.14349173257875542,0.27192002534866333,1,0.7280799746513367,night_real,night_real,0.0,0
c8af3e03-11a30ece.jpg,101.67666608975262,0.010151909722222222,6.616530365653035,0.2916758604813623,0.6066552400588989,4,0.3933447599411011,night_real,night_real,0.0,0
c95979e7-efb74491.jpg,152.72432261058557,0.18509114583333333,6.34101849566588,0.3579082248669083,0.8746300339698792,5,0.12536996603012085,night_real,night_real,0.0,0
c95f8af6-f4a9099f.jpg,106.68328340640602,0.18081922743055556,5.595231942528856,0.2651475390790904,0.5265474915504456,4,0.47345250844955444,night_real,night_real,0.0,0
c962fce0-dcea4e6a.jpg,68.78398436414933,0.001960720486111111,6.399297001926639,0.20633472744133902,0.6806380152702332,6,0.31936198472976685,night_real,night_real,0.0,0
ca049e30-1b2337e2.jpg,59.02920019856088,0.18946831597222222,5.5810284067488665,0.19057458029823104,0.8209938406944275,4,0.1790061593055725,night_real,night_real,0.0,0
ca049e30-5d1864a5.jpg,42.46302602970336,0.33766167534722225,5.002756200821969,0.1644129910002974,0.8426922559738159,8,0.15730774402618408,night_real,night_real,0.0,0
ca098890-0947e76a.jpg,316.96910740710615,0.0144921875,6.62408932594313,0.618316018977391,0.8907393217086792,6,0.1092606782913208,night_real,night_real,0.0,0
ca3bbb0a-115a055f.jpg,66.63921096519067,0.005150824652777778,6.242875479527556,0.24717925946417535,0.4065651297569275,5,0.5934348702430725,night_real,night_real,0.0,0
ca40ddd3-102f3b02.jpg,70.59836262822917,0.042194010416666664,5.728757074519233,0.2283008650428392,0.8108459711074829,9,0.1891540288925171,night_real,night_real,0.0,0
ca6170df-c1a75664.jpg,43.47734242545115,0.11580403645833333,5.432145203291134,0.158576236713995,0.8217422366142273,5,0.1782577633857727,night_real,night_real,0.0,0
